_application PolyhedralFan
_version 2.2
_type PolyhedralFan

AMBIENT_DIM
10

LINEALITY_DIM
0

RAYS
3 -6 -6 3 3 2 0 -6 3 3	# 0
3 -6 -6 3 3 2 0 -6 2 3	# 1
3 0 0 3 3 2 0 0 3 3	# 2
3 0 0 3 3 2 0 0 2 3	# 3
1 -2 -2 1 1 0 1 -2 1 1	# 4
1 -2 -2 1 1 0 1 -2 0 1	# 5
3 -6 -6 3 3 3 0 -6 2 3	# 6
3 0 0 3 3 3 0 0 2 3	# 7
1 -2 -2 1 1 1 1 -2 0 1	# 8
1 0 0 1 1 1 0 0 1 1	# 9
1 -2 -2 1 1 1 0 -2 1 1	# 10
1 -2 -2 1 1 0 0 -2 0 1	# 11
3 0 0 3 3 3 0 0 3 2	# 12
3 -6 -6 3 3 3 0 -6 3 2	# 13
4 -8 -8 4 4 1 -2 -8 4 0	# 14
1 -2 -2 1 1 0 0 -2 1 0	# 15
4 -8 -8 4 4 0 -2 -8 4 1	# 16
-2 -2 -2 1 -2 -2 1 -2 1 0	# 17
-2 1 0 4 0 1 4 -2 1 0	# 18
0 3 2 3 2 3 3 0 0 0	# 19
3 3 2 0 0 0 3 0 3 3	# 20
3 3 0 0 0 2 3 3 3 0	# 21
4 4 0 -2 -2 0 4 1 4 1	# 22
3 0 0 3 3 2 0 0 3 2	# 23
-2 1 0 4 0 1 4 -2 1 1	# 24
-2 -2 -2 1 -2 -2 1 -2 1 1	# 25
-2 1 0 4 0 1 4 -2 0 1	# 26
-2 -2 -2 1 -2 -2 1 -2 0 1	# 27
1 -2 -2 0 1 0 0 -2 1 1	# 28
3 0 0 2 3 2 0 0 3 3	# 29
3 -6 -6 2 3 2 0 -6 3 3	# 30
3 0 0 2 3 3 0 0 3 3	# 31
3 -6 -6 2 3 3 0 -6 3 3	# 32
0 3 2 3 2 3 3 0 3 3	# 33
0 0 0 1 0 0 1 0 1 1	# 34
2 -6 -6 3 2 2 0 -6 3 3	# 35
1 -2 -2 1 1 1 1 -2 1 0	# 36
6 -2 -2 9 6 6 0 -2 9 9	# 37
0 3 2 0 2 3 0 0 3 3	# 38
-2 1 0 1 0 1 1 -2 4 4	# 39
0 1 0 1 0 1 1 0 1 1	# 40
1 -2 -2 0 1 0 1 -2 1 1	# 41
1 -2 -2 0 1 1 1 -2 1 1	# 42
0 -1 -1 0 0 0 0 -1 0 0	# 43
0 -2 -2 1 0 0 1 -2 1 1	# 44
0 -2 -2 3 0 0 3 -2 3 3	# 45
1 -2 -2 4 1 0 4 -2 4 4	# 46
-2 1 0 -2 0 1 -2 0 1 1	# 47
-2 1 0 -2 0 1 -2 1 1 1	# 48
0 -1 -1 -1 0 0 0 -1 -1 -1	# 49
1 -2 -2 -2 1 0 1 -2 -2 -2	# 50
1 -2 -2 -2 1 1 1 -2 -2 -2	# 51
-2 1 0 1 1 1 1 -2 4 4	# 52
0 3 2 3 3 3 3 0 3 3	# 53
0 3 2 0 3 3 0 0 3 3	# 54
-2 1 0 0 0 1 1 -2 4 4	# 55
0 4 0 1 0 4 4 0 1 -2	# 56
1 4 0 0 0 -2 4 1 0 4	# 57
0 3 0 2 2 0 3 3 0 3	# 58
-2 -2 -2 0 -2 -2 1 -2 1 1	# 59
-2 1 0 1 0 1 0 -2 4 4	# 60
0 4 0 1 0 4 -2 0 1 4	# 61
1 1 0 1 -2 -2 -2 -2 -2 -2	# 62
-2 1 0 4 1 1 4 -2 1 1	# 63
0 3 2 3 3 3 3 0 0 0	# 64
-2 -2 -2 1 -2 -2 0 -2 1 1	# 65
1 1 0 0 0 1 0 0 1 1	# 66
3 3 0 3 -2 0 -2 0 -2 0	# 67
9 9 0 9 -2 6 -2 6 -2 6	# 68
1 1 0 1 0 1 0 1 0 1	# 69
3 3 0 3 0 3 0 3 0 2	# 70
3 3 0 3 0 2 0 3 0 3	# 71
3 3 2 0 0 0 3 0 2 3	# 72
1 4 0 0 0 4 -2 0 1 4	# 73
4 -8 -8 3 4 3 0 -8 3 2	# 74
1 1 0 -2 4 4 1 -2 0 1	# 75
0 3 2 0 3 3 0 0 2 3	# 76
0 1 0 -2 4 4 1 -2 0 1	# 77
3 -6 -6 2 3 3 0 -6 2 2	# 78
-1 -1 -1 -1 -1 -1 -1 -1 -1 -1	# 79
1 -8 -8 1 1 -2 -2 -8 1 -2	# 80
0 -2 -2 -2 1 1 1 -2 -2 -2	# 81
0 1 0 1 0 1 1 -2 -2 -2	# 82
1 -8 -8 4 1 -2 1 -8 4 1	# 83
1 1 0 1 0 1 1 -2 -2 -2	# 84
1 4 -2 0 0 0 4 4 0 1	# 85
3 -8 -8 4 3 2 0 -8 4 3	# 86
3 3 0 0 0 2 3 3 2 0	# 87
0 1 0 1 1 0 1 -2 -2 -2	# 88
-2 1 -2 1 1 -2 1 -8 -8 -8	# 89
-2 4 0 4 4 1 4 -8 -8 -8	# 90
4 -8 -8 1 4 1 1 -8 1 -2	# 91
2 3 0 0 0 3 3 3 2 0	# 92
0 4 0 1 0 4 4 1 0 -2	# 93
2 3 0 0 0 3 3 2 3 0	# 94
0 1 0 4 4 4 0 -2 0 1	# 95
0 3 2 3 3 3 2 0 0 0	# 96
0 1 0 4 4 4 0 -2 1 0	# 97
2 3 0 3 0 3 3 2 3 3	# 98
3 3 0 3 0 3 3 2 3 3	# 99
3 3 0 0 0 3 3 2 3 0	# 100
2 3 0 3 0 3 3 3 3 3	# 101
2 3 0 0 0 3 3 3 3 0	# 102
1 1 0 1 0 1 1 1 1 1	# 103
1 1 0 0 0 1 1 1 1 0	# 104
2 0 0 3 3 3 0 0 3 2	# 105
2 0 0 3 3 3 0 0 2 3	# 106
3 3 0 3 0 3 0 2 0 3	# 107
4 4 0 -2 -2 1 4 0 4 1	# 108
3 3 0 2 0 3 0 2 0 3	# 109
1 1 0 1 1 1 0 -2 -2 -2	# 110
0 1 0 1 1 1 0 -2 -2 -2	# 111
2 3 0 3 0 3 0 3 0 3	# 112
2 3 0 3 0 3 0 2 0 3	# 113
5 5 2 0 0 2 5 2 5 2	# 114
1 4 -2 1 0 0 4 4 0 0	# 115
0 3 0 3 2 0 3 3 0 2	# 116
2 0 0 3 3 3 0 0 3 3	# 117
0 1 0 1 4 4 -2 -2 4 4	# 118
1 4 0 -2 0 -2 0 1 4 1	# 119
3 3 2 0 0 0 2 0 3 3	# 120
-2 1 -2 -2 0 -2 -2 1 1 -2	# 121
0 3 2 3 3 2 3 0 0 0	# 122
1 4 -2 4 1 0 0 4 -2 4	# 123
0 3 0 3 3 0 2 3 0 3	# 124
3 3 0 2 0 3 0 3 0 3	# 125
3 3 0 2 0 2 0 3 0 3	# 126
4 4 0 0 -2 0 0 1 1 4	# 127
0 4 0 4 0 4 1 1 -2 0	# 128
4 4 0 0 -2 0 1 1 0 4	# 129
1 4 0 4 0 -2 1 1 -2 0	# 130
2 3 0 3 0 3 0 3 0 2	# 131
0 4 0 4 0 4 1 0 -2 1	# 132
0 3 0 3 2 0 3 3 0 3	# 133
1 4 -2 4 0 0 1 4 -2 4	# 134
0 4 0 -2 0 4 1 0 4 1	# 135
1 4 0 -2 0 4 0 0 4 1	# 136
0 3 0 3 3 0 3 2 0 3	# 137
4 4 0 1 -2 0 1 1 0 -2	# 138
4 1 0 0 1 0 0 -2 4 4	# 139
0 5 2 5 5 2 5 2 0 2	# 140
1 1 -2 1 -2 0 4 1 4 1	# 141
3 3 0 3 0 2 3 3 3 3	# 142
3 3 0 0 0 3 2 2 3 0	# 143
1 1 0 1 1 1 1 -2 -2 -2	# 144
3 3 0 0 0 3 2 3 3 0	# 145
4 1 0 1 4 4 4 -2 -2 -2	# 146
1 0 0 0 1 1 1 0 0 0	# 147
1 1 -2 4 -2 0 1 1 1 4	# 148
0 3 0 3 3 0 2 2 0 3	# 149
0 1 0 1 1 0 1 1 0 1	# 150
0 3 0 2 3 0 3 3 0 3	# 151
0 3 0 2 3 0 3 2 0 3	# 152
1 1 0 1 -2 -2 0 -2 1 1	# 153
1 1 0 0 -2 -2 0 -2 1 1	# 154
1 1 0 0 1 1 1 0 0 1	# 155
1 1 -2 1 -2 1 4 0 4 1	# 156
1 1 0 1 -2 -2 1 -2 0 1	# 157
0 1 -2 1 -2 1 4 0 4 1	# 158
0 1 -2 0 -2 1 4 0 4 1	# 159
5 2 0 5 2 5 0 2 2 5	# 160
0 1 -2 1 -2 1 4 1 4 1	# 161
0 1 -2 1 -2 1 4 0 4 0	# 162
1 1 0 0 -2 -2 1 -2 1 0	# 163
1 1 0 1 -2 -2 1 -2 1 1	# 164
1 1 0 4 -2 -2 4 -2 4 4	# 165
1 1 -2 4 -2 1 1 0 1 4	# 166
0 1 -2 4 -2 1 0 0 1 4	# 167
0 1 -2 4 -2 1 1 0 1 4	# 168
0 1 -2 4 -2 1 1 1 1 4	# 169
0 1 -2 4 -2 1 1 0 0 4	# 170
3 3 2 0 0 0 3 0 3 2	# 171
3 3 0 3 3 3 3 2 0 3	# 172
4 4 0 0 -2 1 1 0 0 4	# 173
1 1 0 1 1 1 1 1 0 1	# 174
4 4 0 0 -2 1 0 0 1 4	# 175
3 3 0 2 3 3 3 2 0 3	# 176
3 3 0 2 3 3 3 3 0 3	# 177
1 1 -2 1 -8 -8 4 -8 4 1	# 178
1 1 -2 -2 -8 -8 1 -8 1 -2	# 179
4 4 0 1 -2 1 0 0 1 -2	# 180
1 4 0 -2 1 -2 1 1 4 1	# 181
-2 1 -2 -2 1 -2 -2 1 1 -2	# 182
3 3 2 0 3 3 3 0 2 3	# 183
1 4 0 -2 1 -2 0 1 4 1	# 184
1 1 0 0 1 0 0 1 1 1	# 185
4 4 0 -2 -8 -8 4 -8 4 1	# 186
1 1 0 0 -2 -2 1 -2 0 1	# 187
1 1 0 0 0 0 1 0 1 0	# 188
1 4 -2 1 1 0 -2 4 1 1	# 189
3 3 0 3 3 2 0 3 3 3	# 190
4 1 0 4 1 0 -2 -2 0 1	# 191
3 3 0 0 0 2 3 2 3 0	# 192
-2 0 0 -2 1 1 -2 0 1 1	# 193
-8 1 0 -8 4 4 -8 -2 4 4	# 194
-6 3 2 -6 3 3 -6 0 3 3	# 195
-8 -2 -2 -8 1 1 -8 -2 1 1	# 196
-1 0 0 -1 0 0 -1 0 0 0	# 197
1 1 -2 1 4 0 -2 1 4 1	# 198
0 1 0 0 1 0 0 1 1 0	# 199
1 4 -2 0 0 0 -2 4 1 1	# 200
3 0 0 2 2 3 0 0 3 3	# 201
1 1 0 0 4 4 -2 -2 4 4	# 202
1 1 0 -2 4 4 1 -2 1 1	# 203
3 3 2 0 3 3 3 0 3 3	# 204
1 4 -2 0 1 0 -2 4 0 1	# 205
-2 1 -2 -2 1 -2 -2 1 0 -2	# 206
3 0 0 3 2 3 0 0 3 3	# 207
4 1 0 -2 1 1 4 -2 1 1	# 208
-6 3 2 -6 2 3 -6 0 3 3	# 209
1 4 -2 0 1 0 -2 4 1 1	# 210
3 3 0 2 3 2 0 3 3 3	# 211
-2 1 0 -2 1 1 -2 1 1 1	# 212
-2 4 0 -2 4 1 -2 4 4 1	# 213
-2 1 0 -2 1 0 -2 1 1 0	# 214
-2 3 0 -2 3 0 -2 3 3 0	# 215
1 4 -2 0 1 1 -2 4 1 1	# 216
3 3 0 2 3 3 0 3 3 3	# 217
-1 0 -1 -1 0 -1 -1 0 0 -1	# 218
1 1 -2 -2 1 0 1 1 1 -2	# 219
1 -2 -2 -2 1 1 0 -2 -2 -2	# 220
1 1 0 -2 4 4 0 -2 0 1	# 221
1 4 -2 -2 4 0 1 4 4 -2	# 222
1 1 -2 0 4 1 -2 1 4 1	# 223
1 1 -2 0 4 0 -2 1 4 1	# 224
4 1 0 -2 1 1 4 -2 0 1	# 225
3 3 -6 -6 0 2 3 3 3 -6	# 226
1 1 -2 -2 0 1 1 1 1 -2	# 227
1 -2 -2 -2 0 1 1 -2 -2 -2	# 228
4 1 0 -2 0 1 4 -2 0 1	# 229
0 1 -2 -2 1 0 0 1 1 -2	# 230
0 3 -2 -2 3 0 0 3 3 -2	# 231
4 1 0 -2 1 0 4 -2 0 1	# 232
2 3 -6 -6 0 2 2 3 3 -6	# 233
6 9 -2 -2 0 6 6 9 9 -2	# 234
0 0 -1 -1 0 0 0 0 0 -1	# 235
-2 1 0 -2 1 1 -2 1 0 1	# 236
1 1 -2 -2 1 0 1 1 0 -2	# 237
1 1 -2 -2 0 0 1 1 0 -2	# 238
1 1 -2 -2 1 1 1 1 0 -2	# 239
3 3 0 0 0 3 3 3 2 0	# 240
3 0 0 3 2 3 0 0 3 2	# 241
4 1 0 4 0 1 -2 -2 1 0	# 242
4 1 0 0 0 1 0 -2 4 4	# 243
3 3 -6 -6 0 2 3 3 2 -6	# 244
3 3 -6 -6 0 3 3 3 2 -6	# 245
4 1 -2 4 0 4 -2 0 1 4	# 246
1 4 0 0 1 4 -2 0 0 4	# 247
-8 1 -2 -8 4 1 -8 1 4 1	# 248
4 1 -2 4 1 4 -2 0 0 4	# 249
-2 1 0 -2 1 1 -2 0 0 1	# 250
1 1 -2 1 4 1 4 -8 -8 -8	# 251
9 6 -2 -2 0 9 9 6 6 -2	# 252
-2 1 -2 1 0 -2 0 1 0 1	# 253
0 1 0 1 0 0 0 1 0 1	# 254
-2 1 -2 1 -2 -2 -2 1 -2 1	# 255
-8 1 -8 1 -2 -8 -2 1 -2 1	# 256
0 3 0 3 2 0 2 3 0 3	# 257
-6 3 2 -6 3 3 -6 0 2 3	# 258
0 -2 -2 1 1 1 1 -2 1 1	# 259
0 -2 -2 1 1 1 1 -2 1 0	# 260
0 -2 -2 4 1 1 4 -2 4 4	# 261
0 -2 -2 0 1 1 0 -2 1 1	# 262
0 0 0 0 1 1 0 0 1 1	# 263
0 4 -2 -2 4 1 1 4 4 -2	# 264
0 -2 -2 1 1 1 1 -2 0 1	# 265
2 -6 -6 3 3 3 0 -6 2 3	# 266
2 -6 -6 3 3 3 0 -6 3 3	# 267
1 4 0 0 1 -2 4 0 0 4	# 268
0 1 0 1 1 1 0 1 1 0	# 269
2 -6 -6 3 3 3 0 -6 3 2	# 270
0 1 -2 1 4 1 -2 1 4 0	# 271
0 1 -2 1 4 1 -2 1 4 1	# 272
2 3 0 3 3 3 0 3 3 2	# 273
2 3 0 3 3 3 0 3 3 3	# 274
1 1 -2 1 4 1 -2 1 4 0	# 275
3 3 0 3 3 3 0 3 3 2	# 276
0 1 -2 -2 1 1 1 1 1 -2	# 277
0 1 -2 -2 1 1 1 1 0 -2	# 278
2 -8 -8 3 3 3 0 -8 4 4	# 279
-2 -2 -5 -5 1 -2 -2 -2 -2 -5	# 280
0 4 -2 1 1 1 -2 4 1 0	# 281
0 4 -2 1 0 1 -2 4 1 0	# 282
4 -2 -2 0 4 4 4 -2 1 1	# 283
1 -2 -2 0 1 1 1 -2 0 0	# 284
3 -2 -2 0 3 3 3 -2 0 0	# 285
0 4 -2 1 1 1 -2 4 1 1	# 286
4 1 -2 -2 4 4 4 1 0 -2	# 287
1 0 -2 -2 1 1 1 0 0 -2	# 288
3 0 -2 -2 3 3 3 0 0 -2	# 289
0 4 -2 1 1 1 -2 4 0 0	# 290
1 4 -2 1 1 1 -2 4 1 0	# 291
9 -2 -2 6 9 9 0 -2 6 6	# 292
-2 4 -2 1 4 -2 0 4 4 1	# 293
2 0 0 2 3 3 0 0 3 3	# 294
3 0 -2 -2 0 3 3 0 0 -2	# 295
1 0 -2 -2 0 1 1 0 0 -2	# 296
3 2 -6 -6 0 3 3 2 2 -6	# 297
-8 4 -8 1 1 -8 -2 4 1 1	# 298
3 -8 -8 2 4 4 0 -8 3 3	# 299
-2 1 -2 1 1 -2 0 1 1 1	# 300
-8 4 -8 4 1 -8 0 4 -2 4	# 301
4 -2 -2 1 4 4 4 -2 0 1	# 302
2 3 -6 -6 0 3 3 3 2 -6	# 303
2 3 -6 -6 0 3 3 3 3 -6	# 304
0 1 -2 -2 0 1 1 1 0 -2	# 305
4 -2 -2 1 4 4 4 -2 1 0	# 306
1 4 0 4 1 -2 0 0 -2 1	# 307
0 3 -2 -2 0 0 0 3 3 -2	# 308
0 1 -2 -2 0 0 0 1 1 -2	# 309
-2 1 -2 0 1 -2 1 1 1 1	# 310
-2 1 -2 0 0 -2 1 1 1 1	# 311
-2 6 -2 9 6 -2 9 6 0 9	# 312
-2 1 -2 0 0 -2 1 1 0 1	# 313
-2 1 0 -2 1 0 -2 0 1 0	# 314
-6 3 2 -6 3 2 -6 0 3 2	# 315
-2 1 -2 -2 1 -2 -2 0 1 -2	# 316
-2 3 0 -2 3 0 -2 0 3 0	# 317
-2 9 6 -2 9 6 -2 0 9 6	# 318
1 1 -2 0 4 1 4 1 -2 1	# 319
1 -2 -2 0 1 1 0 -2 0 0	# 320
0 4 -2 0 0 1 4 4 0 1	# 321
3 -2 -2 0 3 3 0 -2 0 0	# 322
0 4 -2 4 1 1 0 4 -2 4	# 323
-2 4 -2 0 4 -2 1 4 4 1	# 324
-2 -5 -5 -2 -2 -2 1 -5 -2 -2	# 325
1 -8 -8 0 4 4 -2 -8 4 4	# 326
-2 -8 -8 -2 1 1 -2 -8 1 1	# 327
0 4 0 4 1 4 0 1 -2 0	# 328
1 -8 -8 -2 4 4 1 -8 1 1	# 329
0 -2 -2 1 0 0 0 -2 1 1	# 330
0 -2 -2 3 0 0 0 -2 3 3	# 331
-2 1 -2 1 1 -2 1 1 1 0	# 332
0 3 0 3 3 0 3 3 0 2	# 333
-1 -1 -1 0 -1 -1 0 -1 0 0	# 334
-2 4 -2 1 4 -2 1 4 4 0	# 335
-2 1 -2 1 0 -2 1 1 1 0	# 336
-2 1 -2 1 0 -2 1 1 0 0	# 337
0 -8 -8 1 4 4 -2 -8 4 4	# 338
0 -2 -2 1 1 1 0 -2 1 0	# 339
4 1 -2 1 0 4 0 0 4 0	# 340
4 1 -2 0 0 4 1 0 -2 1	# 341
0 -2 -2 1 1 1 0 -2 0 1	# 342
-2 3 -2 0 3 -2 0 3 3 0	# 343
4 1 -2 0 0 4 0 0 4 1	# 344
-2 -8 -8 1 1 1 1 -8 4 4	# 345
-2 -2 -2 -2 1 1 -2 -2 1 1	# 346
-2 1 -2 0 1 -2 0 1 1 0	# 347
-6 3 -6 2 3 -6 2 3 0 2	# 348
-2 1 -2 0 1 -2 0 1 0 0	# 349
-2 9 -2 6 9 -2 6 9 0 6	# 350
-2 3 -2 0 3 -2 0 3 0 0	# 351
-6 3 -6 3 3 -6 3 3 0 2	# 352
-2 1 -2 1 1 -2 1 1 0 1	# 353
-1 0 -1 0 0 -1 0 0 0 0	# 354
-6 3 -6 3 2 -6 3 3 0 2	# 355
-6 3 -6 3 2 -6 3 3 0 3	# 356
-2 1 -2 1 0 -2 1 1 1 1	# 357
-2 0 -2 1 0 -2 1 0 1 1	# 358
-6 2 -6 3 2 -6 3 2 0 3	# 359
-2 0 -2 1 0 -2 1 0 0 1	# 360
-5 -2 -5 -2 -2 -5 -2 -2 1 -2	# 361
-2 4 0 4 4 1 4 1 -2 0	# 362
-2 1 -2 4 0 -2 4 1 4 4	# 363
-2 0 -2 3 0 -2 3 0 3 3	# 364
-2 0 -2 3 0 -2 3 0 0 3	# 365
-6 3 -6 3 3 -6 2 3 0 3	# 366
-8 4 -8 4 0 -8 1 4 -2 4	# 367
-8 4 -8 3 3 -8 2 4 0 3	# 368
-8 1 -8 4 -2 -8 1 1 1 4	# 369
-8 3 -8 4 2 -8 3 3 0 4	# 370
-6 3 -6 2 2 -6 3 3 0 3	# 371
-6 3 -6 2 3 -6 3 3 0 3	# 372
4 4 -2 0 -2 4 0 4 1 1	# 373
4 4 -2 0 -2 4 1 4 0 1	# 374
1 1 -2 -2 1 1 0 1 1 -2	# 375
1 4 -2 -2 4 1 0 4 4 -2	# 376
3 3 -6 -6 0 3 2 3 3 -6	# 377
1 1 -2 -2 -2 1 -2 1 -2 -2	# 378
1 1 -8 -8 -2 1 -2 1 -2 -8	# 379
1 1 -2 -2 0 1 0 1 0 -2	# 380
1 1 0 0 0 1 0 1 0 0	# 381
4 4 -2 1 -2 4 0 4 1 0	# 382
4 1 -8 -8 1 4 1 1 -2 -8	# 383
1 1 -2 0 4 1 4 0 -2 1	# 384
1 1 -2 0 4 0 4 0 -2 1	# 385
1 1 -2 1 4 1 4 0 -2 1	# 386
4 3 -8 -8 0 4 3 3 2 -8	# 387
4 4 -2 1 -2 4 1 4 0 0	# 388
4 1 -2 1 1 4 1 0 -2 1	# 389
4 4 -8 -8 -2 4 0 4 1 -8	# 390
4 4 -8 -8 -2 4 1 4 0 -8	# 391
0 4 -2 1 0 1 4 4 0 0	# 392
3 4 -8 -8 0 3 2 4 3 -8	# 393
1 4 -8 -8 1 1 -2 4 1 -8	# 394
4 1 -2 0 1 4 1 0 -2 1	# 395
4 1 -2 0 1 4 1 1 -2 1	# 396
4 1 -2 0 1 4 0 0 -2 1	# 397
-2 1 -2 1 1 -2 1 0 0 0	# 398
-2 1 -2 1 1 -2 1 -2 -2 -2	# 399
0 1 0 1 1 0 1 0 0 0	# 400
0 3 0 3 3 0 3 2 0 2	# 401
0 4 -2 4 0 1 1 4 -2 4	# 402
3 3 0 0 0 3 2 3 2 0	# 403
-8 1 -8 1 1 -8 1 -2 -2 -2	# 404
1 1 -2 4 4 0 0 0 0 4	# 405
-6 3 -6 3 3 -6 3 2 0 3	# 406
-6 3 -6 3 3 -6 2 2 0 3	# 407
-2 1 -2 1 1 -2 1 0 1 1	# 408
-2 1 -2 1 1 -2 0 0 1 1	# 409
-2 1 -2 1 1 -2 0 0 0 1	# 410
-2 0 -2 -2 1 -2 -2 1 1 -2	# 411
-2 0 -2 1 1 -2 1 1 1 0	# 412
-2 0 -2 1 1 -2 1 1 0 0	# 413
-8 4 -8 4 4 -8 4 0 -2 1	# 414
-8 4 -8 4 4 -8 4 1 -2 0	# 415
-6 3 -6 2 3 -6 3 2 0 3	# 416
-2 1 -2 0 1 -2 1 0 1 1	# 417
0 2 0 3 3 0 3 3 0 2	# 418
-2 0 -2 1 1 -2 1 1 1 1	# 419
-2 1 -2 0 1 -2 1 0 0 1	# 420
0 2 0 3 3 0 3 3 0 3	# 421
-8 4 -8 3 4 -8 3 3 0 2	# 422
-2 0 -2 4 1 -2 4 1 4 4	# 423
-8 4 -8 1 4 -8 1 1 1 -2	# 424
-2 0 -2 0 1 -2 1 1 0 1	# 425
-8 0 -8 1 4 -8 4 4 -2 4	# 426
1 1 -2 -2 -2 -2 1 -2 1 -2	# 427
0 2 0 2 3 0 3 3 0 3	# 428
-8 -2 -8 1 1 -8 4 1 1 4	# 429
-8 -2 -8 -2 1 -8 1 1 -2 1	# 430
3 -6 -6 3 2 3 0 -6 3 3	# 431
3 -6 -6 2 2 3 0 -6 3 3	# 432
1 -2 -2 1 0 1 1 -2 1 1	# 433
1 -2 -2 0 0 1 1 -2 1 1	# 434
1 -2 -2 0 0 1 0 -2 1 1	# 435
-2 0 -2 1 1 -2 0 1 1 1	# 436
0 2 0 3 3 0 2 3 0 3	# 437
-2 0 -2 1 1 -2 0 1 0 1	# 438
3 3 0 3 3 3 3 3 0 2	# 439
-2 1 -2 4 1 -2 4 0 4 4	# 440
1 -2 -2 4 0 1 4 -2 4 4	# 441
0 0 0 0 1 0 1 1 0 1	# 442
-8 1 -8 4 1 -8 4 -2 1 1	# 443
-8 3 -8 4 3 -8 4 2 0 3	# 444
-2 -2 -2 -2 1 -2 1 1 -2 1	# 445
3 -6 -6 3 2 3 0 -6 3 2	# 446
1 -2 -2 1 0 1 1 -2 1 0	# 447
1 -2 -2 1 0 1 0 -2 1 0	# 448
-2 4 0 1 4 1 0 0 0 4	# 449
4 -8 -8 4 1 4 -2 -8 0 4	# 450
1 -2 -2 1 0 1 0 -2 0 1	# 451
3 0 0 3 2 3 0 0 2 3	# 452
4 -8 -8 4 0 4 -2 -8 1 4	# 453
4 1 -2 1 1 4 1 1 -2 0	# 454
0 1 0 1 1 1 0 0 0 1	# 455
0 4 0 4 1 4 0 0 -2 1	# 456
1 0 -2 4 4 0 0 1 0 4	# 457
-2 4 0 0 4 1 1 0 0 4	# 458
1 -8 -8 1 -2 1 -2 -8 -2 1	# 459
4 -8 -8 1 1 4 1 -8 -2 1	# 460
4 -8 -8 3 3 4 0 -8 2 3	# 461
1 -8 -8 4 -2 1 1 -8 1 4	# 462
1 1 -2 1 4 1 4 1 -2 0	# 463
3 -8 -8 4 2 3 0 -8 3 4	# 464
0 4 0 1 1 4 -2 0 0 4	# 465
-2 4 0 1 4 1 0 1 0 -2	# 466
-2 4 0 1 4 1 0 1 1 -2	# 467
0 1 -2 4 4 1 0 0 0 4	# 468
0 1 -2 0 4 1 4 0 -2 1	# 469
1 0 -2 0 4 0 -2 1 4 1	# 470
1 0 -2 1 4 0 4 1 -2 0	# 471
1 1 -2 0 4 0 -2 0 4 1	# 472
-2 1 1 4 1 0 4 -2 1 1	# 473
0 3 3 3 3 2 3 0 0 0	# 474
0 3 3 3 3 2 3 0 3 3	# 475
-2 1 1 1 1 0 1 -2 4 4	# 476
1 0 1 1 1 0 0 1 1 0	# 477
3 0 2 3 3 0 0 3 3 0	# 478
6 0 6 6 9 -2 -2 9 9 -2	# 479
0 3 3 0 3 2 0 0 3 3	# 480
1 1 -2 -2 1 1 1 0 1 -2	# 481
1 1 -2 -2 1 1 0 0 1 -2	# 482
4 1 -2 -2 4 4 4 0 1 -2	# 483
-2 4 1 4 4 0 4 -8 -8 -8	# 484
3 3 -6 -6 0 3 3 2 3 -6	# 485
4 3 -8 -8 0 3 4 2 3 -8	# 486
1 1 -2 -2 0 0 1 0 1 -2	# 487
3 3 -6 -6 0 3 2 2 3 -6	# 488
1 1 -2 -2 0 1 0 0 1 -2	# 489
4 4 -8 -8 -2 1 4 0 4 -8	# 490
4 4 -8 -8 -2 0 4 1 4 -8	# 491
1 1 -8 -8 -2 -2 1 -2 1 -8	# 492
0 2 3 3 3 2 3 0 0 0	# 493
-2 0 1 4 1 0 4 -2 1 1	# 494
-2 0 1 4 1 0 4 -2 0 1	# 495
0 2 3 3 3 2 3 0 3 3	# 496
-2 0 1 4 1 0 4 -2 1 0	# 497
1 4 -8 -8 1 -2 1 1 4 -8	# 498
3 4 -8 -8 0 2 3 3 4 -8	# 499
-2 4 0 4 4 1 4 0 -2 1	# 500
-2 0 1 1 1 0 1 -2 4 4	# 501
0 2 3 0 3 2 0 0 3 3	# 502
-2 0 1 1 1 0 0 -2 4 4	# 503
4 1 -8 -8 1 1 4 -2 1 -8	# 504
-2 0 1 0 1 0 1 -2 4 4	# 505
-2 0 1 -2 1 0 -2 1 1 1	# 506
-2 1 1 -2 1 0 -2 1 1 1	# 507
1 0 1 1 1 0 1 -2 -2 -2	# 508
0 0 1 1 1 0 1 -2 -2 -2	# 509
0 4 4 0 1 0 4 -2 1 0	# 510
2 3 3 0 0 0 3 0 3 2	# 511
0 3 3 2 3 2 3 0 0 0	# 512
2 3 3 0 0 0 3 0 2 3	# 513
0 4 4 0 1 0 4 -2 0 1	# 514
1 1 0 1 1 -2 -2 1 0 -2	# 515
0 0 0 0 0 -1 -1 0 0 -1	# 516
3 0 2 3 3 -6 -6 3 2 -6	# 517
1 0 0 1 1 -2 -2 1 0 -2	# 518
3 0 2 3 3 0 0 3 2 0	# 519
1 1 1 0 1 0 1 -2 -2 -2	# 520
0 1 1 0 1 0 1 -2 -2 -2	# 521
1 1 1 1 1 -2 -2 1 0 -2	# 522
1 1 1 1 -2 -2 -2 -2 -2 -2	# 523
4 -2 0 1 4 0 0 1 0 4	# 524
3 0 2 0 3 0 2 3 0 3	# 525
3 0 3 3 3 -6 -6 3 2 -6	# 526
3 0 3 3 3 0 0 3 2 0	# 527
1 0 1 1 1 -2 -2 1 1 -2	# 528
3 0 2 3 3 -6 -6 3 3 -6	# 529
4 -2 1 1 4 0 0 0 0 4	# 530
3 0 3 0 3 0 2 2 0 3	# 531
2 0 2 2 3 -6 -6 3 3 -6	# 532
0 4 4 -2 1 0 1 -2 4 4	# 533
2 3 3 0 0 0 3 0 3 3	# 534
1 1 0 1 1 -2 -2 1 1 -2	# 535
0 0 0 0 -1 -1 -1 -1 -1 -1	# 536
-8 1 -8 0 4 -8 4 4 -2 4	# 537
-8 1 -8 -2 4 -8 1 4 1 1	# 538
-2 1 1 -2 1 0 -2 1 0 1	# 539
4 4 4 4 1 0 1 -2 -2 -2	# 540
1 1 1 1 1 0 1 -2 -2 -2	# 541
1 1 1 1 0 0 0 0 0 0	# 542
-2 1 1 -2 0 0 -2 0 1 1	# 543
-8 4 1 -8 1 -2 -8 1 4 1	# 544
1 0 1 1 -2 -2 -2 -2 -2 -2	# 545
-8 1 1 -8 -2 -2 -8 -2 1 1	# 546
-2 4 1 -2 4 0 -2 4 4 1	# 547
1 1 1 0 -2 -2 -2 -2 -2 -2	# 548
1 4 4 1 1 0 -2 -2 0 1	# 549
0 3 3 0 3 2 0 0 2 3	# 550
0 4 4 1 1 0 -2 -2 0 1	# 551
1 4 0 1 4 -2 -2 4 4 -2	# 552
0 3 0 0 3 -2 -2 3 3 -2	# 553
0 1 0 0 1 -2 -2 1 1 -2	# 554
0 1 1 1 -2 -2 -2 -2 -2 -2	# 555
1 4 1 4 1 -2 1 -8 -8 -8	# 556
-6 2 -6 3 3 -6 3 3 0 3	# 557
-6 2 -6 3 3 -6 3 3 0 2	# 558
-6 2 -6 3 3 -6 2 3 0 3	# 559
-8 2 -8 3 3 -8 4 3 0 4	# 560
1 0 1 0 1 0 1 1 0 1	# 561
5 2 5 0 2 0 5 2 2 5	# 562
3 0 3 0 3 0 3 2 0 3	# 563
-8 3 -8 2 4 -8 3 4 0 3	# 564
1 0 0 -2 4 -2 0 4 1 1	# 565
3 3 3 0 0 0 3 0 2 3	# 566
4 0 1 0 1 0 0 -2 4 4	# 567
3 2 3 0 0 0 2 0 3 3	# 568
0 -2 1 4 1 -2 1 0 4 0	# 569
2 0 3 3 3 0 0 2 3 0	# 570
0 0 4 4 4 0 1 0 1 -2	# 571
1 1 0 -2 4 -2 1 4 1 1	# 572
3 0 2 0 3 0 3 3 0 3	# 573
3 3 2 0 3 0 3 3 3 3	# 574
1 1 1 1 1 0 0 0 0 1	# 575
-2 4 0 1 4 1 0 0 1 -2	# 576
3 3 3 3 3 2 0 0 2 3	# 577
1 1 0 -2 4 -2 0 4 1 1	# 578
4 -2 1 0 4 0 1 0 1 -2	# 579
3 0 3 2 3 0 0 2 3 0	# 580
3 3 2 0 3 0 2 3 3 3	# 581
3 3 3 0 3 0 2 3 3 3	# 582
1 4 1 -2 1 -2 0 1 4 1	# 583
1 1 1 -2 4 -2 0 4 1 1	# 584
3 0 3 0 3 0 2 3 0 3	# 585
3 3 3 0 0 0 2 0 3 3	# 586
-2 4 0 1 4 1 1 1 1 -2	# 587
1 1 0 -2 4 -2 0 4 0 1	# 588
0 0 0 0 -1 -1 0 -1 0 0	# 589
1 1 1 1 -2 -2 0 -2 1 1	# 590
3 3 2 0 -6 -6 2 -6 3 3	# 591
1 1 1 1 1 0 1 1 0 1	# 592
3 3 3 3 3 0 3 2 0 3	# 593
3 3 3 3 3 0 2 2 0 3	# 594
3 3 3 3 3 0 2 3 0 3	# 595
4 4 1 -2 -8 -8 4 -8 4 0	# 596
3 3 3 0 0 0 3 0 3 2	# 597
3 3 3 0 -6 -6 3 -6 3 2	# 598
3 3 2 0 -6 -6 3 -6 3 3	# 599
3 3 2 0 -8 -8 4 -8 4 3	# 600
2 2 2 0 -6 -6 3 -6 3 3	# 601
0 0 0 1 -2 -2 1 -2 1 1	# 602
0 0 0 3 -2 -2 3 -2 3 3	# 603
6 6 6 0 -2 -2 9 -2 9 9	# 604
3 3 2 0 -6 -6 3 -6 2 3	# 605
0 0 1 4 4 -2 0 4 0 1	# 606
0 1 -2 -2 1 1 1 0 1 -2	# 607
2 0 3 3 3 0 0 3 2 0	# 608
1 1 1 1 -2 -2 1 -2 0 1	# 609
1 1 1 1 -2 -2 1 -2 1 0	# 610
3 0 3 2 3 0 0 3 3 0	# 611
4 -2 4 0 4 -2 0 4 1 1	# 612
4 -2 4 1 4 -2 0 4 0 1	# 613
2 3 -6 -6 0 3 3 2 3 -6	# 614
0 1 -2 -2 0 1 1 0 1 -2	# 615
3 3 3 0 -6 -6 3 -6 2 3	# 616
0 0 1 4 4 -2 1 4 0 0	# 617
1 1 1 0 -2 -2 1 -2 1 1	# 618
3 3 3 0 -6 -6 2 -6 3 3	# 619
1 1 1 0 0 0 1 0 1 1	# 620
4 4 3 0 -8 -8 3 -8 3 2	# 621
3 3 3 0 -6 -6 2 -6 2 2	# 622
4 -2 4 0 4 -2 1 4 1 0	# 623
3 0 3 0 3 0 3 3 0 2	# 624
1 0 1 0 1 0 0 1 0 0	# 625
1 -2 1 -2 1 -2 -2 1 -2 -2	# 626
4 -2 4 1 4 -2 1 4 0 0	# 627
0 1 -2 1 4 1 -2 0 4 0	# 628
2 0 3 0 3 0 3 3 0 2	# 629
0 0 1 -2 4 -2 1 4 1 0	# 630
4 1 1 4 1 0 -2 -2 0 1	# 631
4 4 1 1 -8 -8 1 -8 1 -2	# 632
1 4 4 1 1 0 -2 -2 1 1	# 633
3 3 3 3 3 2 0 0 3 3	# 634
0 1 1 -2 4 -2 1 4 1 0	# 635
0 1 1 0 1 0 1 1 1 0	# 636
1 1 1 -2 4 -2 1 4 1 0	# 637
4 1 1 4 1 0 -2 -2 1 1	# 638
0 1 1 -2 4 -2 1 4 1 1	# 639
2 3 3 0 3 0 3 3 3 3	# 640
2 3 3 0 3 0 3 3 3 2	# 641
2 0 3 0 3 0 3 3 0 3	# 642
3 3 3 0 3 0 3 3 3 2	# 643
1 0 0 1 1 0 0 0 1 0	# 644
0 1 1 -2 4 -2 1 4 0 0	# 645
0 4 1 -2 1 -2 1 1 4 0	# 646
0 4 1 -2 1 -2 1 1 4 1	# 647
2 0 3 3 3 0 3 3 3 3	# 648
0 -2 1 4 1 -2 1 1 4 1	# 649
3 0 3 3 3 0 0 2 3 0	# 650
1 4 1 -2 1 -2 1 1 4 0	# 651
2 0 3 3 3 0 0 3 3 0	# 652
0 0 0 0 3 -2 -2 3 3 -2	# 653
-6 3 3 -6 3 2 -6 0 3 3	# 654
-8 4 4 -8 1 0 -8 -2 4 4	# 655
0 0 0 0 -2 -2 3 -2 3 3	# 656
3 0 2 3 3 0 0 2 3 0	# 657
5 0 2 5 5 2 0 2 5 2	# 658
4 0 1 4 1 0 -2 -2 0 1	# 659
0 0 1 1 4 -2 4 4 -2 4	# 660
0 -2 1 1 1 -2 4 1 1 4	# 661
3 2 3 0 0 0 3 0 3 3	# 662
4 4 4 4 1 -2 -2 1 0 -2	# 663
1 1 1 1 0 -2 -2 0 0 -2	# 664
3 3 3 3 0 -2 -2 0 0 -2	# 665
9 0 9 9 6 -2 -2 6 6 -2	# 666
3 0 3 3 0 -2 -2 0 0 -2	# 667
3 0 3 3 2 -6 -6 2 2 -6	# 668
1 0 1 1 0 -2 -2 0 0 -2	# 669
0 0 0 0 1 -2 -2 1 1 -2	# 670
0 1 1 0 4 -2 4 4 -2 4	# 671
-2 1 -2 -2 -2 -5 -5 -2 -2 -5	# 672
1 4 4 0 1 0 -2 -2 0 1	# 673
1 4 1 4 1 -2 0 1 -2 1	# 674
2 0 3 3 3 -6 -6 3 2 -6	# 675
0 1 1 1 1 -2 -2 1 0 -2	# 676
2 0 3 3 3 -6 -6 3 3 -6	# 677
0 1 1 1 1 -2 -2 1 1 -2	# 678
0 0 1 1 1 -2 -2 1 0 -2	# 679
0 0 4 4 4 0 1 1 0 -2	# 680
0 4 1 1 4 -2 -2 4 4 -2	# 681
-2 1 1 -2 -2 -2 -2 -2 1 1	# 682
0 1 1 0 0 0 0 0 1 1	# 683
9 -2 6 -2 9 0 9 6 -2 6	# 684
0 1 1 0 -2 -2 0 -2 1 1	# 685
2 3 3 0 -6 -6 3 -6 3 2	# 686
2 3 3 0 -6 -6 3 -6 3 3	# 687
0 1 1 1 -2 -2 1 -2 1 0	# 688
0 1 1 1 -2 -2 1 -2 1 1	# 689
2 3 3 0 -6 -6 3 -6 2 3	# 690
0 1 1 1 -2 -2 1 -2 0 1	# 691
2 3 3 0 -8 -8 3 -8 4 4	# 692
0 1 1 4 -2 -2 4 -2 4 4	# 693
4 -2 0 1 4 0 1 1 0 -2	# 694
-6 3 3 -6 3 2 -6 0 2 3	# 695
-2 1 1 -2 1 0 -2 0 0 1	# 696
3 4 4 0 -8 -8 2 -8 3 3	# 697
2 3 3 0 0 0 2 0 3 3	# 698
9 9 9 0 -2 -2 6 -2 6 6	# 699
4 0 1 -2 1 0 4 -2 1 0	# 700
3 2 3 0 0 0 3 0 3 2	# 701
3 3 3 3 -2 -2 0 -2 0 0	# 702
1 1 1 1 -2 -2 0 -2 0 0	# 703
4 4 4 4 -2 -2 0 -2 1 1	# 704
4 4 4 4 -2 -2 1 -2 0 1	# 705
4 4 4 4 -2 -2 1 -2 1 0	# 706
0 1 1 0 -2 -2 1 -2 0 1	# 707
-2 4 1 4 4 0 4 1 -2 0	# 708
1 4 0 -2 1 -2 0 0 4 1	# 709
0 1 4 0 4 0 4 1 -2 0	# 710
0 1 1 0 -2 -2 1 -2 1 0	# 711
3 3 3 0 -2 -2 0 -2 0 0	# 712
1 1 1 0 -2 -2 0 -2 0 0	# 713
0 0 4 1 4 0 4 1 -2 0	# 714
1 4 4 -2 1 0 0 -2 4 4	# 715
-2 -2 -2 1 -5 -5 -2 -5 -2 -2	# 716
1 4 4 1 -8 -8 -2 -8 1 1	# 717
1 1 1 1 1 -2 -2 0 1 -2	# 718
4 4 4 4 1 -2 -2 0 1 -2	# 719
1 4 4 -2 -8 -8 0 -8 4 4	# 720
-2 1 1 -2 -8 -8 -2 -8 1 1	# 721
4 1 1 4 1 -8 -8 -2 1 -8	# 722
1 0 0 1 1 -2 -2 0 1 -2	# 723
3 0 3 2 3 -6 -6 2 3 -6	# 724
3 0 3 3 3 -6 -6 2 3 -6	# 725
1 1 1 0 1 -2 -2 0 1 -2	# 726
1 0 1 0 1 -2 -2 0 1 -2	# 727
1 1 -2 1 4 -8 -8 1 4 -8	# 728
-2 1 1 1 -8 -8 1 -8 4 4	# 729
1 -2 -2 1 1 -2 -2 -2 1 -2	# 730
1 -2 -2 1 1 -8 -8 -2 1 -8	# 731
0 0 0 0 -2 -2 1 -2 1 1	# 732
0 4 4 -2 -8 -8 1 -8 4 4	# 733
3 0 3 2 3 -6 -6 3 3 -6	# 734
1 1 1 0 1 -2 -2 1 1 -2	# 735
3 0 2 3 4 -8 -8 3 4 -8	# 736
4 0 3 4 3 -8 -8 2 3 -8	# 737
1 0 1 0 1 -2 -2 1 0 -2	# 738
1 -2 1 -2 1 -8 -8 1 -2 -8	# 739
1 1 1 -2 4 -8 -8 4 1 -8	# 740
1 4 1 0 4 -2 -2 4 4 -2	# 741
4 -2 1 4 4 -8 -8 0 4 -8	# 742
3 0 3 2 4 -8 -8 4 3 -8	# 743
4 1 4 -2 1 -2 4 0 0 4	# 744
4 -2 0 4 4 -8 -8 1 4 -8	# 745
3 0 3 2 3 0 0 3 2 0	# 746
4 0 4 3 3 -8 -8 3 2 -8	# 747
4 -2 4 1 4 -8 -8 4 0 -8	# 748
4 1 4 1 1 -8 -8 1 -2 -8	# 749
1 0 0 4 4 -2 0 4 0 1	# 750
4 -2 4 0 4 -8 -8 4 1 -8	# 751
1 4 1 4 1 -2 0 0 -2 1	# 752
-2 4 1 0 4 0 1 1 0 -2	# 753
-2 4 1 0 4 0 1 1 1 -2	# 754
1 4 1 4 1 -2 1 0 -2 1	# 755
4 1 4 1 1 -2 1 0 -2 1	# 756
4 1 4 1 1 -2 0 0 -2 1	# 757
4 1 4 1 1 -2 0 1 -2 1	# 758
4 1 4 0 1 -2 0 0 -2 1	# 759
1 -2 0 1 1 -2 4 1 1 4	# 760
1 0 1 1 -2 -2 1 -2 1 0	# 761
1 1 0 0 4 -2 4 4 -2 4	# 762
3 0 2 3 3 0 3 3 3 3	# 763
1 -2 0 4 1 -2 1 1 4 1	# 764
4 -2 0 4 4 0 -2 1 4 1	# 765
1 0 1 1 -2 -2 0 -2 1 1	# 766
4 0 4 1 1 -2 0 0 -2 1	# 767
4 -2 0 0 4 0 0 1 1 4	# 768
3 2 3 0 -6 -6 2 -6 3 3	# 769
3 2 3 0 -6 -6 3 -6 3 3	# 770
1 0 1 1 -2 -2 1 -2 1 1	# 771
3 2 3 0 -6 -6 3 -6 3 2	# 772
1 0 1 4 -2 -2 4 -2 4 4	# 773
1 0 1 0 -2 -2 1 -2 0 1	# 774
4 0 4 0 1 -2 1 0 4 0	# 775
3 2 3 0 -8 -8 4 -8 3 4	# 776
1 0 0 4 4 -2 1 4 0 0	# 777
1 0 0 1 4 -2 4 4 -2 4	# 778
3 2 3 0 0 0 3 0 2 3	# 779
4 3 4 0 -8 -8 3 -8 2 3	# 780
-2 0 1 -2 1 0 -2 0 1 1	# 781
3 3 3 3 3 0 3 3 0 2	# 782
1 4 1 4 1 -2 1 1 -2 0	# 783
4 1 4 1 1 -2 1 1 -2 0	# 784
3 -2 0 -2 3 0 3 0 -2 0	# 785
4 1 4 1 -8 -8 1 -8 -2 1	# 786
4 1 4 -2 -8 -8 4 -8 0 4	# 787
1 -2 1 -2 -8 -8 1 -8 -2 1	# 788
0 -2 4 1 1 0 4 4 0 0	# 789
0 0 3 3 0 2 3 3 2 0	# 790
1 1 4 -2 4 0 0 0 0 4	# 791
0 -2 1 0 1 -2 4 0 1 4	# 792
2 0 3 0 3 0 3 2 0 3	# 793
1 -2 4 1 0 0 4 4 0 0	# 794
0 0 4 -2 4 0 1 0 1 4	# 795
1 -2 1 1 -8 -8 4 -8 1 4	# 796
3 0 3 0 2 0 3 3 0 2	# 797
4 0 4 -2 -8 -8 4 -8 1 4	# 798
1 0 1 0 -2 -2 0 -2 1 1	# 799
1 0 1 0 -2 -2 1 -2 1 0	# 800
-2 0 0 4 1 1 4 4 0 0	# 801
0 -2 4 1 1 1 -2 4 0 0	# 802
-2 -2 1 -2 -2 1 -2 1 -2 0	# 803
-2 1 1 4 0 0 4 4 0 0	# 804
4 -2 1 4 4 0 -2 0 4 1	# 805
-2 1 0 4 0 1 4 4 0 0	# 806
0 0 2 3 0 3 3 3 2 0	# 807
0 -2 1 4 1 -2 0 0 4 1	# 808
0 0 4 1 4 0 -2 0 4 1	# 809
0 1 0 1 0 1 1 1 0 0	# 810
0 0 2 3 0 3 3 3 3 0	# 811
2 2 2 2 0 5 5 5 5 0	# 812
1 -2 1 1 1 -2 4 0 1 4	# 813
3 0 3 3 3 0 3 2 3 3	# 814
0 -2 1 1 1 -2 4 0 1 4	# 815
0 0 1 1 1 0 1 0 1 1	# 816
0 -2 1 1 1 -2 4 0 0 4	# 817
2 0 3 3 3 0 3 2 3 3	# 818
1 -2 1 4 1 -2 1 0 4 1	# 819
0 -2 1 4 1 -2 1 0 4 1	# 820
-2 4 1 0 4 0 1 0 0 4	# 821
-2 4 1 4 4 0 4 0 -2 1	# 822
-2 4 1 1 4 0 0 0 0 4	# 823
-2 4 1 1 4 0 1 1 1 -2	# 824
2 0 3 3 3 3 0 3 2 3	# 825
-2 -2 1 -2 -2 1 -2 1 -2 1	# 826
0 0 1 1 1 1 0 1 0 1	# 827
0 -2 4 1 1 1 -2 4 0 1	# 828
1 -2 4 1 1 1 -2 4 0 1	# 829
3 0 3 3 3 3 0 3 2 3	# 830
0 -2 4 1 1 1 -2 4 1 1	# 831
2 0 3 3 3 3 0 3 3 3	# 832
0 -2 4 1 1 0 -2 4 0 1	# 833
-2 -2 1 -2 -2 0 -2 1 -2 1	# 834
0 -2 1 1 1 4 -2 1 0 4	# 835
0 -2 1 1 1 4 -2 1 1 4	# 836
1 -2 1 1 1 4 -2 1 0 4	# 837
1 -2 1 1 0 4 -2 1 1 4	# 838
3 0 3 3 2 3 0 3 3 3	# 839
3 0 3 2 3 3 0 3 3 3	# 840
1 -2 1 0 1 4 -2 1 1 4	# 841
1 0 1 0 0 1 0 1 1 1	# 842
1 -2 1 0 0 4 -2 1 1 4	# 843
3 0 3 2 2 3 0 3 3 3	# 844
0 4 1 0 1 -2 4 0 0 4	# 845
1 0 1 0 1 0 0 0 1 1	# 846
0 1 1 0 1 0 1 0 0 1	# 847
-2 0 1 -2 1 1 -2 1 1 1	# 848
-8 -2 1 -8 1 4 -8 1 1 4	# 849
1 0 4 -2 4 0 0 0 1 4	# 850
3 2 0 0 0 2 3 3 3 0	# 851
3 2 0 0 0 3 3 3 3 0	# 852
1 -2 4 0 0 0 4 4 1 0	# 853
0 1 4 -2 4 0 1 0 0 4	# 854
0 -2 4 0 1 0 4 4 1 0	# 855
3 2 0 0 0 3 2 3 3 0	# 856
0 0 3 2 0 2 3 3 3 0	# 857
1 -2 4 0 1 1 -2 4 1 1	# 858
1 0 0 1 1 1 1 1 0 0	# 859
3 2 0 3 3 3 3 3 0 2	# 860
1 -2 4 0 0 1 -2 4 1 1	# 861
1 -2 4 0 0 0 -2 4 1 1	# 862
3 2 0 3 3 3 3 3 0 3	# 863
0 1 4 0 4 0 4 0 -2 1	# 864
3 2 0 3 0 3 0 3 0 2	# 865
3 0 3 2 2 0 0 3 3 0	# 866
1 0 0 1 1 0 0 1 0 1	# 867
3 2 0 3 0 2 0 3 0 3	# 868
0 0 2 3 0 3 2 3 3 0	# 869
1 0 0 1 0 1 0 1 1 0	# 870
3 2 0 3 0 3 0 3 0 3	# 871
2 5 0 5 2 2 2 5 0 5	# 872
4 -2 1 0 4 0 0 0 1 4	# 873
0 4 1 4 1 -2 0 0 -2 1	# 874
0 1 1 1 1 -2 -2 0 1 -2	# 875
1 0 1 1 1 0 1 1 1 1	# 876
1 -2 4 0 0 1 -2 4 1 0	# 877
2 0 3 3 3 -6 -6 2 3 -6	# 878
0 0 1 1 1 -2 -2 0 1 -2	# 879
0 0 2 2 0 3 3 3 3 0	# 880
3 2 0 3 0 3 3 3 3 3	# 881
-2 4 1 0 4 0 1 0 1 -2	# 882
3 2 0 3 0 2 3 3 3 3	# 883
5 5 0 2 0 5 2 5 2 2	# 884
0 4 1 -2 1 -2 1 0 4 0	# 885
1 0 4 0 4 0 -2 0 4 1	# 886
0 0 1 0 0 1 0 1 0 1	# 887
1 0 1 0 0 0 1 1 1 0	# 888
3 3 0 2 0 3 0 3 0 2	# 889
0 0 3 2 0 3 3 3 3 0	# 890
3 2 3 0 0 3 2 3 3 3	# 891
3 2 3 0 0 3 3 3 3 3	# 892
1 1 0 1 1 1 0 1 1 1	# 893
3 3 3 0 0 3 2 3 3 3	# 894
4 0 0 4 0 0 -2 4 1 1	# 895
1 1 1 0 0 1 1 1 1 1	# 896
4 0 0 4 0 1 -2 4 1 0	# 897
0 3 3 0 2 3 0 0 3 3	# 898
0 3 3 3 2 3 3 0 0 0	# 899
4 0 0 4 1 1 -2 4 0 0	# 900
4 0 0 4 1 0 -2 4 0 1	# 901
0 0 4 1 4 0 4 0 -2 1	# 902
0 3 3 3 2 3 3 0 3 3	# 903
1 1 0 0 0 0 1 1 0 1	# 904
0 3 3 0 2 3 0 0 3 2	# 905
0 0 1 1 0 1 1 1 1 0	# 906
0 0 3 3 0 3 3 3 2 0	# 907
0 2 5 5 2 5 5 2 2 0	# 908
0 3 3 2 2 3 3 0 0 0	# 909
1 0 0 1 0 0 1 1 1 1	# 910
0 2 3 3 2 3 3 0 0 0	# 911
1 -2 4 1 0 1 -2 4 1 1	# 912
-2 0 1 4 1 0 4 4 0 0	# 913
3 0 3 3 2 0 0 3 3 0	# 914
1 1 1 1 0 0 1 1 0 0	# 915
4 0 0 -2 0 0 4 4 1 1	# 916
0 0 1 1 1 0 1 1 0 0	# 917
2 2 2 2 5 0 5 5 0 5	# 918
0 0 3 3 0 2 3 3 3 0	# 919
0 0 3 3 0 3 2 3 3 0	# 920
0 0 3 3 0 2 2 3 3 0	# 921
4 1 0 -2 0 0 4 4 0 1	# 922
-6 2 3 -6 3 2 -6 0 3 3	# 923
1 1 1 0 1 0 1 1 1 1	# 924
3 3 3 3 2 3 0 0 3 3	# 925
3 3 3 3 2 3 0 0 3 2	# 926
3 3 3 0 0 3 3 3 2 3	# 927
2 3 0 3 0 2 0 3 0 3	# 928
-2 0 1 -2 1 1 -2 1 1 0	# 929
2 2 0 0 0 3 3 3 3 0	# 930
0 0 0 0 0 1 1 1 1 0	# 931
3 3 3 3 0 2 3 3 2 0	# 932
0 0 1 1 0 0 0 1 1 0	# 933
2 0 3 3 2 0 0 3 3 0	# 934
3 3 3 3 0 2 3 3 3 0	# 935
3 3 3 3 0 3 3 3 2 0	# 936
1 1 1 1 0 1 1 1 1 0	# 937
3 3 3 3 0 3 2 3 3 0	# 938
0 2 2 0 3 3 0 0 3 3	# 939
0 2 3 0 3 3 0 0 3 3	# 940
-2 0 3 -2 0 3 -2 3 0 3	# 941
-2 1 4 -2 0 4 -2 4 1 4	# 942
-2 1 1 -2 0 1 -2 1 1 1	# 943
-2 0 1 -2 0 1 -2 1 0 1	# 944
-2 1 1 -2 0 1 -2 1 1 0	# 945
0 1 1 0 1 1 0 0 1 1	# 946
-2 1 1 -2 1 1 -2 0 1 1	# 947
-6 2 3 -6 3 3 -6 0 3 3	# 948
-2 6 9 -2 6 9 -2 0 6 9	# 949
-6 2 3 -6 2 3 -6 0 2 3	# 950
-6 3 3 -6 3 3 -6 0 3 2	# 951
-6 2 3 -6 3 3 -6 0 3 2	# 952
0 3 3 0 3 3 0 0 3 2	# 953
0 2 3 0 3 3 0 0 3 2	# 954
-8 3 2 -8 4 3 -8 0 4 3	# 955
-8 2 3 -8 3 4 -8 0 3 4	# 956
4 0 4 -2 1 -2 4 0 1 4	# 957
4 1 1 -2 0 0 4 4 0 0	# 958
-6 3 3 -6 2 3 -6 0 3 3	# 959
-6 3 3 -6 2 3 -6 0 3 2	# 960
-8 4 3 -8 3 2 -8 0 4 3	# 961
0 3 3 0 2 2 0 0 3 3	# 962
4 0 1 -2 0 0 4 4 1 0	# 963
-8 3 4 -8 2 3 -8 0 3 4	# 964
-2 1 1 -2 1 1 -2 0 0 0	# 965
0 3 3 0 3 3 0 0 2 2	# 966
0 3 3 0 3 3 0 0 2 3	# 967
-6 3 3 -6 3 3 -6 0 2 3	# 968
-8 4 3 -8 4 3 -8 0 3 2	# 969
-8 3 4 -8 3 4 -8 0 2 3	# 970
0 1 1 0 1 1 0 0 0 0	# 971
3 0 2 0 2 0 3 3 0 3	# 972
3 0 2 3 2 0 3 3 3 3	# 973
3 0 2 3 2 0 0 3 3 0	# 974
-2 1 1 -2 1 1 -2 1 0 1	# 975
-2 1 4 -2 1 4 -2 4 0 4	# 976
0 2 3 3 3 3 2 0 0 0	# 977
0 2 3 3 3 3 3 0 0 0	# 978
0 2 3 3 3 3 3 0 3 3	# 979
2 2 2 2 5 5 0 0 5 5	# 980
4 0 4 0 1 -2 0 0 4 1	# 981
-2 0 4 -2 1 4 -2 4 1 4	# 982
2 3 3 0 0 3 3 3 3 3	# 983
0 2 3 3 3 3 3 3 0 3	# 984
0 2 3 3 3 3 2 3 0 3	# 985
3 0 3 0 2 0 3 3 0 3	# 986
0 1 1 0 0 1 1 1 0 1	# 987
2 3 3 0 0 3 3 3 2 3	# 988
0 3 3 2 3 3 3 0 0 0	# 989
2 5 5 0 2 2 2 0 5 5	# 990
1 1 1 0 1 1 1 0 1 1	# 991
3 3 3 0 3 3 3 0 2 3	# 992
3 3 3 0 3 3 3 0 3 2	# 993
3 0 3 3 2 0 3 3 3 3	# 994
3 2 3 0 3 3 3 0 3 3	# 995
3 2 3 0 3 3 3 0 3 2	# 996
0 3 3 2 3 3 3 3 0 3	# 997
5 0 5 2 5 0 2 5 2 2	# 998
3 0 3 0 3 0 2 3 0 2	# 999
2 0 2 0 3 0 3 3 0 3	# 1000
0 3 3 2 2 3 3 3 0 3	# 1001
3 3 3 3 3 3 0 0 3 2	# 1002
1 1 1 1 1 1 0 0 1 1	# 1003
0 1 1 1 1 1 1 0 0 0	# 1004
3 3 3 3 2 0 3 3 0 2	# 1005
3 3 3 3 2 0 3 3 0 3	# 1006
0 3 3 3 3 3 2 0 0 0	# 1007
3 3 3 3 3 3 0 0 2 3	# 1008
0 1 1 1 1 1 1 0 1 1	# 1009
0 5 5 2 5 5 2 0 2 2	# 1010
0 3 3 2 3 3 2 0 0 0	# 1011
-2 4 1 -2 4 1 -2 4 4 0	# 1012
-2 1 1 -2 1 1 -2 1 1 0	# 1013
0 3 3 3 2 3 3 3 0 3	# 1014
3 0 2 3 3 3 3 3 3 0	# 1015
0 3 2 3 3 3 3 3 3 0	# 1016
0 3 2 3 3 3 2 3 3 0	# 1017
3 0 3 2 3 3 3 3 3 0	# 1018
0 1 1 1 1 1 1 1 0 1	# 1019
0 3 3 3 3 3 2 3 0 3	# 1020
1 0 1 1 1 1 1 1 1 0	# 1021
2 0 5 5 2 2 2 5 5 0	# 1022
0 3 3 2 3 3 3 3 3 0	# 1023
0 3 3 2 3 2 3 3 3 0	# 1024
0 3 3 3 3 2 3 3 3 0	# 1025
1 0 1 1 1 1 0 1 1 1	# 1026
0 1 1 1 1 1 1 1 1 0	# 1027
0 3 3 3 3 3 2 3 3 0	# 1028
3 0 2 3 3 3 3 3 2 0	# 1029
3 0 3 3 3 3 3 3 2 0	# 1030
1 -2 -8 -8 1 4 4 1 1 -8	# 1031
1 0 -2 -2 1 1 1 1 1 -2	# 1032
4 0 -2 -2 4 4 4 1 1 -2	# 1033
0 0 -2 -2 0 1 1 1 1 -2	# 1034
3 2 -6 -6 0 3 3 3 3 -6	# 1035
3 2 -8 -8 0 4 4 3 3 -8	# 1036
-2 -2 -8 -8 -2 1 1 1 1 -8	# 1037
1 0 -8 -8 -2 4 4 4 4 -8	# 1038
0 1 -8 -8 -2 4 4 4 4 -8	# 1039
-2 1 -8 -8 1 1 1 4 4 -8	# 1040
2 3 -8 -8 0 3 3 4 4 -8	# 1041
-2 -2 -2 -2 -2 1 1 1 1 -2	# 1042
1 0 -2 -2 0 1 0 1 1 -2	# 1043
1 0 -2 -2 1 1 0 1 1 -2	# 1044
3 2 -6 -6 0 3 2 3 3 -6	# 1045
-5 -2 -2 -5 -2 -2 -5 1 -2 -2	# 1046
1 0 0 1 -2 4 4 4 4 -2	# 1047
1 0 1 0 -2 4 4 4 4 -2	# 1048
1 0 4 4 -2 0 1 1 0 -2	# 1049
1 1 4 4 -2 0 1 1 0 -2	# 1050
1 0 -2 -2 1 0 1 1 1 -2	# 1051
1 0 -2 -2 0 0 1 1 1 -2	# 1052
3 2 -6 -6 0 2 3 3 3 -6	# 1053
0 0 1 1 0 1 1 -2 -2 -2	# 1054
3 0 3 3 2 -6 -6 3 3 -6	# 1055
3 0 2 3 2 -6 -6 3 3 -6	# 1056
1 1 1 0 0 1 1 -2 -2 -2	# 1057
1 1 0 1 0 -2 -2 1 1 -2	# 1058
1 1 1 1 0 -2 -2 1 1 -2	# 1059
4 4 4 4 0 1 1 -2 -2 -2	# 1060
1 1 1 1 0 1 1 -2 -2 -2	# 1061
0 1 0 1 -2 4 4 4 4 -2	# 1062
1 0 0 1 0 -2 -2 1 1 -2	# 1063
0 1 1 0 -2 4 4 4 4 -2	# 1064
4 -2 1 0 4 1 1 1 1 -2	# 1065
1 1 4 4 -2 1 0 1 1 -2	# 1066
4 -2 0 1 4 1 1 1 1 -2	# 1067
0 1 4 4 -2 0 1 1 0 -2	# 1068
1 1 4 4 -2 0 1 1 1 -2	# 1069
1 -2 0 1 1 4 4 1 1 -2	# 1070
1 -2 1 0 1 4 4 1 1 -2	# 1071
0 0 1 1 0 -2 -2 1 1 -2	# 1072
0 0 0 0 0 0 0 -1 -1 -1	# 1073
-2 -2 1 1 -2 -2 -2 1 1 -2	# 1074
-2 -2 1 1 -2 -8 -8 1 1 -8	# 1075
1 0 1 1 1 1 1 -2 -2 -2	# 1076
1 0 0 0 1 1 1 -2 -2 -2	# 1077
3 0 0 0 3 3 3 -2 -2 -2	# 1078
4 0 1 1 4 4 4 -2 -2 -2	# 1079
1 0 1 1 1 1 0 -2 -2 -2	# 1080
3 0 4 4 2 -8 -8 3 3 -8	# 1081
1 -2 1 1 1 4 4 -8 -8 -8	# 1082
-2 -2 1 1 -2 1 1 -8 -8 -8	# 1083
1 -2 4 4 0 -8 -8 4 4 -8	# 1084
-2 1 1 1 1 -8 -8 4 4 -8	# 1085
1 -2 4 4 0 1 0 4 4 -2	# 1086
1 1 4 4 -2 -8 -8 1 1 -8	# 1087
4 4 4 4 0 -2 -2 1 1 -2	# 1088
1 -2 4 4 0 0 1 4 4 -2	# 1089
2 0 3 3 3 -8 -8 4 4 -8	# 1090
0 -2 4 4 1 -8 -8 4 4 -8	# 1091
1 -2 0 1 1 4 4 1 0 -2	# 1092
1 -2 0 1 0 4 4 1 0 -2	# 1093
0 -2 0 1 1 4 4 1 0 -2	# 1094
1 -2 -2 -2 -2 -2 -2 -5 -5 -5	# 1095
4 4 1 1 -2 0 1 1 0 -2	# 1096
4 4 1 1 -2 0 1 1 1 -2	# 1097
1 1 4 4 -2 1 1 1 0 -2	# 1098
4 4 1 1 -2 1 1 1 0 -2	# 1099
4 4 1 1 -2 1 0 1 1 -2	# 1100
4 4 1 0 -2 0 1 1 0 -2	# 1101
1 1 1 0 0 -2 -2 1 1 -2	# 1102
3 0 3 2 2 -6 -6 3 3 -6	# 1103
4 -2 0 1 4 1 1 1 0 -2	# 1104
4 -2 1 1 4 1 1 1 0 -2	# 1105
4 -2 0 1 4 1 0 1 0 -2	# 1106
1 -2 1 1 1 4 4 1 0 -2	# 1107
1 0 1 0 0 -2 -2 1 1 -2	# 1108
0 2 2 2 3 3 3 -6 -6 -6	# 1109
0 6 6 6 9 9 9 -2 -2 -2	# 1110
0 3 2 3 3 3 3 -6 -6 -6	# 1111
0 3 2 3 3 3 2 -6 -6 -6	# 1112
1 1 1 0 1 1 1 -2 -2 -2	# 1113
0 3 3 2 3 3 3 -6 -6 -6	# 1114
0 3 3 2 2 3 3 -6 -6 -6	# 1115
0 3 2 3 4 3 4 -8 -8 -8	# 1116
4 1 1 0 4 4 4 -2 -2 -2	# 1117
0 3 2 3 2 3 3 -6 -6 -6	# 1118
0 3 3 2 3 2 3 -6 -6 -6	# 1119
0 1 1 0 1 1 0 -2 -2 -2	# 1120
1 1 1 1 1 1 0 -2 -2 -2	# 1121
0 3 3 2 4 4 3 -8 -8 -8	# 1122
0 3 3 3 3 3 2 -6 -6 -6	# 1123
0 2 3 3 3 3 2 -6 -6 -6	# 1124
0 2 3 3 3 3 3 -6 -6 -6	# 1125
0 2 3 3 3 2 3 -6 -6 -6	# 1126
0 2 3 3 3 4 4 -8 -8 -8	# 1127
6 6 0 6 -2 9 -2 9 -2 9	# 1128
1 1 4 4 -2 1 1 -8 -8 -8	# 1129
4 4 4 4 1 1 0 -2 -2 -2	# 1130
3 3 3 3 0 0 0 -2 -2 -2	# 1131
1 1 1 1 0 0 0 -2 -2 -2	# 1132
0 3 3 3 2 2 2 -6 -6 -6	# 1133
0 9 9 9 6 6 6 -2 -2 -2	# 1134
0 0 -2 1 4 1 4 1 -2 0	# 1135
1 0 -2 1 4 1 4 1 -2 0	# 1136
1 0 -2 1 4 1 4 1 -2 1	# 1137
1 4 1 4 0 -2 1 1 -2 0	# 1138
0 4 4 3 3 3 2 -8 -8 -8	# 1139
1 0 1 1 -2 1 -2 1 -2 0	# 1140
1 0 1 1 -2 1 -2 1 -2 1	# 1141
0 0 0 0 -1 0 -1 0 -1 0	# 1142
0 0 3 0 -2 3 -2 3 -2 3	# 1143
1 0 4 1 -2 4 -2 4 -2 4	# 1144
0 0 1 0 -2 1 -2 1 -2 1	# 1145
0 3 3 3 3 2 3 -6 -6 -6	# 1146
1 0 1 1 -2 0 -2 1 -2 1	# 1147
3 2 0 3 -6 3 -6 3 -6 3	# 1148
2 2 0 2 -6 3 -6 3 -6 3	# 1149
3 2 0 3 -6 3 -6 3 -6 2	# 1150
3 2 0 3 -6 2 -6 3 -6 3	# 1151
1 0 0 1 -2 1 -2 1 -2 0	# 1152
0 0 4 4 4 1 0 1 0 -2	# 1153
1 0 0 1 -2 0 -2 1 -2 1	# 1154
3 3 0 3 -6 2 -6 3 -6 3	# 1155
0 4 3 4 3 2 3 -8 -8 -8	# 1156
4 0 -2 1 1 4 1 1 -2 0	# 1157
4 0 -2 1 0 4 1 1 -2 0	# 1158
4 0 -2 1 1 4 0 1 -2 0	# 1159
1 1 1 1 -2 0 -2 1 -2 1	# 1160
1 1 0 1 -2 1 -2 1 -2 1	# 1161
3 3 0 3 -6 3 -6 3 -6 2	# 1162
4 0 -2 1 1 4 1 1 -2 1	# 1163
-2 0 4 4 1 4 4 1 0 -2	# 1164
1 1 1 1 -2 1 -2 1 -2 0	# 1165
-2 1 4 4 0 4 4 1 0 -2	# 1166
4 0 0 1 0 0 1 4 4 -2	# 1167
6 -2 9 -2 6 0 6 9 -2 9	# 1168
0 -2 3 -2 0 0 0 3 -2 3	# 1169
4 0 0 1 0 1 0 4 4 -2	# 1170
-2 1 4 4 0 4 4 -8 -8 -8	# 1171
1 -2 1 -2 1 0 1 1 -2 1	# 1172
0 -1 0 -1 0 0 0 0 -1 0	# 1173
3 -6 2 -6 3 0 3 2 -6 2	# 1174
3 -6 2 -6 3 0 3 3 -6 3	# 1175
1 -2 0 -2 1 1 1 1 -2 1	# 1176
1 -2 0 -2 1 0 1 0 -2 0	# 1177
-2 -5 -2 -5 -2 1 -2 -2 -5 -2	# 1178
1 -2 0 -2 1 1 1 0 -2 0	# 1179
3 -2 0 -2 3 3 3 0 -2 0	# 1180
0 4 1 4 0 -2 1 1 -2 0	# 1181
1 4 1 4 0 -2 1 1 -2 1	# 1182
0 -2 3 -2 0 3 0 3 -2 3	# 1183
0 -2 1 -2 0 1 0 1 -2 1	# 1184
-1 -1 0 -1 -1 0 -1 0 -1 0	# 1185
4 0 1 0 0 1 0 4 4 -2	# 1186
4 0 1 0 0 0 1 4 4 -2	# 1187
0 -2 1 -2 0 0 0 1 -2 1	# 1188
2 -6 3 -6 2 0 2 3 -6 3	# 1189
0 4 1 0 0 4 4 1 0 -2	# 1190
4 -2 0 -2 4 4 4 1 -2 1	# 1191
0 1 1 0 0 1 1 -2 -2 -2	# 1192
-2 -2 0 -2 -2 1 -2 1 -2 1	# 1193
4 1 4 1 0 -2 1 1 -2 0	# 1194
4 1 4 1 0 -2 1 1 -2 1	# 1195
1 -2 0 -2 1 1 0 1 -2 1	# 1196
3 -6 2 -6 3 0 2 3 -6 3	# 1197
1 -2 1 -2 1 1 0 1 -2 1	# 1198
3 -6 3 -6 3 0 2 3 -6 3	# 1199
1 -2 0 -2 1 0 0 1 -2 1	# 1200
4 0 4 1 0 -2 1 1 -2 0	# 1201
1 -2 4 -2 1 4 0 4 -2 4	# 1202
4 1 4 0 0 -2 1 1 -2 0	# 1203
3 -6 2 -6 2 0 3 3 -6 3	# 1204
1 -2 0 -2 0 1 1 1 -2 1	# 1205
3 -6 3 -6 2 0 3 3 -6 3	# 1206
1 -2 1 -2 0 1 1 1 -2 1	# 1207
1 -2 0 -2 0 0 1 1 -2 1	# 1208
0 1 1 1 1 1 1 -2 -2 -2	# 1209
1 -2 4 -2 0 4 1 4 -2 4	# 1210
1 -2 1 -2 1 1 1 1 -2 0	# 1211
1 -2 1 -2 0 1 1 1 -2 0	# 1212
0 3 3 3 2 3 3 -6 -6 -6	# 1213
0 3 4 4 2 3 3 -8 -8 -8	# 1214
3 -6 3 -6 2 0 3 3 -6 2	# 1215
3 -6 3 -6 3 0 3 3 -6 2	# 1216
1 -2 1 -2 0 0 1 1 -2 0	# 1217
0 0 0 0 -2 3 -2 3 -2 3	# 1218
0 1 0 1 -2 0 -2 1 -2 1	# 1219
2 3 0 3 -8 3 -8 4 -8 4	# 1220
0 1 1 1 -2 1 -2 1 -2 0	# 1221
0 1 1 1 -2 1 -2 1 -2 1	# 1222
2 3 0 3 -6 3 -6 3 -6 2	# 1223
2 3 0 3 -6 3 -6 3 -6 3	# 1224
0 1 4 1 -2 4 -2 4 -2 4	# 1225
3 4 0 4 -8 2 -8 3 -8 3	# 1226
3 3 0 3 -6 2 -6 2 -6 2	# 1227
1 1 1 1 -2 0 -2 0 -2 0	# 1228
4 4 4 4 -2 1 -2 1 -2 0	# 1229
3 3 3 3 -2 0 -2 0 -2 0	# 1230
0 -2 1 -2 1 1 1 1 -2 0	# 1231
0 -2 1 -2 1 1 1 1 -2 1	# 1232
4 4 4 4 -2 0 -2 1 -2 1	# 1233
4 -2 1 -2 4 4 4 1 -2 0	# 1234
2 -6 3 -6 3 0 3 3 -6 2	# 1235
0 -2 1 -2 1 0 1 1 -2 0	# 1236
2 -6 3 -6 3 0 3 3 -6 3	# 1237
-2 -2 1 -2 -5 -2 -5 -2 -5 -2	# 1238
4 4 -2 0 -8 4 -8 4 -8 1	# 1239
3 3 0 2 -6 3 -6 3 -6 3	# 1240
1 1 -2 -2 -8 1 -8 1 -8 -2	# 1241
1 4 1 4 -8 -2 -8 1 -8 1	# 1242
1 1 0 0 -2 1 -2 1 -2 0	# 1243
1 1 0 1 -2 0 -2 0 -2 0	# 1244
-2 1 4 1 0 4 1 1 -2 1	# 1245
1 4 -2 4 -8 0 -8 4 -8 4	# 1246
-2 1 -2 1 -8 -2 -8 1 -8 1	# 1247
-2 1 4 0 0 4 1 1 -2 1	# 1248
-2 1 1 1 -8 1 -8 4 -8 4	# 1249
1 1 1 0 -2 0 -2 1 -2 1	# 1250
3 3 0 2 -6 2 -6 3 -6 3	# 1251
1 1 0 0 -2 0 -2 1 -2 1	# 1252
0 0 0 0 -2 1 -2 1 -2 1	# 1253
1 -2 1 -2 1 0 0 1 -2 0	# 1254
0 4 -2 4 -8 1 -8 4 -8 4	# 1255
1 -8 1 -8 1 -2 -2 1 -8 -2	# 1256
0 1 0 1 -2 1 -2 1 -2 0	# 1257
3 -8 4 -8 3 0 2 4 -8 3	# 1258
1 -8 4 -8 1 1 -2 4 -8 1	# 1259
4 4 1 1 -8 1 -8 1 -8 -2	# 1260
-2 1 4 0 0 4 1 1 -2 0	# 1261
4 -8 1 -8 4 1 1 1 -8 -2	# 1262
4 -8 3 -8 4 0 3 3 -8 2	# 1263
4 4 -2 1 -8 4 -8 4 -8 0	# 1264
4 -8 4 -8 4 -2 1 4 -8 0	# 1265
4 -8 4 -8 4 -2 0 4 -8 1	# 1266
4 4 0 3 -8 3 -8 3 -8 2	# 1267
3 3 0 2 -8 4 -8 4 -8 3	# 1268
1 1 1 0 -2 1 -2 1 -2 1	# 1269
1 1 4 0 -2 4 -2 4 -2 4	# 1270
-2 1 1 -2 1 1 -2 -2 -2 -2	# 1271
-2 1 1 -2 1 1 -2 -8 -8 -8	# 1272
1 4 4 1 1 1 -2 -8 -8 -8	# 1273
-8 1 1 -8 1 1 -8 -2 -2 -2	# 1274
4 0 0 1 1 0 0 4 -2 4	# 1275
-8 4 1 -8 4 1 -8 1 1 -2	# 1276
1 1 1 -2 -8 4 -8 4 -8 1	# 1277
4 0 0 1 0 0 1 4 -2 4	# 1278
4 1 0 0 1 0 0 4 -2 4	# 1279
4 1 0 0 0 0 1 4 -2 4	# 1280
0 0 -2 1 4 1 -2 1 4 0	# 1281
1 -2 0 4 0 -2 1 1 4 0	# 1282
-2 0 4 1 1 4 0 1 -2 0	# 1283
-2 0 4 1 1 4 0 1 -2 1	# 1284
1 0 4 0 -2 0 4 1 4 0	# 1285
4 0 -2 1 0 4 0 1 4 0	# 1286
0 0 3 3 0 3 2 2 3 0	# 1287
0 0 3 3 0 3 3 2 3 0	# 1288
0 4 1 -2 0 -2 1 1 4 0	# 1289
0 0 3 2 0 3 3 2 3 0	# 1290
1 0 -2 1 -2 0 4 1 4 0	# 1291
-2 1 1 1 0 1 1 4 -2 4	# 1292
1 1 1 1 0 1 0 0 1 0	# 1293
4 4 1 -2 -2 0 4 1 4 0	# 1294
0 1 4 0 -2 0 4 1 4 0	# 1295
-2 1 1 0 0 1 1 4 -2 4	# 1296
4 0 4 0 0 -2 1 1 4 0	# 1297
3 3 3 3 0 3 2 2 3 0	# 1298
3 3 3 3 0 3 3 2 3 0	# 1299
-2 -2 6 9 -2 6 9 6 9 0	# 1300
-2 -2 0 3 -2 0 3 0 3 0	# 1301
-8 1 4 -8 1 4 -8 1 -2 1	# 1302
0 -2 0 4 1 4 0 1 4 0	# 1303
0 0 -2 4 4 1 0 1 0 4	# 1304
1 0 -2 4 -2 0 1 1 0 4	# 1305
4 0 -2 4 1 4 -2 1 0 4	# 1306
4 -2 0 4 4 1 -2 1 4 0	# 1307
4 1 1 4 1 1 -2 -2 1 0	# 1308
1 4 4 1 1 1 -2 -2 1 0	# 1309
1 4 4 1 0 1 -2 -2 1 0	# 1310
4 1 1 4 0 1 -2 -2 1 0	# 1311
0 1 4 -2 -2 0 1 1 0 4	# 1312
0 1 4 -2 -2 1 1 1 0 4	# 1313
1 1 4 -2 -2 1 1 1 0 4	# 1314
-8 4 4 -8 4 4 -8 -2 1 0	# 1315
3 0 3 2 3 3 3 2 3 0	# 1316
1 0 1 0 1 1 1 0 1 0	# 1317
3 0 3 3 3 3 3 2 3 0	# 1318
1 1 1 -2 4 4 1 -8 -8 -8	# 1319
-2 0 3 -2 0 3 -2 0 0 3	# 1320
-2 0 1 -2 0 1 -2 0 0 1	# 1321
-2 1 1 -2 0 1 -2 0 1 0	# 1322
1 0 0 1 0 1 0 0 0 1	# 1323
3 2 0 3 0 3 0 2 0 3	# 1324
4 0 1 4 0 1 -2 -2 1 0	# 1325
-2 0 1 0 1 0 1 4 4 -2	# 1326
1 -2 0 1 0 -2 4 1 0 4	# 1327
0 4 1 0 0 -2 4 1 0 4	# 1328
1 4 4 0 0 1 -2 -2 1 0	# 1329
1 0 1 -2 4 4 1 -2 1 0	# 1330
1 0 1 -2 4 4 0 -2 1 0	# 1331
0 -2 4 4 1 0 1 4 4 -2	# 1332
4 1 4 -2 0 -2 4 1 0 4	# 1333
1 1 1 -2 4 4 1 -2 1 0	# 1334
-2 1 1 0 1 0 1 4 4 -2	# 1335
-2 1 1 0 0 0 1 4 4 -2	# 1336
4 0 1 -2 1 1 4 -2 1 0	# 1337
4 1 1 -2 1 1 4 -2 1 0	# 1338
4 0 1 -2 0 1 4 -2 1 0	# 1339
0 3 3 3 0 0 0 -2 -2 -2	# 1340
0 1 4 -2 -2 1 1 0 0 4	# 1341
0 1 1 1 0 0 0 -2 -2 -2	# 1342
-2 1 1 1 1 0 1 4 4 -2	# 1343
4 1 1 -2 1 1 4 -2 0 1	# 1344
0 4 4 0 0 1 4 -2 0 1	# 1345
-2 0 1 -2 1 1 -2 0 1 0	# 1346
4 4 4 4 -2 1 -2 0 -2 1	# 1347
-2 1 4 0 0 4 1 0 -2 1	# 1348
4 -2 1 4 4 1 -2 0 4 0	# 1349
1 0 4 0 4 1 -2 0 4 0	# 1350
0 0 1 4 4 4 0 -2 0 1	# 1351
-2 4 4 0 4 4 1 -2 0 1	# 1352
-2 4 4 1 4 4 0 -2 0 1	# 1353
1 1 1 -2 4 4 1 -2 0 1	# 1354
-2 1 0 1 1 1 0 4 4 -2	# 1355
-2 0 0 1 1 1 0 4 4 -2	# 1356
-2 1 0 1 0 1 0 4 4 -2	# 1357
-2 -2 1 -2 -2 1 -2 0 -2 1	# 1358
0 -2 0 1 1 4 -2 1 0 4	# 1359
-2 1 1 1 1 1 0 4 4 -2	# 1360
-2 4 1 1 4 1 0 1 1 -2	# 1361
-2 4 4 1 4 4 0 -8 -8 -8	# 1362
-8 4 4 -8 4 4 -8 -2 0 1	# 1363
1 0 4 0 -2 1 4 0 4 0	# 1364
1 -2 -2 1 -2 1 -2 -2 -2 1	# 1365
1 0 0 1 -2 1 -2 0 -2 1	# 1366
1 -2 -2 1 -8 1 -8 -2 -8 1	# 1367
4 4 1 -2 -2 1 4 0 4 0	# 1368
4 0 -2 4 -8 4 -8 1 -8 4	# 1369
3 3 0 3 -6 3 -6 2 -6 3	# 1370
4 1 -2 4 -8 4 -8 0 -8 4	# 1371
4 3 0 4 -8 3 -8 2 -8 3	# 1372
1 1 1 1 -2 1 -2 0 -2 1	# 1373
0 1 1 1 -2 1 -2 0 -2 1	# 1374
2 3 0 3 -6 3 -6 2 -6 3	# 1375
0 1 0 1 -2 1 -2 0 -2 1	# 1376
-2 4 4 1 4 4 0 -2 1 0	# 1377
4 1 1 4 1 1 -2 -2 0 1	# 1378
1 -2 1 1 -8 4 -8 1 -8 4	# 1379
1 4 4 1 1 1 -2 -2 0 1	# 1380
0 0 1 4 4 4 0 -2 1 0	# 1381
3 2 0 3 -8 4 -8 3 -8 4	# 1382
-2 0 1 1 1 1 0 4 -2 4	# 1383
-2 1 1 1 1 1 0 4 -2 4	# 1384
-2 1 4 1 1 4 0 1 -2 1	# 1385
0 -2 1 1 1 4 -2 0 0 4	# 1386
1 1 1 0 -2 1 -2 0 -2 1	# 1387
3 3 0 2 -6 3 -6 2 -6 3	# 1388
1 1 0 0 -2 1 -2 0 -2 1	# 1389
-2 1 1 0 1 1 1 4 4 -2	# 1390
-2 4 1 0 4 1 1 1 1 -2	# 1391
4 1 1 4 -8 1 -8 -2 -8 1	# 1392
1 0 4 4 -2 1 0 0 1 -2	# 1393
1 1 4 4 -2 1 0 0 1 -2	# 1394
-2 4 4 0 4 4 1 -8 -8 -8	# 1395
-2 4 4 0 4 4 1 -2 1 0	# 1396
1 1 4 4 -2 1 1 0 1 -2	# 1397
4 4 1 1 -2 1 0 0 1 -2	# 1398
4 4 1 1 -2 1 1 0 1 -2	# 1399
3 0 3 0 2 0 3 2 0 3	# 1400
-2 1 0 1 1 1 1 4 4 -2	# 1401
0 0 1 -2 4 4 1 -2 1 0	# 1402
1 0 1 0 0 0 1 0 0 1	# 1403
-2 1 0 0 0 1 1 4 -2 4	# 1404
4 4 1 0 -2 1 0 0 1 -2	# 1405
0 0 0 0 1 1 1 -2 -2 -2	# 1406
0 0 0 0 3 3 3 -2 -2 -2	# 1407
4 -2 1 0 4 1 1 0 1 -2	# 1408
-2 0 4 1 1 4 0 0 -2 1	# 1409
4 -2 1 0 4 1 0 0 1 -2	# 1410
4 -2 1 1 4 1 1 0 1 -2	# 1411
-2 1 1 4 0 1 4 -2 1 1	# 1412
1 -2 1 0 1 4 4 0 1 -2	# 1413
1 -2 1 1 1 4 4 0 1 -2	# 1414
0 4 4 -2 0 1 1 -2 4 4	# 1415
1 4 4 -2 0 1 0 -2 4 4	# 1416
-2 1 1 0 0 0 1 4 -2 4	# 1417
-8 4 4 -8 0 1 -8 -2 4 4	# 1418
4 1 1 4 0 1 -2 -2 1 1	# 1419
4 -2 1 -2 4 4 4 0 -2 1	# 1420
0 0 1 1 1 1 0 -2 -2 -2	# 1421
1 -2 1 0 0 4 4 0 1 -2	# 1422
0 -2 4 4 1 1 0 4 4 -2	# 1423
-2 1 4 0 1 4 1 1 -2 1	# 1424
-2 1 1 0 1 1 1 4 -2 4	# 1425
-2 0 4 4 1 4 4 -8 -8 -8	# 1426
-2 0 4 1 1 4 0 0 4 0	# 1427
3 -6 3 -6 3 0 3 2 -6 3	# 1428
1 -2 1 -2 1 1 1 0 -2 1	# 1429
0 -2 1 -2 1 1 1 0 -2 1	# 1430
0 0 1 1 1 1 0 0 1 0	# 1431
1 4 4 1 0 1 -2 -2 1 1	# 1432
0 0 4 4 4 1 0 0 1 -2	# 1433
1 -2 1 -2 1 1 0 0 -2 1	# 1434
1 0 1 0 4 4 -2 -2 4 4	# 1435
1 -2 1 -2 1 0 0 0 -2 1	# 1436
3 -6 3 -6 3 0 2 2 -6 3	# 1437
0 0 1 1 4 4 -2 -2 4 4	# 1438
0 -2 1 -2 1 0 1 0 -2 1	# 1439
2 -6 3 -6 3 0 3 2 -6 3	# 1440
1 -8 1 -8 -2 -2 1 -2 -8 1	# 1441
1 -2 1 -2 -2 -2 1 -2 -2 1	# 1442
1 -2 1 -2 0 0 1 0 -2 1	# 1443
1 -8 4 -8 -2 1 1 1 -8 4	# 1444
3 -8 4 -8 2 0 3 3 -8 4	# 1445
4 -8 4 -8 0 -2 4 1 -8 4	# 1446
4 -8 4 -8 1 -2 4 0 -8 4	# 1447
0 0 4 1 4 1 -2 0 4 0	# 1448
4 -8 3 -8 3 0 4 2 -8 3	# 1449
4 -8 1 -8 1 1 4 -2 -8 1	# 1450
-8 0 1 -8 4 4 -8 -2 4 4	# 1451
0 -2 1 4 1 4 0 0 4 0	# 1452
-2 0 4 0 1 4 1 0 4 0	# 1453
0 -2 1 0 1 4 4 0 1 -2	# 1454
-2 0 0 1 1 1 0 4 -2 4	# 1455
1 4 1 -2 0 4 0 0 4 0	# 1456
-2 1 1 1 0 1 1 -2 4 4	# 1457
-2 0 4 4 1 4 4 0 1 -2	# 1458
4 0 1 0 0 1 0 -2 4 4	# 1459
0 -2 4 -2 1 4 1 4 -2 4	# 1460
4 0 1 -2 1 1 4 -2 1 1	# 1461
1 0 1 -2 4 4 1 -2 1 1	# 1462
0 -2 0 -2 1 0 1 1 -2 1	# 1463
-2 -8 -2 -8 1 -2 1 1 -8 1	# 1464
1 -2 1 4 0 4 0 0 4 0	# 1465
1 -2 0 4 0 4 0 1 4 0	# 1466
-2 0 1 1 1 0 0 4 -2 4	# 1467
2 -8 3 -8 3 0 3 4 -8 4	# 1468
-2 -8 1 -8 1 1 1 4 -8 4	# 1469
-2 1 4 4 0 4 4 0 1 -2	# 1470
-2 1 4 0 0 4 1 0 4 0	# 1471
1 -8 -2 -8 4 1 4 1 -8 1	# 1472
3 -8 2 -8 4 0 4 3 -8 3	# 1473
0 -8 1 -8 4 -2 4 4 -8 4	# 1474
-2 1 4 1 0 4 0 0 4 0	# 1475
1 -8 0 -8 4 -2 4 4 -8 4	# 1476
0 1 1 0 0 1 1 0 1 0	# 1477
0 4 1 0 0 4 4 0 1 -2	# 1478
-2 0 1 4 1 1 4 -2 1 1	# 1479
0 4 4 0 0 1 4 -2 1 0	# 1480
1 -2 0 1 0 -2 4 1 1 4	# 1481
1 -2 0 0 0 -2 4 1 1 4	# 1482
1 -2 1 1 0 -2 4 1 1 4	# 1483
0 1 4 4 -2 1 0 0 1 -2	# 1484
1 -2 0 4 0 -2 1 1 4 1	# 1485
1 -2 1 4 0 -2 1 1 4 1	# 1486
1 -2 0 4 0 -2 0 1 4 1	# 1487
0 4 1 -2 0 4 1 0 4 0	# 1488
0 1 4 0 -2 1 4 0 4 0	# 1489
-2 0 1 1 1 1 1 4 -2 4	# 1490
0 4 4 1 0 1 -2 -2 1 0	# 1491
-2 0 4 1 1 4 1 1 -2 1	# 1492
-2 0 1 1 1 1 1 -2 4 4	# 1493
4 0 4 -2 0 -2 4 1 1 4	# 1494
4 0 4 0 0 -2 0 1 4 1	# 1495
1 0 -2 1 -2 1 4 1 4 1	# 1496
1 0 -2 4 -2 1 1 1 1 4	# 1497
1 -2 0 0 0 4 -2 1 1 4	# 1498
-8 1 4 -8 -2 1 -8 1 1 4	# 1499
4 0 -2 4 0 4 -2 1 1 4	# 1500
4 0 -2 0 0 4 0 1 4 1	# 1501
1 1 4 -2 -2 1 0 1 1 4	# 1502
1 0 4 -2 -2 1 0 1 1 4	# 1503
1 0 4 -2 -2 1 1 1 1 4	# 1504
0 1 4 -2 -2 1 1 1 1 4	# 1505
-2 -2 0 4 -2 1 4 1 4 4	# 1506
-2 -2 0 3 -2 0 3 0 3 3	# 1507
1 0 4 -2 -2 1 0 0 1 4	# 1508
-2 -2 0 1 -2 1 1 1 1 1	# 1509
-2 -2 0 1 -2 0 1 0 1 1	# 1510
-2 -2 0 1 -2 1 0 1 1 1	# 1511
-6 -6 2 3 -6 3 3 3 2 0	# 1512
-2 -2 0 1 -2 1 1 1 0 0	# 1513
-2 -2 0 1 -2 1 1 1 0 1	# 1514
-1 -1 0 0 -1 0 0 0 0 0	# 1515
-2 -2 1 1 -2 1 1 1 0 1	# 1516
-5 -5 -2 -2 -5 -2 -2 -2 -2 1	# 1517
1 0 0 4 -2 4 1 4 0 0	# 1518
0 1 0 4 -2 4 1 4 0 0	# 1519
-2 -2 4 1 -2 4 1 4 0 4	# 1520
-2 -2 1 0 -2 1 0 1 0 1	# 1521
-2 -2 3 0 -2 3 0 3 0 3	# 1522
-2 -2 1 4 -2 1 4 0 4 4	# 1523
-2 -2 1 1 -2 1 0 1 1 1	# 1524
1 0 -2 0 -2 0 4 1 4 1	# 1525
1 0 -2 1 -2 0 4 1 4 1	# 1526
1 0 0 4 -2 4 0 4 1 0	# 1527
0 1 0 4 -2 4 0 4 1 0	# 1528
1 1 1 -2 -2 4 1 4 0 1	# 1529
1 0 -2 4 -2 0 0 1 1 4	# 1530
1 0 -2 4 -2 0 1 1 1 4	# 1531
1 0 1 -2 -2 4 0 4 1 1	# 1532
1 1 1 -2 -2 4 0 4 1 1	# 1533
1 0 0 -2 -2 4 0 4 1 1	# 1534
0 1 1 -2 -2 4 1 4 0 1	# 1535
0 1 0 -2 -2 4 1 4 0 1	# 1536
-2 -2 1 0 -2 1 1 1 1 1	# 1537
-6 -6 3 3 -6 3 3 3 2 0	# 1538
-6 -6 3 2 -6 3 2 3 2 0	# 1539
-2 -2 1 0 -2 1 1 0 1 1	# 1540
-2 -2 1 0 -2 1 1 0 1 0	# 1541
-6 -6 3 3 -6 3 2 3 3 0	# 1542
-2 -2 9 6 -2 9 6 9 6 0	# 1543
0 1 1 -2 -2 4 1 4 0 0	# 1544
-2 -2 1 1 -2 1 0 0 1 1	# 1545
-2 -2 1 1 -2 1 0 0 1 0	# 1546
1 -2 1 0 0 4 -2 0 1 4	# 1547
1 0 1 -2 -2 4 0 4 1 0	# 1548
-2 -2 1 1 -2 0 1 1 1 1	# 1549
-2 -2 1 4 -2 0 4 1 4 4	# 1550
-2 -2 1 0 -2 1 0 1 0 0	# 1551
-6 -6 3 3 -6 2 3 3 3 0	# 1552
-2 -2 1 1 -2 1 1 1 1 0	# 1553
-2 -2 1 1 -2 1 1 -2 -2 -2	# 1554
0 0 1 1 0 1 1 0 0 0	# 1555
-6 -6 2 3 -6 2 3 2 3 0	# 1556
-2 -2 3 0 -2 3 0 3 0 0	# 1557
-2 -2 1 1 -2 1 1 0 0 0	# 1558
0 0 3 3 0 3 3 2 2 0	# 1559
-8 -8 1 1 -8 1 1 -2 -2 -2	# 1560
-6 -6 2 3 -6 3 3 3 3 0	# 1561
-6 -6 3 3 -6 3 3 2 3 0	# 1562
-8 -8 4 4 -8 4 4 0 1 -2	# 1563
-8 -8 4 4 -8 4 4 1 0 -2	# 1564
-6 -6 3 2 -6 2 3 3 3 0	# 1565
-2 -2 1 0 -2 0 1 1 1 1	# 1566
-6 -6 3 2 -6 3 3 3 3 0	# 1567
-2 -2 1 0 -2 0 1 1 1 0	# 1568
-2 -2 1 1 -2 1 1 0 1 1	# 1569
-6 -6 3 3 -6 3 2 2 3 0	# 1570
-8 -8 4 3 -8 4 3 3 2 0	# 1571
-8 -8 4 1 -8 4 1 1 -2 1	# 1572
0 1 1 -2 -2 4 1 4 1 1	# 1573
-6 -6 3 2 -6 3 3 2 3 0	# 1574
-2 -2 1 1 -2 0 0 1 1 0	# 1575
-8 -8 1 1 -8 -2 -2 1 1 -2	# 1576
-8 -8 4 3 -8 3 2 4 3 0	# 1577
-2 -2 4 0 -2 4 1 4 1 4	# 1578
-8 -8 4 1 -8 1 -2 4 1 1	# 1579
-8 -8 4 4 -8 0 1 4 4 -2	# 1580
-8 -8 4 4 -8 1 0 4 4 -2	# 1581
1 0 4 -2 -2 0 0 1 1 4	# 1582
-8 -8 1 4 -8 -2 1 1 4 1	# 1583
-8 -8 3 4 -8 2 3 3 4 0	# 1584
-8 -8 3 4 -8 3 4 2 3 0	# 1585
-2 -2 4 1 -2 4 0 4 1 4	# 1586
-8 -8 1 4 -8 1 4 -2 1 1	# 1587
1 0 1 -2 -2 4 1 4 1 1	# 1588
-2 -2 1 1 -2 0 1 1 0 1	# 1589
-6 -6 3 3 -6 2 3 3 2 0	# 1590
-2 -2 1 1 -2 0 1 1 0 0	# 1591
-8 -8 1 -2 -8 4 1 4 1 1	# 1592
-2 -2 0 0 -2 1 1 1 1 0	# 1593
-8 -8 3 2 -8 4 3 4 3 0	# 1594
-2 -2 0 1 -2 1 0 1 1 0	# 1595
-8 -8 0 1 -8 4 4 4 4 -2	# 1596
-8 -8 -2 -2 -8 1 1 1 1 -2	# 1597
-8 -8 1 0 -8 4 4 4 4 -2	# 1598
-6 -6 2 3 -6 3 2 3 3 0	# 1599
-2 -2 0 1 -2 0 1 0 1 0	# 1600
-8 -8 -2 1 -8 1 4 1 4 1	# 1601
-8 -8 2 3 -8 3 4 3 4 0	# 1602

N_RAYS
1603

LINEALITY_SPACE

ORTH_LINEALITY_SPACE
-1 0 0 0 0 0 0 0 0 0	# 0
0 -1 0 0 0 0 0 0 0 0	# 1
0 0 -1 0 0 0 0 0 0 0	# 2
0 0 0 -1 0 0 0 0 0 0	# 3
0 0 0 0 -1 0 0 0 0 0	# 4
0 0 0 0 0 -1 0 0 0 0	# 5
0 0 0 0 0 0 -1 0 0 0	# 6
0 0 0 0 0 0 0 -1 0 0	# 7
0 0 0 0 0 0 0 0 -1 0	# 8
0 0 0 0 0 0 0 0 0 -1	# 9

F_VECTOR
1 1603 6110 6525 2200

CONES
{}	# Dimension 0
{0}	# Dimension 1
{1}
{2}
{3}
{4}
{5}
{6}
{7}
{8}
{9}
{10}
{11}
{12}
{13}
{14}
{15}
{16}
{17}
{18}
{19}
{20}
{21}
{22}
{23}
{24}
{25}
{26}
{27}
{28}
{29}
{30}
{31}
{32}
{33}
{34}
{35}
{36}
{37}
{38}
{39}
{40}
{41}
{42}
{43}
{44}
{45}
{46}
{47}
{48}
{49}
{50}
{51}
{52}
{53}
{54}
{55}
{56}
{57}
{58}
{59}
{60}
{61}
{62}
{63}
{64}
{65}
{66}
{67}
{68}
{69}
{70}
{71}
{72}
{73}
{74}
{75}
{76}
{77}
{78}
{79}
{80}
{81}
{82}
{83}
{84}
{85}
{86}
{87}
{88}
{89}
{90}
{91}
{92}
{93}
{94}
{95}
{96}
{97}
{98}
{99}
{100}
{101}
{102}
{103}
{104}
{105}
{106}
{107}
{108}
{109}
{110}
{111}
{112}
{113}
{114}
{115}
{116}
{117}
{118}
{119}
{120}
{121}
{122}
{123}
{124}
{125}
{126}
{127}
{128}
{129}
{130}
{131}
{132}
{133}
{134}
{135}
{136}
{137}
{138}
{139}
{140}
{141}
{142}
{143}
{144}
{145}
{146}
{147}
{148}
{149}
{150}
{151}
{152}
{153}
{154}
{155}
{156}
{157}
{158}
{159}
{160}
{161}
{162}
{163}
{164}
{165}
{166}
{167}
{168}
{169}
{170}
{171}
{172}
{173}
{174}
{175}
{176}
{177}
{178}
{179}
{180}
{181}
{182}
{183}
{184}
{185}
{186}
{187}
{188}
{189}
{190}
{191}
{192}
{193}
{194}
{195}
{196}
{197}
{198}
{199}
{200}
{201}
{202}
{203}
{204}
{205}
{206}
{207}
{208}
{209}
{210}
{211}
{212}
{213}
{214}
{215}
{216}
{217}
{218}
{219}
{220}
{221}
{222}
{223}
{224}
{225}
{226}
{227}
{228}
{229}
{230}
{231}
{232}
{233}
{234}
{235}
{236}
{237}
{238}
{239}
{240}
{241}
{242}
{243}
{244}
{245}
{246}
{247}
{248}
{249}
{250}
{251}
{252}
{253}
{254}
{255}
{256}
{257}
{258}
{259}
{260}
{261}
{262}
{263}
{264}
{265}
{266}
{267}
{268}
{269}
{270}
{271}
{272}
{273}
{274}
{275}
{276}
{277}
{278}
{279}
{280}
{281}
{282}
{283}
{284}
{285}
{286}
{287}
{288}
{289}
{290}
{291}
{292}
{293}
{294}
{295}
{296}
{297}
{298}
{299}
{300}
{301}
{302}
{303}
{304}
{305}
{306}
{307}
{308}
{309}
{310}
{311}
{312}
{313}
{314}
{315}
{316}
{317}
{318}
{319}
{320}
{321}
{322}
{323}
{324}
{325}
{326}
{327}
{328}
{329}
{330}
{331}
{332}
{333}
{334}
{335}
{336}
{337}
{338}
{339}
{340}
{341}
{342}
{343}
{344}
{345}
{346}
{347}
{348}
{349}
{350}
{351}
{352}
{353}
{354}
{355}
{356}
{357}
{358}
{359}
{360}
{361}
{362}
{363}
{364}
{365}
{366}
{367}
{368}
{369}
{370}
{371}
{372}
{373}
{374}
{375}
{376}
{377}
{378}
{379}
{380}
{381}
{382}
{383}
{384}
{385}
{386}
{387}
{388}
{389}
{390}
{391}
{392}
{393}
{394}
{395}
{396}
{397}
{398}
{399}
{400}
{401}
{402}
{403}
{404}
{405}
{406}
{407}
{408}
{409}
{410}
{411}
{412}
{413}
{414}
{415}
{416}
{417}
{418}
{419}
{420}
{421}
{422}
{423}
{424}
{425}
{426}
{427}
{428}
{429}
{430}
{431}
{432}
{433}
{434}
{435}
{436}
{437}
{438}
{439}
{440}
{441}
{442}
{443}
{444}
{445}
{446}
{447}
{448}
{449}
{450}
{451}
{452}
{453}
{454}
{455}
{456}
{457}
{458}
{459}
{460}
{461}
{462}
{463}
{464}
{465}
{466}
{467}
{468}
{469}
{470}
{471}
{472}
{473}
{474}
{475}
{476}
{477}
{478}
{479}
{480}
{481}
{482}
{483}
{484}
{485}
{486}
{487}
{488}
{489}
{490}
{491}
{492}
{493}
{494}
{495}
{496}
{497}
{498}
{499}
{500}
{501}
{502}
{503}
{504}
{505}
{506}
{507}
{508}
{509}
{510}
{511}
{512}
{513}
{514}
{515}
{516}
{517}
{518}
{519}
{520}
{521}
{522}
{523}
{524}
{525}
{526}
{527}
{528}
{529}
{530}
{531}
{532}
{533}
{534}
{535}
{536}
{537}
{538}
{539}
{540}
{541}
{542}
{543}
{544}
{545}
{546}
{547}
{548}
{549}
{550}
{551}
{552}
{553}
{554}
{555}
{556}
{557}
{558}
{559}
{560}
{561}
{562}
{563}
{564}
{565}
{566}
{567}
{568}
{569}
{570}
{571}
{572}
{573}
{574}
{575}
{576}
{577}
{578}
{579}
{580}
{581}
{582}
{583}
{584}
{585}
{586}
{587}
{588}
{589}
{590}
{591}
{592}
{593}
{594}
{595}
{596}
{597}
{598}
{599}
{600}
{601}
{602}
{603}
{604}
{605}
{606}
{607}
{608}
{609}
{610}
{611}
{612}
{613}
{614}
{615}
{616}
{617}
{618}
{619}
{620}
{621}
{622}
{623}
{624}
{625}
{626}
{627}
{628}
{629}
{630}
{631}
{632}
{633}
{634}
{635}
{636}
{637}
{638}
{639}
{640}
{641}
{642}
{643}
{644}
{645}
{646}
{647}
{648}
{649}
{650}
{651}
{652}
{653}
{654}
{655}
{656}
{657}
{658}
{659}
{660}
{661}
{662}
{663}
{664}
{665}
{666}
{667}
{668}
{669}
{670}
{671}
{672}
{673}
{674}
{675}
{676}
{677}
{678}
{679}
{680}
{681}
{682}
{683}
{684}
{685}
{686}
{687}
{688}
{689}
{690}
{691}
{692}
{693}
{694}
{695}
{696}
{697}
{698}
{699}
{700}
{701}
{702}
{703}
{704}
{705}
{706}
{707}
{708}
{709}
{710}
{711}
{712}
{713}
{714}
{715}
{716}
{717}
{718}
{719}
{720}
{721}
{722}
{723}
{724}
{725}
{726}
{727}
{728}
{729}
{730}
{731}
{732}
{733}
{734}
{735}
{736}
{737}
{738}
{739}
{740}
{741}
{742}
{743}
{744}
{745}
{746}
{747}
{748}
{749}
{750}
{751}
{752}
{753}
{754}
{755}
{756}
{757}
{758}
{759}
{760}
{761}
{762}
{763}
{764}
{765}
{766}
{767}
{768}
{769}
{770}
{771}
{772}
{773}
{774}
{775}
{776}
{777}
{778}
{779}
{780}
{781}
{782}
{783}
{784}
{785}
{786}
{787}
{788}
{789}
{790}
{791}
{792}
{793}
{794}
{795}
{796}
{797}
{798}
{799}
{800}
{801}
{802}
{803}
{804}
{805}
{806}
{807}
{808}
{809}
{810}
{811}
{812}
{813}
{814}
{815}
{816}
{817}
{818}
{819}
{820}
{821}
{822}
{823}
{824}
{825}
{826}
{827}
{828}
{829}
{830}
{831}
{832}
{833}
{834}
{835}
{836}
{837}
{838}
{839}
{840}
{841}
{842}
{843}
{844}
{845}
{846}
{847}
{848}
{849}
{850}
{851}
{852}
{853}
{854}
{855}
{856}
{857}
{858}
{859}
{860}
{861}
{862}
{863}
{864}
{865}
{866}
{867}
{868}
{869}
{870}
{871}
{872}
{873}
{874}
{875}
{876}
{877}
{878}
{879}
{880}
{881}
{882}
{883}
{884}
{885}
{886}
{887}
{888}
{889}
{890}
{891}
{892}
{893}
{894}
{895}
{896}
{897}
{898}
{899}
{900}
{901}
{902}
{903}
{904}
{905}
{906}
{907}
{908}
{909}
{910}
{911}
{912}
{913}
{914}
{915}
{916}
{917}
{918}
{919}
{920}
{921}
{922}
{923}
{924}
{925}
{926}
{927}
{928}
{929}
{930}
{931}
{932}
{933}
{934}
{935}
{936}
{937}
{938}
{939}
{940}
{941}
{942}
{943}
{944}
{945}
{946}
{947}
{948}
{949}
{950}
{951}
{952}
{953}
{954}
{955}
{956}
{957}
{958}
{959}
{960}
{961}
{962}
{963}
{964}
{965}
{966}
{967}
{968}
{969}
{970}
{971}
{972}
{973}
{974}
{975}
{976}
{977}
{978}
{979}
{980}
{981}
{982}
{983}
{984}
{985}
{986}
{987}
{988}
{989}
{990}
{991}
{992}
{993}
{994}
{995}
{996}
{997}
{998}
{999}
{1000}
{1001}
{1002}
{1003}
{1004}
{1005}
{1006}
{1007}
{1008}
{1009}
{1010}
{1011}
{1012}
{1013}
{1014}
{1015}
{1016}
{1017}
{1018}
{1019}
{1020}
{1021}
{1022}
{1023}
{1024}
{1025}
{1026}
{1027}
{1028}
{1029}
{1030}
{1031}
{1032}
{1033}
{1034}
{1035}
{1036}
{1037}
{1038}
{1039}
{1040}
{1041}
{1042}
{1043}
{1044}
{1045}
{1046}
{1047}
{1048}
{1049}
{1050}
{1051}
{1052}
{1053}
{1054}
{1055}
{1056}
{1057}
{1058}
{1059}
{1060}
{1061}
{1062}
{1063}
{1064}
{1065}
{1066}
{1067}
{1068}
{1069}
{1070}
{1071}
{1072}
{1073}
{1074}
{1075}
{1076}
{1077}
{1078}
{1079}
{1080}
{1081}
{1082}
{1083}
{1084}
{1085}
{1086}
{1087}
{1088}
{1089}
{1090}
{1091}
{1092}
{1093}
{1094}
{1095}
{1096}
{1097}
{1098}
{1099}
{1100}
{1101}
{1102}
{1103}
{1104}
{1105}
{1106}
{1107}
{1108}
{1109}
{1110}
{1111}
{1112}
{1113}
{1114}
{1115}
{1116}
{1117}
{1118}
{1119}
{1120}
{1121}
{1122}
{1123}
{1124}
{1125}
{1126}
{1127}
{1128}
{1129}
{1130}
{1131}
{1132}
{1133}
{1134}
{1135}
{1136}
{1137}
{1138}
{1139}
{1140}
{1141}
{1142}
{1143}
{1144}
{1145}
{1146}
{1147}
{1148}
{1149}
{1150}
{1151}
{1152}
{1153}
{1154}
{1155}
{1156}
{1157}
{1158}
{1159}
{1160}
{1161}
{1162}
{1163}
{1164}
{1165}
{1166}
{1167}
{1168}
{1169}
{1170}
{1171}
{1172}
{1173}
{1174}
{1175}
{1176}
{1177}
{1178}
{1179}
{1180}
{1181}
{1182}
{1183}
{1184}
{1185}
{1186}
{1187}
{1188}
{1189}
{1190}
{1191}
{1192}
{1193}
{1194}
{1195}
{1196}
{1197}
{1198}
{1199}
{1200}
{1201}
{1202}
{1203}
{1204}
{1205}
{1206}
{1207}
{1208}
{1209}
{1210}
{1211}
{1212}
{1213}
{1214}
{1215}
{1216}
{1217}
{1218}
{1219}
{1220}
{1221}
{1222}
{1223}
{1224}
{1225}
{1226}
{1227}
{1228}
{1229}
{1230}
{1231}
{1232}
{1233}
{1234}
{1235}
{1236}
{1237}
{1238}
{1239}
{1240}
{1241}
{1242}
{1243}
{1244}
{1245}
{1246}
{1247}
{1248}
{1249}
{1250}
{1251}
{1252}
{1253}
{1254}
{1255}
{1256}
{1257}
{1258}
{1259}
{1260}
{1261}
{1262}
{1263}
{1264}
{1265}
{1266}
{1267}
{1268}
{1269}
{1270}
{1271}
{1272}
{1273}
{1274}
{1275}
{1276}
{1277}
{1278}
{1279}
{1280}
{1281}
{1282}
{1283}
{1284}
{1285}
{1286}
{1287}
{1288}
{1289}
{1290}
{1291}
{1292}
{1293}
{1294}
{1295}
{1296}
{1297}
{1298}
{1299}
{1300}
{1301}
{1302}
{1303}
{1304}
{1305}
{1306}
{1307}
{1308}
{1309}
{1310}
{1311}
{1312}
{1313}
{1314}
{1315}
{1316}
{1317}
{1318}
{1319}
{1320}
{1321}
{1322}
{1323}
{1324}
{1325}
{1326}
{1327}
{1328}
{1329}
{1330}
{1331}
{1332}
{1333}
{1334}
{1335}
{1336}
{1337}
{1338}
{1339}
{1340}
{1341}
{1342}
{1343}
{1344}
{1345}
{1346}
{1347}
{1348}
{1349}
{1350}
{1351}
{1352}
{1353}
{1354}
{1355}
{1356}
{1357}
{1358}
{1359}
{1360}
{1361}
{1362}
{1363}
{1364}
{1365}
{1366}
{1367}
{1368}
{1369}
{1370}
{1371}
{1372}
{1373}
{1374}
{1375}
{1376}
{1377}
{1378}
{1379}
{1380}
{1381}
{1382}
{1383}
{1384}
{1385}
{1386}
{1387}
{1388}
{1389}
{1390}
{1391}
{1392}
{1393}
{1394}
{1395}
{1396}
{1397}
{1398}
{1399}
{1400}
{1401}
{1402}
{1403}
{1404}
{1405}
{1406}
{1407}
{1408}
{1409}
{1410}
{1411}
{1412}
{1413}
{1414}
{1415}
{1416}
{1417}
{1418}
{1419}
{1420}
{1421}
{1422}
{1423}
{1424}
{1425}
{1426}
{1427}
{1428}
{1429}
{1430}
{1431}
{1432}
{1433}
{1434}
{1435}
{1436}
{1437}
{1438}
{1439}
{1440}
{1441}
{1442}
{1443}
{1444}
{1445}
{1446}
{1447}
{1448}
{1449}
{1450}
{1451}
{1452}
{1453}
{1454}
{1455}
{1456}
{1457}
{1458}
{1459}
{1460}
{1461}
{1462}
{1463}
{1464}
{1465}
{1466}
{1467}
{1468}
{1469}
{1470}
{1471}
{1472}
{1473}
{1474}
{1475}
{1476}
{1477}
{1478}
{1479}
{1480}
{1481}
{1482}
{1483}
{1484}
{1485}
{1486}
{1487}
{1488}
{1489}
{1490}
{1491}
{1492}
{1493}
{1494}
{1495}
{1496}
{1497}
{1498}
{1499}
{1500}
{1501}
{1502}
{1503}
{1504}
{1505}
{1506}
{1507}
{1508}
{1509}
{1510}
{1511}
{1512}
{1513}
{1514}
{1515}
{1516}
{1517}
{1518}
{1519}
{1520}
{1521}
{1522}
{1523}
{1524}
{1525}
{1526}
{1527}
{1528}
{1529}
{1530}
{1531}
{1532}
{1533}
{1534}
{1535}
{1536}
{1537}
{1538}
{1539}
{1540}
{1541}
{1542}
{1543}
{1544}
{1545}
{1546}
{1547}
{1548}
{1549}
{1550}
{1551}
{1552}
{1553}
{1554}
{1555}
{1556}
{1557}
{1558}
{1559}
{1560}
{1561}
{1562}
{1563}
{1564}
{1565}
{1566}
{1567}
{1568}
{1569}
{1570}
{1571}
{1572}
{1573}
{1574}
{1575}
{1576}
{1577}
{1578}
{1579}
{1580}
{1581}
{1582}
{1583}
{1584}
{1585}
{1586}
{1587}
{1588}
{1589}
{1590}
{1591}
{1592}
{1593}
{1594}
{1595}
{1596}
{1597}
{1598}
{1599}
{1600}
{1601}
{1602}
{0 1}	# Dimension 2
{0 2}
{0 4}
{0 10}
{0 15}
{0 16}
{0 30}
{0 35}
{0 43}
{1 3}
{1 5}
{1 6}
{1 11}
{1 43}
{2 3}
{2 4}
{2 9}
{2 15}
{2 16}
{2 23}
{2 29}
{2 37}
{2 190}
{2 198}
{2 478}
{2 634}
{2 638}
{2 650}
{2 658}
{2 765}
{2 805}
{3 5}
{3 7}
{3 11}
{3 191}
{3 405}
{3 457}
{3 524}
{3 530}
{3 575}
{3 577}
{3 631}
{3 659}
{3 867}
{4 5}
{4 15}
{4 25}
{4 41}
{4 43}
{4 44}
{4 46}
{4 83}
{5 8}
{5 11}
{5 27}
{5 43}
{5 50}
{6 7}
{6 8}
{6 10}
{6 43}
{6 78}
{6 266}
{6 450}
{6 451}
{7 8}
{7 9}
{7 106}
{7 107}
{7 160}
{7 249}
{7 292}
{7 450}
{7 451}
{7 452}
{7 830}
{7 837}
{7 871}
{7 1008}
{7 1306}
{7 1378}
{8 43}
{8 51}
{8 265}
{8 284}
{8 302}
{8 451}
{8 460}
{9 10}
{9 12}
{9 23}
{9 31}
{9 37}
{9 117}
{9 160}
{9 207}
{9 292}
{9 294}
{9 452}
{9 658}
{9 893}
{9 980}
{9 1003}
{9 1026}
{10 13}
{10 15}
{10 32}
{10 35}
{10 43}
{10 74}
{10 78}
{10 86}
{10 262}
{10 267}
{10 279}
{10 299}
{10 431}
{10 451}
{10 461}
{10 464}
{11 43}
{12 13}
{12 14}
{12 15}
{12 23}
{12 36}
{12 105}
{12 241}
{12 275}
{12 276}
{12 292}
{12 478}
{12 650}
{12 658}
{12 1002}
{12 1307}
{12 1308}
{12 1349}
{13 14}
{13 15}
{13 36}
{13 43}
{13 78}
{13 270}
{13 446}
{14 15}
{14 80}
{15 16}
{15 23}
{15 36}
{15 43}
{15 74}
{15 80}
{15 83}
{15 86}
{15 91}
{15 644}
{15 730}
{16 80}
{17 18}
{17 25}
{17 43}
{17 162}
{17 260}
{17 334}
{17 336}
{17 354}
{17 412}
{17 447}
{17 497}
{17 569}
{17 589}
{17 688}
{17 761}
{17 1282}
{17 1291}
{17 1301}
{17 1515}
{17 1600}
{18 19}
{18 24}
{19 24}
{19 26}
{19 33}
{19 40}
{19 56}
{19 64}
{19 82}
{19 84}
{19 93}
{19 128}
{19 132}
{19 810}
{19 899}
{19 1118}
{20 21}
{20 22}
{20 72}
{20 100}
{20 108}
{20 114}
{20 120}
{20 163}
{20 164}
{20 171}
{20 181}
{20 186}
{20 204}
{20 208}
{20 574}
{20 599}
{20 604}
{20 620}
{21 22}
{21 87}
{21 104}
{21 114}
{21 141}
{21 142}
{21 192}
{21 219}
{21 226}
{21 234}
{21 487}
{21 491}
{21 597}
{21 851}
{21 935}
{21 1097}
{21 1294}
{23 644}
{23 658}
{24 25}
{24 26}
{24 33}
{24 40}
{24 63}
{24 1412}
{25 27}
{25 33}
{25 34}
{25 39}
{25 40}
{25 43}
{25 44}
{25 45}
{25 46}
{25 52}
{25 53}
{25 59}
{25 63}
{25 65}
{25 83}
{25 98}
{25 99}
{25 101}
{25 141}
{25 142}
{25 148}
{25 156}
{25 158}
{25 161}
{25 164}
{25 165}
{25 166}
{25 168}
{25 169}
{25 178}
{25 259}
{25 261}
{25 334}
{25 345}
{25 354}
{25 357}
{25 358}
{25 363}
{25 364}
{25 369}
{25 408}
{25 419}
{25 423}
{25 429}
{25 433}
{25 440}
{25 441}
{25 443}
{25 462}
{25 473}
{25 475}
{25 476}
{25 494}
{25 496}
{25 501}
{25 589}
{25 602}
{25 603}
{25 648}
{25 649}
{25 661}
{25 689}
{25 693}
{25 729}
{25 760}
{25 763}
{25 764}
{25 771}
{25 773}
{25 796}
{25 813}
{25 814}
{25 815}
{25 816}
{25 818}
{25 819}
{25 820}
{25 881}
{25 883}
{25 903}
{25 910}
{25 973}
{25 979}
{25 994}
{25 1412}
{25 1457}
{25 1479}
{25 1481}
{25 1483}
{25 1485}
{25 1486}
{25 1493}
{25 1496}
{25 1497}
{25 1506}
{25 1507}
{25 1509}
{25 1510}
{25 1515}
{25 1523}
{25 1526}
{25 1531}
{25 1549}
{25 1550}
{25 1569}
{25 1583}
{25 1587}
{25 1601}
{26 27}
{27 43}
{27 157}
{27 170}
{27 265}
{27 334}
{27 354}
{27 360}
{27 365}
{27 495}
{27 589}
{27 691}
{27 817}
{27 1305}
{27 1327}
{27 1514}
{27 1515}
{27 1589}
{28 29}
{28 30}
{28 41}
{28 43}
{29 30}
{29 31}
{29 41}
{29 139}
{29 185}
{29 211}
{29 224}
{29 470}
{29 472}
{29 567}
{29 768}
{29 846}
{29 873}
{30 32}
{30 41}
{30 43}
{31 32}
{31 42}
{31 54}
{31 201}
{31 202}
{31 217}
{31 223}
{31 262}
{31 292}
{31 294}
{31 326}
{31 840}
{31 841}
{31 940}
{31 980}
{31 1435}
{32 42}
{32 43}
{32 78}
{32 262}
{32 326}
{32 432}
{33 34}
{33 38}
{33 39}
{33 40}
{33 53}
{33 903}
{34 40}
{34 45}
{34 46}
{34 53}
{34 98}
{34 99}
{34 101}
{34 103}
{34 142}
{34 165}
{34 261}
{34 363}
{34 364}
{34 423}
{34 440}
{34 441}
{34 475}
{34 496}
{34 603}
{34 648}
{34 693}
{34 763}
{34 773}
{34 814}
{34 816}
{34 818}
{34 876}
{34 881}
{34 883}
{34 903}
{34 910}
{34 973}
{34 979}
{34 994}
{34 1009}
{34 1506}
{34 1507}
{34 1523}
{34 1550}
{35 37}
{35 43}
{35 86}
{35 267}
{35 279}
{35 330}
{35 431}
{35 464}
{36 43}
{36 51}
{36 91}
{36 260}
{36 284}
{36 306}
{36 447}
{37 117}
{37 207}
{37 331}
{38 39}
{38 40}
{38 47}
{38 48}
{38 54}
{38 55}
{38 60}
{38 61}
{38 66}
{38 73}
{38 135}
{38 136}
{38 209}
{38 898}
{39 40}
{39 52}
{39 55}
{39 60}
{39 1457}
{40 94}
{40 98}
{40 113}
{40 158}
{40 168}
{41 42}
{41 43}
{41 50}
{41 59}
{42 43}
{42 51}
{42 262}
{42 283}
{42 284}
{42 329}
{42 434}
{43 44}
{43 49}
{43 50}
{43 51}
{43 59}
{43 65}
{43 74}
{43 78}
{43 79}
{43 80}
{43 81}
{43 83}
{43 86}
{43 91}
{43 220}
{43 228}
{43 259}
{43 260}
{43 262}
{43 265}
{43 266}
{43 267}
{43 270}
{43 279}
{43 284}
{43 299}
{43 320}
{43 325}
{43 327}
{43 329}
{43 330}
{43 334}
{43 339}
{43 342}
{43 345}
{43 431}
{43 432}
{43 433}
{43 434}
{43 435}
{43 446}
{43 447}
{43 448}
{43 451}
{43 459}
{43 460}
{43 461}
{43 462}
{43 464}
{44 45}
{44 259}
{44 433}
{45 46}
{45 261}
{45 441}
{47 48}
{47 197}
{47 209}
{48 121}
{48 197}
{48 209}
{48 212}
{48 943}
{48 1193}
{49 50}
{49 51}
{49 79}
{49 81}
{49 220}
{49 228}
{49 235}
{49 280}
{49 325}
{49 1073}
{49 1095}
{49 1173}
{49 1178}
{50 51}
{50 232}
{50 235}
{50 237}
{50 385}
{50 471}
{50 508}
{50 520}
{50 579}
{50 694}
{50 700}
{50 785}
{50 1051}
{50 1073}
{50 1173}
{50 1177}
{51 75}
{51 81}
{51 91}
{51 144}
{51 146}
{51 147}
{51 155}
{51 172}
{51 176}
{51 177}
{51 183}
{51 203}
{51 204}
{51 208}
{51 220}
{51 225}
{51 228}
{51 235}
{51 239}
{51 251}
{51 283}
{51 284}
{51 285}
{51 287}
{51 288}
{51 289}
{51 302}
{51 306}
{51 319}
{51 329}
{51 383}
{51 384}
{51 386}
{51 389}
{51 395}
{51 396}
{51 439}
{51 454}
{51 460}
{51 463}
{51 481}
{51 483}
{51 504}
{51 859}
{51 860}
{51 863}
{51 992}
{51 993}
{51 995}
{51 996}
{51 1015}
{51 1018}
{51 1029}
{51 1030}
{51 1031}
{51 1032}
{51 1033}
{51 1065}
{51 1067}
{51 1070}
{51 1071}
{51 1073}
{51 1076}
{51 1077}
{51 1078}
{51 1079}
{51 1082}
{51 1092}
{51 1104}
{51 1105}
{51 1107}
{51 1113}
{51 1117}
{51 1136}
{51 1137}
{51 1157}
{51 1163}
{51 1173}
{51 1176}
{51 1179}
{51 1180}
{51 1191}
{51 1211}
{51 1234}
{51 1262}
{51 1316}
{51 1317}
{51 1318}
{51 1319}
{51 1330}
{51 1334}
{51 1337}
{51 1338}
{51 1344}
{51 1354}
{51 1408}
{51 1411}
{51 1413}
{51 1414}
{51 1420}
{51 1429}
{51 1450}
{51 1461}
{51 1462}
{51 1472}
{52 53}
{52 54}
{53 54}
{53 63}
{53 64}
{53 1009}
{54 76}
{54 117}
{54 118}
{54 193}
{54 194}
{54 195}
{54 202}
{54 203}
{54 204}
{54 212}
{54 318}
{54 939}
{54 946}
{54 980}
{55 59}
{56 94}
{57 58}
{57 72}
{58 85}
{58 133}
{58 151}
{58 311}
{58 313}
{58 321}
{58 371}
{58 904}
{58 987}
{58 1001}
{58 1296}
{58 1328}
{58 1404}
{58 1417}
{59 159}
{59 311}
{59 334}
{59 354}
{59 417}
{59 434}
{59 505}
{59 589}
{59 656}
{59 732}
{59 792}
{59 1482}
{59 1515}
{59 1525}
{59 1540}
{59 1566}
{60 65}
{61 113}
{62 67}
{62 84}
{62 110}
{62 130}
{62 138}
{62 153}
{62 157}
{62 180}
{62 191}
{62 242}
{62 307}
{62 515}
{62 516}
{62 523}
{62 536}
{62 589}
{62 1058}
{62 1073}
{62 1142}
{62 1244}
{63 64}
{64 88}
{64 90}
{64 96}
{64 122}
{64 137}
{64 140}
{64 144}
{64 333}
{64 362}
{64 500}
{64 587}
{64 1004}
{64 1016}
{64 1110}
{64 1111}
{65 153}
{65 167}
{65 330}
{65 331}
{65 334}
{65 354}
{65 409}
{65 436}
{65 503}
{65 589}
{65 766}
{65 808}
{65 1487}
{65 1511}
{65 1515}
{65 1530}
{65 1545}
{66 109}
{66 120}
{66 143}
{66 201}
{67 68}
{67 1244}
{68 69}
{68 70}
{68 71}
{68 107}
{68 1227}
{69 70}
{69 71}
{69 103}
{69 107}
{69 112}
{69 125}
{69 160}
{69 174}
{69 871}
{69 872}
{69 884}
{69 889}
{69 893}
{69 928}
{69 1128}
{69 1161}
{69 1324}
{70 131}
{70 145}
{70 240}
{70 276}
{70 291}
{70 382}
{70 388}
{70 439}
{70 454}
{70 865}
{70 884}
{70 889}
{70 1162}
{70 1165}
{70 1243}
{70 1264}
{71 123}
{71 124}
{71 126}
{71 133}
{71 134}
{71 142}
{71 148}
{71 189}
{71 190}
{71 868}
{71 872}
{71 928}
{71 1155}
{71 1160}
{71 1219}
{71 1246}
{72 129}
{72 155}
{72 157}
{72 173}
{72 183}
{72 187}
{72 225}
{72 229}
{72 232}
{72 268}
{72 566}
{72 605}
{72 904}
{73 109}
{74 78}
{75 76}
{75 77}
{75 155}
{75 183}
{75 203}
{75 221}
{75 1354}
{76 77}
{76 155}
{76 183}
{76 221}
{76 236}
{76 247}
{76 250}
{76 258}
{76 449}
{76 455}
{76 458}
{76 465}
{76 967}
{77 81}
{78 292}
{78 299}
{78 320}
{78 461}
{79 80}
{79 89}
{79 179}
{79 196}
{79 197}
{79 218}
{79 235}
{79 255}
{79 256}
{79 280}
{79 325}
{79 327}
{79 334}
{79 346}
{79 354}
{79 361}
{79 378}
{79 379}
{79 399}
{79 404}
{79 427}
{79 430}
{79 445}
{79 459}
{79 492}
{79 516}
{79 536}
{79 546}
{79 589}
{79 626}
{79 672}
{79 682}
{79 716}
{79 721}
{79 730}
{79 731}
{79 739}
{79 788}
{79 1037}
{79 1042}
{79 1046}
{79 1073}
{79 1074}
{79 1075}
{79 1083}
{79 1095}
{79 1142}
{79 1173}
{79 1178}
{79 1185}
{79 1238}
{79 1241}
{79 1247}
{79 1256}
{79 1271}
{79 1272}
{79 1274}
{79 1365}
{79 1367}
{79 1441}
{79 1442}
{79 1464}
{79 1515}
{79 1517}
{79 1554}
{79 1560}
{79 1576}
{79 1597}
{80 730}
{81 235}
{81 260}
{81 265}
{81 278}
{81 469}
{81 607}
{81 1073}
{81 1094}
{81 1135}
{81 1173}
{81 1231}
{81 1402}
{81 1406}
{81 1407}
{81 1430}
{81 1454}
{82 84}
{82 1073}
{82 1118}
{84 144}
{84 228}
{84 1061}
{84 1073}
{84 1118}
{85 87}
{87 115}
{87 138}
{87 237}
{87 238}
{87 240}
{87 244}
{87 904}
{87 915}
{87 922}
{87 932}
{87 958}
{87 1096}
{87 1101}
{88 89}
{88 90}
{88 122}
{88 144}
{88 251}
{88 399}
{88 400}
{88 474}
{88 484}
{88 541}
{88 556}
{88 1073}
{88 1111}
{88 1116}
{88 1146}
{88 1156}
{88 1209}
{89 90}
{89 399}
{89 484}
{89 1073}
{90 1111}
{92 93}
{92 102}
{92 240}
{92 278}
{92 303}
{92 305}
{92 321}
{92 392}
{92 810}
{92 987}
{92 988}
{92 1190}
{92 1535}
{92 1536}
{92 1544}
{94 98}
{94 100}
{94 102}
{94 135}
{94 158}
{94 159}
{94 162}
{94 607}
{94 614}
{94 615}
{94 1477}
{94 1478}
{94 1488}
{95 96}
{95 106}
{96 97}
{96 110}
{96 111}
{96 269}
{96 328}
{96 455}
{96 456}
{96 466}
{96 467}
{96 576}
{96 1007}
{96 1017}
{96 1112}
{97 105}
{98 99}
{98 101}
{98 113}
{98 158}
{98 168}
{99 100}
{99 103}
{99 107}
{99 156}
{99 166}
{100 104}
{100 108}
{100 114}
{100 143}
{100 156}
{100 192}
{100 252}
{100 481}
{100 485}
{100 487}
{100 490}
{100 597}
{100 1299}
{100 1368}
{100 1399}
{101 102}
{101 103}
{101 112}
{101 161}
{101 169}
{102 104}
{102 161}
{102 234}
{102 277}
{102 304}
{102 811}
{102 812}
{102 890}
{102 930}
{102 983}
{102 1034}
{102 1039}
{102 1062}
{102 1064}
{102 1573}
{103 104}
{103 142}
{103 881}
{104 114}
{104 145}
{104 192}
{104 227}
{104 234}
{104 240}
{104 252}
{104 403}
{104 812}
{104 852}
{104 884}
{104 896}
{104 930}
{104 937}
{105 117}
{105 260}
{105 269}
{105 270}
{105 271}
{105 273}
{105 339}
{105 628}
{105 1281}
{105 1303}
{105 1381}
{105 1431}
{105 1452}
{106 117}
{106 265}
{106 266}
{106 342}
{106 455}
{106 468}
{106 825}
{106 827}
{106 835}
{106 1304}
{106 1351}
{106 1359}
{106 1386}
{107 109}
{107 113}
{107 160}
{107 166}
{107 172}
{107 207}
{107 246}
{107 249}
{107 389}
{107 1324}
{107 1366}
{107 1370}
{107 1371}
{107 1373}
{109 125}
{109 155}
{109 173}
{109 175}
{109 176}
{109 247}
{109 341}
{109 395}
{109 397}
{109 1387}
{109 1388}
{109 1389}
{110 111}
{110 144}
{110 220}
{110 1073}
{110 1112}
{110 1121}
{111 1073}
{111 1112}
{112 113}
{112 124}
{112 131}
{112 133}
{112 169}
{112 274}
{112 286}
{112 323}
{112 402}
{112 872}
{112 928}
{112 1128}
{112 1219}
{112 1222}
{112 1224}
{112 1255}
{113 132}
{113 167}
{113 168}
{113 170}
{113 455}
{113 456}
{113 465}
{113 1374}
{113 1375}
{113 1376}
{114 171}
{114 192}
{114 597}
{114 620}
{115 116}
{116 130}
{116 133}
{116 333}
{116 336}
{116 337}
{116 355}
{116 392}
{116 804}
{116 806}
{116 810}
{116 915}
{116 1005}
{116 1138}
{116 1181}
{117 118}
{117 259}
{117 262}
{117 267}
{117 272}
{117 274}
{117 294}
{117 338}
{117 832}
{117 836}
{117 940}
{117 980}
{117 1438}
{119 120}
{119 121}
{119 184}
{120 127}
{120 139}
{120 153}
{120 154}
{120 175}
{120 184}
{120 185}
{120 243}
{120 581}
{120 586}
{120 591}
{120 709}
{121 182}
{121 197}
{121 200}
{121 218}
{121 235}
{121 282}
{121 308}
{121 309}
{121 311}
{121 336}
{121 354}
{121 516}
{121 945}
{121 1058}
{121 1102}
{121 1289}
{121 1336}
{121 1357}
{122 140}
{122 400}
{122 474}
{122 1004}
{123 124}
{124 149}
{124 150}
{124 253}
{124 257}
{124 300}
{124 301}
{124 323}
{124 350}
{124 366}
{124 437}
{124 595}
{124 674}
{124 872}
{124 1020}
{124 1384}
{125 126}
{125 145}
{125 177}
{125 216}
{125 217}
{125 240}
{125 373}
{125 374}
{125 396}
{125 884}
{125 889}
{125 1128}
{125 1239}
{125 1240}
{125 1243}
{125 1269}
{126 127}
{126 129}
{126 185}
{126 200}
{126 205}
{126 210}
{126 211}
{126 904}
{126 1250}
{126 1251}
{126 1252}
{126 1279}
{126 1280}
{128 131}
{130 1138}
{131 269}
{131 273}
{131 281}
{131 282}
{131 290}
{131 328}
{131 810}
{131 1221}
{131 1223}
{131 1257}
{131 1519}
{131 1528}
{133 134}
{133 150}
{133 253}
{133 257}
{133 312}
{133 356}
{133 357}
{133 367}
{133 402}
{133 872}
{133 1006}
{133 1014}
{133 1182}
{133 1292}
{136 143}
{137 140}
{137 149}
{137 150}
{137 152}
{137 172}
{137 312}
{137 386}
{137 398}
{137 401}
{137 406}
{137 408}
{137 414}
{137 474}
{137 500}
{137 593}
{137 755}
{137 822}
{138 1096}
{140 150}
{140 333}
{140 401}
{140 474}
{140 1004}
{141 142}
{141 1526}
{142 148}
{142 883}
{143 145}
{143 180}
{143 340}
{143 344}
{143 482}
{143 488}
{143 489}
{143 1293}
{143 1298}
{143 1398}
{143 1405}
{143 1456}
{144 146}
{144 251}
{144 1073}
{144 1077}
{144 1111}
{145 234}
{145 373}
{145 375}
{145 377}
{145 380}
{145 382}
{145 390}
{145 403}
{145 856}
{145 884}
{145 894}
{145 938}
{145 1100}
{145 1533}
{146 147}
{146 1078}
{147 155}
{147 172}
{147 174}
{147 176}
{147 177}
{147 183}
{147 204}
{147 283}
{147 285}
{147 287}
{147 289}
{147 302}
{147 306}
{147 439}
{147 483}
{147 859}
{147 860}
{147 863}
{147 991}
{147 992}
{147 993}
{147 995}
{147 996}
{147 1015}
{147 1018}
{147 1021}
{147 1029}
{147 1030}
{147 1033}
{147 1078}
{147 1079}
{147 1117}
{147 1180}
{147 1191}
{147 1234}
{147 1316}
{147 1317}
{147 1318}
{147 1420}
{148 1531}
{149 307}
{149 405}
{149 407}
{149 409}
{149 410}
{149 449}
{149 455}
{149 468}
{149 575}
{149 594}
{149 752}
{149 823}
{149 874}
{150 151}
{150 174}
{150 257}
{150 312}
{150 333}
{150 350}
{150 353}
{150 401}
{150 421}
{150 428}
{150 592}
{150 872}
{150 918}
{150 1019}
{151 152}
{151 177}
{151 310}
{151 319}
{151 350}
{151 372}
{151 425}
{151 428}
{151 537}
{151 573}
{151 642}
{151 671}
{151 762}
{151 918}
{151 997}
{151 1425}
{152 155}
{152 176}
{152 268}
{152 384}
{152 385}
{152 416}
{152 417}
{152 420}
{152 458}
{152 469}
{152 821}
{152 845}
{152 847}
{153 154}
{153 164}
{153 589}
{153 590}
{153 591}
{154 589}
{154 591}
{155 176}
{155 183}
{155 225}
{155 384}
{155 395}
{156 158}
{157 164}
{157 187}
{157 589}
{157 605}
{157 609}
{158 159}
{158 161}
{158 162}
{160 207}
{160 452}
{160 871}
{160 1324}
{163 164}
{163 171}
{163 178}
{163 179}
{163 186}
{163 188}
{163 427}
{163 589}
{163 596}
{163 597}
{163 598}
{163 599}
{163 600}
{163 610}
{163 618}
{163 621}
{163 632}
{164 165}
{164 178}
{164 589}
{164 599}
{164 602}
{165 603}
{166 168}
{167 168}
{168 169}
{168 170}
{171 188}
{171 597}
{171 620}
{172 174}
{172 176}
{172 386}
{172 389}
{174 177}
{174 439}
{174 863}
{176 177}
{176 384}
{176 395}
{177 319}
{177 396}
{178 589}
{179 186}
{179 427}
{179 589}
{179 596}
{180 1398}
{181 182}
{181 184}
{181 574}
{182 184}
{182 185}
{182 189}
{182 190}
{182 197}
{182 198}
{182 199}
{182 206}
{182 210}
{182 211}
{182 212}
{182 213}
{182 214}
{182 215}
{182 216}
{182 217}
{182 218}
{182 219}
{182 222}
{182 223}
{182 224}
{182 230}
{182 231}
{182 235}
{182 248}
{182 264}
{182 269}
{182 271}
{182 272}
{182 273}
{182 274}
{182 275}
{182 276}
{182 277}
{182 281}
{182 286}
{182 291}
{182 293}
{182 298}
{182 300}
{182 310}
{182 316}
{182 324}
{182 332}
{182 335}
{182 343}
{182 347}
{182 354}
{182 375}
{182 376}
{182 394}
{182 411}
{182 424}
{182 467}
{182 498}
{182 507}
{182 516}
{182 535}
{182 538}
{182 544}
{182 547}
{182 552}
{182 553}
{182 554}
{182 572}
{182 574}
{182 578}
{182 581}
{182 582}
{182 583}
{182 584}
{182 587}
{182 635}
{182 636}
{182 637}
{182 639}
{182 640}
{182 641}
{182 643}
{182 646}
{182 647}
{182 651}
{182 678}
{182 681}
{182 728}
{182 735}
{182 740}
{182 741}
{182 754}
{182 824}
{182 1012}
{182 1013}
{182 1016}
{182 1017}
{182 1023}
{182 1024}
{182 1025}
{182 1028}
{182 1040}
{182 1085}
{182 1276}
{182 1335}
{182 1343}
{182 1355}
{182 1360}
{182 1361}
{182 1390}
{182 1391}
{182 1401}
{183 204}
{183 225}
{183 992}
{184 185}
{184 581}
{184 583}
{184 709}
{185 199}
{185 210}
{185 211}
{185 224}
{185 525}
{185 578}
{185 581}
{186 599}
{187 589}
{187 605}
{188 192}
{188 427}
{188 487}
{189 190}
{189 210}
{190 198}
{190 199}
{190 211}
{190 893}
{191 631}
{192 487}
{193 194}
{193 195}
{193 196}
{193 197}
{193 212}
{193 248}
{193 263}
{193 346}
{193 848}
{193 849}
{193 939}
{193 940}
{193 947}
{193 948}
{193 955}
{193 956}
{193 1451}
{194 195}
{194 196}
{195 197}
{195 209}
{195 212}
{195 258}
{195 315}
{195 947}
{196 197}
{196 346}
{196 1451}
{197 206}
{197 209}
{197 212}
{197 214}
{197 218}
{197 236}
{197 248}
{197 250}
{197 258}
{197 314}
{197 315}
{197 316}
{197 411}
{197 506}
{197 507}
{197 539}
{197 543}
{197 544}
{197 546}
{197 654}
{197 695}
{197 696}
{197 781}
{197 803}
{197 826}
{197 834}
{197 848}
{197 849}
{197 923}
{197 929}
{197 943}
{197 944}
{197 945}
{197 947}
{197 948}
{197 950}
{197 951}
{197 952}
{197 955}
{197 956}
{197 959}
{197 960}
{197 961}
{197 964}
{197 965}
{197 968}
{197 969}
{197 970}
{197 975}
{197 1013}
{197 1046}
{197 1185}
{197 1193}
{197 1274}
{197 1276}
{197 1302}
{197 1321}
{197 1322}
{197 1346}
{197 1358}
{197 1499}
{198 224}
{199 211}
{199 213}
{199 215}
{199 217}
{199 222}
{199 231}
{199 264}
{199 269}
{199 273}
{199 274}
{199 276}
{199 293}
{199 324}
{199 335}
{199 343}
{199 376}
{199 547}
{199 552}
{199 553}
{199 574}
{199 581}
{199 582}
{199 636}
{199 640}
{199 641}
{199 643}
{199 681}
{199 741}
{199 893}
{199 924}
{199 1012}
{199 1016}
{199 1017}
{199 1023}
{199 1024}
{199 1025}
{199 1027}
{199 1028}
{200 210}
{201 207}
{201 243}
{201 344}
{201 432}
{201 434}
{201 435}
{201 842}
{201 843}
{201 844}
{201 1459}
{201 1498}
{201 1501}
{201 1547}
{203 204}
{204 208}
{204 991}
{205 206}
{205 210}
{206 218}
{206 235}
{206 236}
{206 237}
{206 278}
{206 290}
{206 349}
{206 351}
{206 354}
{206 466}
{206 515}
{206 516}
{206 539}
{206 588}
{206 645}
{206 676}
{206 753}
{207 241}
{207 246}
{207 431}
{207 433}
{207 451}
{207 452}
{207 453}
{207 838}
{207 839}
{207 871}
{207 925}
{207 1419}
{207 1500}
{208 225}
{209 959}
{210 211}
{210 216}
{211 217}
{211 224}
{212 213}
{212 214}
{212 236}
{212 248}
{213 215}
{214 215}
{214 507}
{214 1013}
{215 547}
{215 1012}
{216 217}
{217 223}
{217 893}
{218 235}
{218 280}
{218 316}
{218 354}
{218 361}
{218 411}
{218 516}
{218 672}
{218 1046}
{219 222}
{219 226}
{219 230}
{219 235}
{219 237}
{219 487}
{219 498}
{219 1051}
{220 221}
{220 235}
{220 320}
{220 322}
{220 397}
{220 482}
{220 1044}
{220 1073}
{220 1080}
{220 1106}
{220 1159}
{220 1173}
{220 1196}
{220 1331}
{220 1410}
{220 1434}
{222 231}
{223 224}
{224 470}
{224 472}
{225 229}
{225 232}
{225 1344}
{226 227}
{226 233}
{226 235}
{226 244}
{226 487}
{226 491}
{226 1053}
{227 233}
{227 235}
{227 245}
{227 297}
{227 304}
{227 377}
{227 380}
{227 387}
{227 393}
{227 485}
{227 486}
{227 487}
{227 499}
{227 1034}
{227 1035}
{227 1036}
{227 1041}
{228 229}
{228 235}
{228 295}
{228 296}
{228 341}
{228 434}
{228 447}
{228 1057}
{228 1073}
{228 1093}
{228 1158}
{228 1173}
{228 1205}
{228 1212}
{228 1339}
{228 1422}
{230 231}
{230 235}
{230 277}
{230 375}
{231 264}
{231 376}
{233 234}
{233 235}
{233 304}
{233 309}
{233 377}
{233 393}
{233 499}
{233 1041}
{234 308}
{235 237}
{235 238}
{235 239}
{235 244}
{235 245}
{235 277}
{235 278}
{235 280}
{235 288}
{235 296}
{235 297}
{235 303}
{235 304}
{235 305}
{235 309}
{235 316}
{235 375}
{235 377}
{235 379}
{235 380}
{235 383}
{235 387}
{235 393}
{235 394}
{235 411}
{235 481}
{235 482}
{235 485}
{235 486}
{235 487}
{235 488}
{235 489}
{235 492}
{235 498}
{235 499}
{235 504}
{235 607}
{235 614}
{235 615}
{235 1031}
{235 1032}
{235 1034}
{235 1035}
{235 1036}
{235 1037}
{235 1040}
{235 1041}
{235 1043}
{235 1044}
{235 1045}
{235 1051}
{235 1052}
{235 1053}
{236 250}
{236 258}
{236 975}
{236 1193}
{237 238}
{237 239}
{237 244}
{238 244}
{239 240}
{239 245}
{239 278}
{239 287}
{239 288}
{239 380}
{239 383}
{240 245}
{240 252}
{240 374}
{240 380}
{240 388}
{240 391}
{240 403}
{240 884}
{240 927}
{240 936}
{240 1099}
{240 1529}
{241 242}
{241 340}
{241 446}
{241 447}
{241 448}
{241 870}
{241 926}
{241 1286}
{241 1293}
{241 1311}
{241 1325}
{241 1465}
{241 1466}
{242 1311}
{244 245}
{245 297}
{245 303}
{245 380}
{245 391}
{250 258}
{251 1073}
{252 295}
{252 297}
{252 852}
{253 254}
{253 255}
{253 256}
{253 257}
{253 298}
{253 300}
{253 301}
{253 353}
{253 354}
{253 356}
{253 357}
{253 366}
{253 367}
{253 368}
{253 369}
{253 370}
{254 255}
{254 257}
{254 928}
{254 1219}
{255 256}
{255 1219}
{255 1247}
{256 301}
{256 354}
{256 367}
{257 872}
{258 968}
{259 260}
{259 261}
{259 262}
{259 265}
{259 267}
{259 345}
{260 270}
{260 339}
{262 263}
{262 267}
{262 279}
{262 294}
{262 299}
{262 326}
{262 327}
{262 329}
{262 338}
{262 345}
{262 346}
{263 294}
{263 346}
{263 939}
{264 277}
{265 266}
{265 342}
{266 267}
{266 342}
{267 270}
{267 338}
{269 271}
{269 273}
{269 281}
{269 467}
{269 869}
{269 1017}
{269 1355}
{270 339}
{271 272}
{271 273}
{271 275}
{271 628}
{271 1281}
{272 274}
{273 274}
{273 276}
{273 281}
{274 286}
{274 893}
{275 276}
{276 291}
{276 893}
{277 278}
{277 304}
{277 607}
{277 1034}
{277 1040}
{278 303}
{278 305}
{281 282}
{281 286}
{281 290}
{281 291}
{283 285}
{284 285}
{285 302}
{285 306}
{287 289}
{288 289}
{288 481}
{288 1032}
{289 483}
{289 1033}
{292 322}
{293 300}
{293 343}
{294 980}
{295 296}
{296 297}
{297 387}
{297 485}
{297 486}
{297 1035}
{297 1036}
{298 300}
{298 354}
{300 347}
{300 354}
{300 366}
{300 409}
{300 436}
{301 366}
{303 304}
{303 305}
{304 614}
{304 1034}
{304 1039}
{307 752}
{308 309}
{310 311}
{310 324}
{310 347}
{310 354}
{310 372}
{310 417}
{310 425}
{310 538}
{311 313}
{311 354}
{311 357}
{311 371}
{312 359}
{312 365}
{312 421}
{313 354}
{313 371}
{314 315}
{314 316}
{314 317}
{315 318}
{315 654}
{315 947}
{315 951}
{315 955}
{315 961}
{315 969}
{316 317}
{316 354}
{316 409}
{316 417}
{316 472}
{316 482}
{316 516}
{316 576}
{316 607}
{316 628}
{316 709}
{316 726}
{316 875}
{316 882}
{316 885}
{317 318}
{318 480}
{318 946}
{318 953}
{319 384}
{320 322}
{324 343}
{325 334}
{326 327}
{327 338}
{327 346}
{330 331}
{332 333}
{332 335}
{332 336}
{332 347}
{332 352}
{332 354}
{332 398}
{332 412}
{332 424}
{333 350}
{333 352}
{333 362}
{333 398}
{333 401}
{333 415}
{333 418}
{333 439}
{333 463}
{333 474}
{333 708}
{333 782}
{333 783}
{334 354}
{334 361}
{334 589}
{334 716}
{334 1515}
{334 1517}
{335 343}
{336 337}
{336 354}
{336 355}
{336 357}
{337 354}
{337 355}
{341 395}
{343 347}
{347 354}
{348 349}
{348 350}
{348 352}
{348 353}
{348 354}
{348 366}
{348 368}
{348 372}
{348 422}
{348 564}
{349 351}
{349 354}
{350 351}
{352 353}
{352 354}
{352 355}
{352 398}
{352 415}
{352 558}
{353 354}
{353 356}
{353 359}
{353 366}
{353 368}
{353 370}
{353 372}
{353 398}
{353 406}
{353 422}
{353 425}
{353 444}
{353 557}
{353 560}
{353 564}
{354 355}
{354 356}
{354 357}
{354 358}
{354 359}
{354 360}
{354 361}
{354 366}
{354 368}
{354 369}
{354 370}
{354 371}
{354 372}
{354 398}
{354 404}
{354 406}
{354 407}
{354 408}
{354 409}
{354 410}
{354 411}
{354 412}
{354 413}
{354 416}
{354 417}
{354 419}
{354 420}
{354 422}
{354 424}
{354 425}
{354 429}
{354 430}
{354 436}
{354 438}
{354 443}
{354 444}
{354 538}
{354 557}
{354 558}
{354 559}
{354 560}
{354 564}
{355 356}
{356 357}
{356 359}
{356 367}
{356 371}
{357 358}
{357 363}
{357 369}
{358 364}
{358 408}
{358 419}
{359 360}
{359 370}
{359 406}
{359 444}
{359 557}
{359 560}
{360 365}
{363 364}
{364 423}
{364 440}
{366 407}
{366 559}
{371 372}
{372 416}
{372 425}
{372 537}
{375 376}
{375 377}
{375 380}
{375 394}
{375 482}
{375 1044}
{377 380}
{377 390}
{377 488}
{377 1045}
{378 379}
{378 380}
{378 381}
{378 1241}
{378 1243}
{379 380}
{379 390}
{379 391}
{380 381}
{380 383}
{380 387}
{380 390}
{380 391}
{380 393}
{380 394}
{380 403}
{381 403}
{381 889}
{381 1243}
{384 385}
{384 386}
{384 469}
{389 395}
{395 396}
{395 397}
{398 399}
{398 400}
{398 401}
{398 404}
{398 406}
{398 408}
{398 414}
{398 415}
{398 422}
{398 424}
{398 443}
{398 444}
{399 400}
{399 404}
{400 401}
{403 884}
{404 414}
{404 415}
{406 407}
{406 408}
{406 414}
{406 416}
{407 409}
{407 410}
{408 409}
{408 417}
{408 440}
{408 443}
{409 410}
{411 412}
{411 436}
{411 470}
{411 506}
{411 516}
{411 565}
{411 630}
{411 653}
{411 670}
{411 929}
{411 1044}
{411 1051}
{411 1281}
{411 1326}
{411 1356}
{412 413}
{412 418}
{412 419}
{412 558}
{413 418}
{413 558}
{416 417}
{416 420}
{417 420}
{418 421}
{418 471}
{418 558}
{418 617}
{418 777}
{418 801}
{418 859}
{418 860}
{418 913}
{418 917}
{418 1135}
{418 1136}
{419 421}
{419 423}
{419 425}
{419 429}
{419 436}
{419 557}
{421 425}
{421 426}
{421 428}
{421 437}
{421 557}
{421 573}
{421 642}
{421 660}
{421 778}
{421 863}
{421 918}
{421 984}
{421 1137}
{421 1490}
{425 426}
{425 428}
{425 429}
{425 430}
{425 442}
{425 445}
{425 537}
{425 538}
{425 557}
{425 560}
{425 564}
{426 430}
{426 557}
{427 487}
{427 492}
{428 442}
{428 918}
{430 445}
{430 537}
{431 432}
{431 433}
{431 446}
{431 451}
{431 453}
{432 434}
{432 435}
{433 434}
{433 441}
{433 447}
{433 451}
{433 462}
{434 435}
{436 437}
{436 438}
{436 559}
{437 438}
{437 457}
{437 559}
{437 606}
{437 750}
{437 827}
{437 867}
{437 985}
{437 1304}
{437 1383}
{437 1455}
{437 1467}
{438 559}
{439 454}
{439 463}
{439 860}
{442 445}
{442 1000}
{442 1463}
{445 1463}
{445 1464}
{446 447}
{446 448}
{447 448}
{450 451}
{450 459}
{451 452}
{451 453}
{451 459}
{451 460}
{451 461}
{451 462}
{451 464}
{451 1323}
{451 1365}
{452 1323}
{453 459}
{454 1157}
{459 1365}
{463 1136}
{466 467}
{467 576}
{467 587}
{467 1017}
{467 1361}
{471 1136}
{473 474}
{473 475}
{473 494}
{474 475}
{474 484}
{474 493}
{474 512}
{474 541}
{474 708}
{474 822}
{474 824}
{474 1004}
{474 1025}
{474 1134}
{474 1146}
{475 476}
{475 480}
{475 496}
{475 1009}
{476 480}
{476 501}
{477 478}
{477 479}
{477 527}
{477 528}
{477 611}
{477 650}
{477 652}
{477 657}
{477 658}
{477 666}
{477 746}
{477 876}
{477 914}
{477 934}
{477 998}
{477 1021}
{477 1022}
{477 1026}
{478 479}
{478 519}
{478 529}
{478 535}
{478 657}
{478 658}
{478 723}
{478 745}
{478 763}
{478 764}
{478 765}
{478 974}
{478 1015}
{478 1067}
{478 1307}
{479 532}
{479 611}
{479 652}
{479 653}
{480 502}
{480 507}
{480 533}
{480 534}
{480 543}
{480 550}
{480 586}
{480 633}
{480 634}
{480 654}
{480 655}
{480 715}
{480 946}
{480 962}
{480 990}
{481 482}
{481 483}
{481 485}
{481 487}
{481 504}
{481 607}
{482 488}
{482 489}
{484 1146}
{485 487}
{485 488}
{485 490}
{485 614}
{486 487}
{487 490}
{487 491}
{487 492}
{487 498}
{487 499}
{487 504}
{488 489}
{490 492}
{491 492}
{493 494}
{493 495}
{493 496}
{493 497}
{493 508}
{493 509}
{493 571}
{493 680}
{493 714}
{493 816}
{493 902}
{493 917}
{493 978}
{493 1126}
{494 495}
{494 496}
{494 497}
{494 816}
{494 1479}
{496 501}
{496 502}
{496 816}
{496 979}
{501 502}
{501 503}
{501 505}
{501 816}
{501 1493}
{502 503}
{502 505}
{502 506}
{502 781}
{502 795}
{502 809}
{502 816}
{502 846}
{502 850}
{502 886}
{502 923}
{502 940}
{506 507}
{506 781}
{506 834}
{506 848}
{506 923}
{507 539}
{507 543}
{507 544}
{507 547}
{507 654}
{508 509}
{508 541}
{508 545}
{508 1073}
{508 1076}
{508 1126}
{509 1073}
{509 1126}
{510 511}
{510 512}
{511 534}
{511 597}
{511 636}
{511 641}
{511 646}
{511 686}
{511 688}
{511 711}
{511 885}
{511 1289}
{511 1295}
{511 1477}
{511 1480}
{511 1489}
{512 514}
{512 520}
{512 521}
{512 636}
{512 710}
{512 753}
{512 754}
{512 847}
{512 864}
{512 882}
{512 989}
{512 1024}
{512 1119}
{513 514}
{513 534}
{513 566}
{513 690}
{513 691}
{513 707}
{513 845}
{513 847}
{513 987}
{513 988}
{513 1312}
{513 1313}
{513 1328}
{513 1341}
{513 1345}
{515 516}
{515 517}
{515 518}
{515 519}
{515 522}
{515 535}
{516 517}
{516 518}
{516 522}
{516 523}
{516 526}
{516 528}
{516 529}
{516 532}
{516 535}
{516 536}
{516 545}
{516 548}
{516 554}
{516 555}
{516 664}
{516 668}
{516 669}
{516 670}
{516 672}
{516 675}
{516 676}
{516 677}
{516 678}
{516 679}
{516 718}
{516 722}
{516 723}
{516 724}
{516 725}
{516 726}
{516 727}
{516 728}
{516 731}
{516 734}
{516 735}
{516 736}
{516 737}
{516 738}
{516 739}
{516 740}
{516 743}
{516 747}
{516 749}
{516 875}
{516 878}
{516 879}
{516 1055}
{516 1056}
{516 1058}
{516 1059}
{516 1063}
{516 1072}
{516 1075}
{516 1081}
{516 1085}
{516 1087}
{516 1090}
{516 1102}
{516 1103}
{516 1108}
{517 518}
{517 519}
{517 526}
{517 529}
{518 519}
{519 527}
{519 694}
{519 750}
{519 777}
{519 859}
{519 867}
{519 900}
{519 901}
{519 1029}
{519 1104}
{519 1106}
{520 521}
{520 541}
{520 548}
{520 1073}
{520 1113}
{520 1119}
{521 1073}
{521 1119}
{522 523}
{522 526}
{522 527}
{522 663}
{522 664}
{522 676}
{522 738}
{522 749}
{523 536}
{523 540}
{523 541}
{523 542}
{523 545}
{523 548}
{523 549}
{523 555}
{523 556}
{523 575}
{523 577}
{523 589}
{523 590}
{523 593}
{523 594}
{523 595}
{523 609}
{523 610}
{523 631}
{523 632}
{523 633}
{523 634}
{523 638}
{523 663}
{523 664}
{523 665}
{523 674}
{523 702}
{523 703}
{523 704}
{523 705}
{523 706}
{523 717}
{523 718}
{523 719}
{523 722}
{523 749}
{523 752}
{523 755}
{523 756}
{523 757}
{523 758}
{523 782}
{523 783}
{523 784}
{523 786}
{523 915}
{523 925}
{523 926}
{523 932}
{523 935}
{523 936}
{523 938}
{523 1002}
{523 1005}
{523 1006}
{523 1008}
{523 1050}
{523 1059}
{523 1060}
{523 1061}
{523 1066}
{523 1069}
{523 1073}
{523 1087}
{523 1088}
{523 1096}
{523 1097}
{523 1098}
{523 1099}
{523 1100}
{523 1121}
{523 1129}
{523 1130}
{523 1131}
{523 1132}
{523 1138}
{523 1142}
{523 1160}
{523 1165}
{523 1182}
{523 1194}
{523 1195}
{523 1228}
{523 1229}
{523 1230}
{523 1233}
{523 1242}
{523 1260}
{523 1273}
{523 1293}
{523 1298}
{523 1299}
{523 1308}
{523 1309}
{523 1310}
{523 1311}
{523 1347}
{523 1373}
{523 1378}
{523 1380}
{523 1392}
{523 1394}
{523 1397}
{523 1398}
{523 1399}
{523 1419}
{523 1432}
{524 525}
{525 565}
{525 573}
{525 578}
{525 581}
{525 585}
{525 588}
{525 768}
{525 867}
{525 1196}
{525 1197}
{525 1200}
{525 1275}
{525 1279}
{526 527}
{526 528}
{526 668}
{526 675}
{526 738}
{526 748}
{527 585}
{527 608}
{527 613}
{527 624}
{527 627}
{527 666}
{527 738}
{527 746}
{527 748}
{527 829}
{527 830}
{527 998}
{527 1030}
{527 1105}
{528 529}
{528 532}
{528 668}
{528 677}
{528 723}
{528 725}
{528 734}
{528 736}
{528 737}
{528 738}
{528 743}
{528 747}
{528 1055}
{528 1072}
{528 1081}
{528 1090}
{529 532}
{529 535}
{529 723}
{529 745}
{529 1056}
{530 531}
{531 563}
{531 575}
{531 585}
{531 594}
{531 757}
{531 759}
{531 767}
{531 791}
{531 846}
{531 850}
{531 873}
{531 1434}
{531 1436}
{531 1437}
{532 670}
{532 677}
{532 734}
{532 736}
{532 743}
{532 1090}
{533 534}
{534 604}
{534 620}
{534 640}
{534 647}
{534 685}
{534 687}
{534 689}
{534 698}
{534 733}
{534 898}
{534 983}
{534 990}
{534 1415}
{534 1505}
{535 552}
{535 554}
{535 723}
{535 728}
{535 1058}
{536 545}
{536 548}
{536 555}
{536 589}
{536 672}
{536 716}
{536 1073}
{536 1095}
{536 1142}
{536 1238}
{539 550}
{539 695}
{539 696}
{539 834}
{539 975}
{540 541}
{540 542}
{540 1131}
{541 556}
{541 1073}
{541 1132}
{541 1146}
{542 575}
{542 577}
{542 592}
{542 593}
{542 594}
{542 595}
{542 634}
{542 663}
{542 665}
{542 702}
{542 704}
{542 705}
{542 706}
{542 719}
{542 782}
{542 915}
{542 925}
{542 926}
{542 932}
{542 935}
{542 936}
{542 937}
{542 938}
{542 1002}
{542 1003}
{542 1005}
{542 1006}
{542 1008}
{542 1060}
{542 1088}
{542 1130}
{542 1131}
{542 1229}
{542 1230}
{542 1233}
{542 1293}
{542 1298}
{542 1299}
{542 1347}
{543 544}
{543 546}
{543 654}
{543 655}
{543 682}
{543 683}
{543 898}
{543 943}
{543 947}
{543 959}
{543 961}
{543 962}
{543 964}
{543 1418}
{543 1499}
{545 589}
{545 659}
{545 667}
{545 669}
{545 761}
{545 766}
{545 767}
{545 1049}
{545 1073}
{545 1080}
{545 1140}
{545 1142}
{545 1147}
{545 1201}
{545 1325}
{545 1393}
{546 655}
{546 682}
{546 1418}
{548 589}
{548 673}
{548 712}
{548 713}
{548 726}
{548 759}
{548 1057}
{548 1073}
{548 1101}
{548 1102}
{548 1142}
{548 1203}
{548 1250}
{548 1329}
{548 1387}
{548 1405}
{549 550}
{549 551}
{549 575}
{549 577}
{549 633}
{549 673}
{549 1380}
{550 551}
{550 575}
{550 577}
{550 673}
{550 695}
{550 696}
{550 791}
{550 821}
{550 823}
{550 847}
{550 854}
{550 967}
{551 555}
{552 553}
{553 554}
{553 681}
{553 741}
{554 678}
{554 735}
{555 589}
{555 676}
{555 688}
{555 691}
{555 874}
{555 875}
{555 1068}
{555 1073}
{555 1142}
{555 1181}
{555 1221}
{555 1340}
{555 1342}
{555 1374}
{555 1484}
{555 1491}
{556 1073}
{557 558}
{557 559}
{561 562}
{561 563}
{561 573}
{561 585}
{561 592}
{561 624}
{561 642}
{561 684}
{561 876}
{561 918}
{561 924}
{561 986}
{561 998}
{561 999}
{561 1000}
{561 1168}
{561 1172}
{561 1400}
{562 563}
{562 566}
{562 620}
{562 662}
{562 779}
{562 986}
{562 1400}
{563 566}
{563 593}
{563 662}
{563 684}
{563 744}
{563 756}
{563 793}
{563 813}
{563 814}
{563 957}
{563 1400}
{563 1428}
{563 1429}
{563 1443}
{563 1447}
{565 578}
{566 609}
{566 616}
{566 620}
{566 699}
{566 744}
{566 774}
{566 779}
{566 787}
{566 927}
{566 986}
{566 992}
{566 1314}
{566 1333}
{566 1344}
{567 568}
{568 586}
{568 662}
{568 766}
{568 769}
{568 799}
{568 842}
{568 846}
{568 891}
{568 981}
{568 1459}
{568 1495}
{568 1503}
{568 1508}
{568 1582}
{569 570}
{569 820}
{570 571}
{570 650}
{570 652}
{570 808}
{570 809}
{570 816}
{570 818}
{570 820}
{570 875}
{570 878}
{570 879}
{570 1431}
{570 1433}
{570 1448}
{572 573}
{572 574}
{572 578}
{573 574}
{573 684}
{573 760}
{573 762}
{573 763}
{573 778}
{573 918}
{573 972}
{573 1000}
{573 1175}
{573 1176}
{573 1463}
{573 1476}
{574 581}
{574 924}
{575 577}
{575 594}
{575 631}
{575 752}
{575 757}
{577 631}
{577 634}
{577 1008}
{578 581}
{578 584}
{578 588}
{579 580}
{579 1408}
{580 611}
{580 650}
{580 724}
{580 726}
{580 727}
{580 775}
{580 846}
{580 886}
{580 981}
{580 1316}
{580 1317}
{580 1350}
{580 1408}
{580 1410}
{581 582}
{582 583}
{582 584}
{582 585}
{582 586}
{582 924}
{583 586}
{584 585}
{585 595}
{585 611}
{585 612}
{585 613}
{585 758}
{585 998}
{585 999}
{585 1168}
{585 1198}
{585 1199}
{585 1254}
{585 1266}
{586 590}
{586 619}
{586 620}
{586 685}
{586 698}
{586 699}
{586 715}
{586 720}
{586 894}
{586 898}
{586 990}
{586 1416}
{586 1502}
{587 1016}
{589 590}
{589 591}
{589 598}
{589 599}
{589 600}
{589 601}
{589 602}
{589 605}
{589 609}
{589 610}
{589 616}
{589 618}
{589 619}
{589 621}
{589 622}
{589 632}
{589 685}
{589 686}
{589 687}
{589 688}
{589 689}
{589 690}
{589 691}
{589 692}
{589 697}
{589 703}
{589 707}
{589 711}
{589 713}
{589 716}
{589 717}
{589 721}
{589 729}
{589 732}
{589 761}
{589 766}
{589 769}
{589 770}
{589 771}
{589 772}
{589 774}
{589 776}
{589 780}
{589 786}
{589 788}
{589 796}
{589 799}
{589 800}
{590 619}
{590 685}
{590 703}
{590 704}
{590 717}
{590 766}
{591 599}
{591 619}
{592 593}
{592 595}
{592 782}
{592 1006}
{593 594}
{593 755}
{593 756}
{594 595}
{594 752}
{594 757}
{595 674}
{595 758}
{596 597}
{596 598}
{597 598}
{597 610}
{597 620}
{597 643}
{597 651}
{597 699}
{597 701}
{597 993}
{597 1294}
{597 1338}
{597 1368}
{598 610}
{598 618}
{598 622}
{598 686}
{598 772}
{599 601}
{599 605}
{599 618}
{600 601}
{600 618}
{601 604}
{601 618}
{601 687}
{601 692}
{601 732}
{601 770}
{601 776}
{602 603}
{602 689}
{602 771}
{603 693}
{603 773}
{604 620}
{604 656}
{604 662}
{605 616}
{606 608}
{607 614}
{607 615}
{608 617}
{608 652}
{608 675}
{608 676}
{608 679}
{608 680}
{608 802}
{608 825}
{608 827}
{608 828}
{608 833}
{608 917}
{608 1153}
{609 616}
{609 691}
{609 703}
{609 705}
{609 774}
{609 786}
{610 632}
{610 688}
{610 703}
{610 706}
{610 761}
{611 612}
{611 623}
{611 624}
{611 734}
{611 735}
{611 738}
{611 746}
{611 751}
{611 840}
{611 858}
{611 866}
{611 998}
{611 1018}
{611 1065}
{614 615}
{616 618}
{616 622}
{616 690}
{616 774}
{616 787}
{618 619}
{618 620}
{618 621}
{618 622}
{618 685}
{618 687}
{618 692}
{618 697}
{618 770}
{618 774}
{618 776}
{618 780}
{619 622}
{619 685}
{619 720}
{619 769}
{620 662}
{620 698}
{620 699}
{620 779}
{620 896}
{620 924}
{620 990}
{620 991}
{621 622}
{622 697}
{622 699}
{622 713}
{622 780}
{623 624}
{624 627}
{624 629}
{624 637}
{624 643}
{624 684}
{624 782}
{624 784}
{624 797}
{624 998}
{624 999}
{624 1211}
{624 1216}
{624 1254}
{624 1265}
{625 626}
{625 738}
{625 746}
{625 999}
{625 1254}
{626 738}
{626 739}
{626 1254}
{626 1256}
{629 630}
{629 635}
{629 636}
{629 641}
{629 642}
{629 645}
{629 710}
{629 714}
{629 789}
{629 855}
{629 917}
{629 1231}
{629 1235}
{629 1236}
{630 635}
{631 638}
{631 659}
{631 1378}
{633 634}
{634 638}
{634 1003}
{635 636}
{635 637}
{635 639}
{635 641}
{635 645}
{636 641}
{636 646}
{636 754}
{636 857}
{636 1024}
{636 1335}
{637 643}
{639 640}
{639 642}
{640 641}
{640 642}
{640 647}
{640 924}
{641 643}
{641 646}
{642 648}
{642 660}
{642 661}
{642 671}
{642 793}
{642 918}
{642 1000}
{642 1168}
{642 1232}
{642 1237}
{642 1463}
{642 1474}
{643 651}
{643 924}
{644 657}
{644 723}
{644 730}
{646 647}
{646 651}
{646 885}
{646 1289}
{648 649}
{648 652}
{648 661}
{648 818}
{648 876}
{649 652}
{649 820}
{650 657}
{650 658}
{650 666}
{650 718}
{650 723}
{650 725}
{650 742}
{650 805}
{650 814}
{650 819}
{650 1318}
{650 1349}
{650 1411}
{652 677}
{652 678}
{652 831}
{652 832}
{652 919}
{652 920}
{652 934}
{652 1022}
{652 1072}
{652 1091}
{652 1332}
{652 1423}
{653 670}
{654 655}
{654 695}
{654 923}
{654 947}
{656 732}
{657 658}
{657 723}
{661 815}
{662 701}
{662 770}
{662 771}
{662 774}
{662 779}
{662 798}
{662 892}
{662 957}
{662 986}
{662 995}
{662 1461}
{662 1494}
{662 1504}
{663 665}
{664 665}
{664 718}
{664 1059}
{665 719}
{665 1088}
{666 667}
{666 668}
{666 914}
{667 669}
{668 669}
{668 725}
{668 737}
{668 747}
{668 1055}
{668 1081}
{674 752}
{675 676}
{675 677}
{675 679}
{676 678}
{676 679}
{677 678}
{677 878}
{677 1072}
{677 1091}
{678 681}
{678 875}
{678 1072}
{678 1085}
{682 683}
{682 685}
{682 721}
{683 685}
{683 698}
{683 962}
{684 785}
{684 1174}
{685 687}
{685 689}
{685 692}
{685 697}
{685 698}
{685 717}
{685 720}
{685 721}
{685 729}
{685 733}
{686 687}
{686 688}
{686 711}
{687 689}
{687 690}
{687 733}
{688 689}
{688 711}
{689 691}
{689 693}
{689 729}
{690 691}
{690 707}
{691 707}
{694 1104}
{695 696}
{695 968}
{698 990}
{699 712}
{700 701}
{700 1337}
{701 761}
{701 772}
{701 775}
{701 800}
{701 888}
{701 996}
{701 1285}
{701 1297}
{701 1317}
{701 1337}
{701 1339}
{701 1364}
{702 703}
{702 704}
{702 705}
{702 706}
{712 713}
{718 719}
{718 722}
{718 723}
{718 725}
{718 726}
{718 875}
{720 721}
{721 733}
{722 723}
{723 725}
{723 728}
{723 730}
{723 731}
{723 736}
{723 737}
{723 742}
{723 745}
{724 725}
{724 726}
{724 727}
{724 734}
{725 742}
{725 878}
{726 727}
{726 735}
{730 731}
{731 742}
{731 745}
{734 735}
{734 738}
{734 751}
{734 1103}
{735 738}
{735 740}
{735 741}
{735 1102}
{738 739}
{738 740}
{738 743}
{738 746}
{738 747}
{738 748}
{738 749}
{738 751}
{739 748}
{739 751}
{746 998}
{752 755}
{752 874}
{753 754}
{754 824}
{754 882}
{754 1024}
{754 1391}
{756 757}
{757 758}
{757 759}
{757 767}
{760 763}
{760 1481}
{761 771}
{761 772}
{761 800}
{763 764}
{763 876}
{763 973}
{764 1485}
{766 769}
{766 771}
{766 799}
{769 770}
{769 799}
{770 771}
{770 772}
{770 774}
{770 798}
{771 773}
{771 774}
{771 796}
{772 800}
{774 776}
{774 779}
{774 780}
{774 786}
{774 787}
{774 788}
{774 796}
{774 798}
{774 1403}
{774 1442}
{779 1403}
{781 923}
{782 783}
{782 784}
{782 1005}
{783 1138}
{784 1194}
{785 1177}
{787 788}
{788 798}
{788 1442}
{789 790}
{790 794}
{790 804}
{790 907}
{790 913}
{790 915}
{790 917}
{790 919}
{790 932}
{790 1049}
{790 1050}
{790 1068}
{790 1589}
{790 1590}
{790 1591}
{792 793}
{792 815}
{793 795}
{793 815}
{793 816}
{793 817}
{793 818}
{793 847}
{793 854}
{793 864}
{793 902}
{793 1430}
{793 1439}
{793 1440}
{794 797}
{797 853}
{797 888}
{797 915}
{797 958}
{797 963}
{797 986}
{797 1005}
{797 1194}
{797 1201}
{797 1203}
{797 1212}
{797 1215}
{797 1217}
{801 807}
{802 803}
{802 828}
{803 826}
{803 877}
{803 929}
{803 945}
{803 1140}
{803 1142}
{803 1173}
{803 1185}
{803 1212}
{803 1221}
{803 1231}
{803 1261}
{803 1283}
{803 1515}
{803 1544}
{803 1548}
{803 1551}
{803 1557}
{806 807}
{807 810}
{807 811}
{807 859}
{807 907}
{807 1029}
{807 1092}
{807 1093}
{807 1094}
{807 1512}
{807 1513}
{807 1514}
{807 1518}
{807 1519}
{808 820}
{811 812}
{811 852}
{811 869}
{811 880}
{811 906}
{811 1015}
{811 1016}
{811 1047}
{811 1062}
{811 1070}
{811 1300}
{811 1401}
{811 1509}
{811 1561}
{811 1593}
{811 1596}
{812 852}
{812 880}
{812 890}
{812 906}
{812 930}
{813 814}
{813 815}
{814 818}
{814 819}
{814 876}
{815 816}
{815 817}
{815 818}
{816 818}
{816 820}
{818 820}
{819 820}
{824 1025}
{825 826}
{825 827}
{825 828}
{825 830}
{825 832}
{825 835}
{825 887}
{826 827}
{826 828}
{826 829}
{826 830}
{826 831}
{826 832}
{826 834}
{826 835}
{826 836}
{826 837}
{826 838}
{826 839}
{826 840}
{826 841}
{826 842}
{826 843}
{826 844}
{826 848}
{826 849}
{826 858}
{826 861}
{826 887}
{826 891}
{826 892}
{826 894}
{826 912}
{826 927}
{826 941}
{826 942}
{826 943}
{826 944}
{826 975}
{826 976}
{826 982}
{826 983}
{826 984}
{826 985}
{826 987}
{826 988}
{826 997}
{826 1001}
{826 1014}
{826 1020}
{826 1141}
{826 1142}
{826 1143}
{826 1144}
{826 1145}
{826 1173}
{826 1183}
{826 1184}
{826 1185}
{826 1193}
{826 1198}
{826 1202}
{826 1207}
{826 1210}
{826 1222}
{826 1225}
{826 1232}
{826 1245}
{826 1248}
{826 1249}
{826 1259}
{826 1269}
{826 1270}
{826 1277}
{826 1284}
{826 1292}
{826 1296}
{826 1302}
{826 1313}
{826 1314}
{826 1358}
{826 1379}
{826 1383}
{826 1384}
{826 1385}
{826 1424}
{826 1425}
{826 1444}
{826 1460}
{826 1469}
{826 1490}
{826 1492}
{826 1499}
{826 1502}
{826 1503}
{826 1504}
{826 1505}
{826 1515}
{826 1516}
{826 1520}
{826 1521}
{826 1522}
{826 1524}
{826 1529}
{826 1532}
{826 1533}
{826 1535}
{826 1537}
{826 1572}
{826 1573}
{826 1578}
{826 1579}
{826 1586}
{826 1588}
{826 1592}
{827 828}
{827 835}
{827 887}
{827 977}
{827 985}
{827 1284}
{827 1383}
{828 829}
{828 831}
{828 833}
{829 830}
{830 837}
{830 887}
{830 1026}
{831 832}
{832 836}
{832 887}
{832 1026}
{833 834}
{834 862}
{834 1142}
{834 1147}
{834 1169}
{834 1173}
{834 1185}
{834 1188}
{834 1250}
{834 1312}
{834 1417}
{834 1467}
{834 1515}
{834 1566}
{834 1582}
{834 1589}
{835 836}
{835 837}
{835 1359}
{835 1386}
{838 839}
{838 843}
{839 844}
{839 887}
{839 912}
{839 914}
{839 1026}
{840 841}
{840 844}
{840 858}
{840 887}
{840 1026}
{841 843}
{842 843}
{842 844}
{842 856}
{842 861}
{842 866}
{842 887}
{842 891}
{842 1503}
{842 1532}
{843 844}
{843 1498}
{843 1547}
{844 861}
{844 866}
{844 887}
{848 849}
{848 929}
{848 940}
{848 944}
{848 948}
{848 982}
{851 852}
{851 883}
{851 888}
{851 910}
{851 916}
{851 963}
{851 1051}
{851 1052}
{851 1053}
{851 1167}
{851 1187}
{851 1291}
{851 1525}
{851 1526}
{852 856}
{852 881}
{852 890}
{852 892}
{852 930}
{852 1032}
{852 1034}
{852 1035}
{852 1038}
{852 1047}
{852 1048}
{852 1496}
{852 1588}
{853 857}
{855 857}
{856 870}
{856 891}
{856 1043}
{856 1044}
{856 1045}
{856 1170}
{856 1186}
{856 1286}
{856 1501}
{856 1532}
{856 1534}
{856 1548}
{857 888}
{857 890}
{857 919}
{857 1024}
{857 1285}
{857 1295}
{857 1326}
{857 1335}
{857 1336}
{857 1565}
{857 1566}
{857 1568}
{858 861}
{859 860}
{859 865}
{859 1029}
{859 1092}
{859 1104}
{859 1136}
{859 1157}
{860 863}
{860 865}
{860 1136}
{860 1157}
{861 862}
{861 866}
{861 877}
{861 912}
{862 866}
{863 871}
{863 1137}
{863 1163}
{865 870}
{865 871}
{865 897}
{865 900}
{865 1140}
{865 1150}
{865 1152}
{865 1157}
{865 1158}
{865 1159}
{865 1518}
{865 1527}
{866 877}
{866 888}
{866 914}
{866 1102}
{866 1103}
{866 1108}
{866 1186}
{866 1187}
{866 1297}
{866 1495}
{867 868}
{868 871}
{868 883}
{868 895}
{868 901}
{868 910}
{868 1147}
{868 1151}
{868 1154}
{868 1275}
{868 1278}
{868 1305}
{868 1530}
{868 1531}
{869 870}
{869 920}
{869 1017}
{869 1303}
{869 1355}
{869 1356}
{869 1357}
{869 1466}
{869 1511}
{869 1527}
{869 1528}
{869 1595}
{869 1599}
{870 974}
{871 881}
{871 1128}
{871 1141}
{871 1148}
{871 1163}
{871 1306}
{871 1324}
{871 1366}
{871 1369}
{871 1497}
{871 1500}
{872 928}
{875 878}
{875 879}
{876 994}
{878 879}
{880 890}
{880 906}
{880 931}
{880 1593}
{881 883}
{881 1496}
{881 1497}
{883 910}
{883 1526}
{883 1531}
{884 889}
{887 891}
{887 892}
{887 894}
{887 896}
{887 927}
{887 941}
{887 942}
{887 976}
{887 982}
{887 983}
{887 984}
{887 985}
{887 987}
{887 988}
{887 997}
{887 1001}
{887 1014}
{887 1019}
{887 1020}
{887 1026}
{887 1143}
{887 1144}
{887 1183}
{887 1202}
{887 1210}
{887 1225}
{887 1270}
{887 1460}
{887 1520}
{887 1522}
{887 1578}
{887 1586}
{889 1243}
{890 906}
{890 1018}
{890 1023}
{890 1048}
{890 1064}
{890 1071}
{890 1290}
{890 1390}
{890 1537}
{890 1543}
{890 1567}
{890 1593}
{890 1598}
{891 892}
{891 894}
{891 1503}
{891 1532}
{892 896}
{892 1504}
{892 1588}
{894 896}
{894 1502}
{894 1533}
{895 974}
{896 927}
{896 983}
{897 974}
{898 903}
{898 905}
{898 925}
{898 943}
{898 946}
{898 949}
{898 959}
{898 962}
{898 990}
{898 1415}
{898 1416}
{898 1418}
{898 1432}
{898 1457}
{899 903}
{899 907}
{899 908}
{899 909}
{899 911}
{899 1004}
{899 1014}
{899 1054}
{899 1061}
{899 1134}
{899 1166}
{899 1171}
{899 1213}
{899 1245}
{899 1288}
{899 1412}
{899 1470}
{903 1009}
{903 1412}
{903 1457}
{904 972}
{905 926}
{905 945}
{905 953}
{905 960}
{905 1293}
{905 1310}
{905 1322}
{905 1329}
{905 1456}
{905 1471}
{905 1475}
{905 1477}
{905 1488}
{905 1491}
{906 907}
{906 908}
{906 919}
{906 920}
{906 921}
{906 937}
{906 1021}
{906 1022}
{906 1027}
{906 1288}
{906 1300}
{906 1543}
{906 1553}
{906 1559}
{907 908}
{907 936}
{907 978}
{907 1030}
{907 1098}
{907 1107}
{907 1164}
{907 1166}
{907 1516}
{907 1538}
{907 1543}
{907 1558}
{907 1559}
{907 1564}
{908 911}
{908 978}
{908 1004}
{908 1288}
{908 1559}
{909 987}
{909 989}
{909 1001}
{909 1057}
{909 1115}
{909 1190}
{909 1192}
{909 1248}
{909 1261}
{909 1345}
{909 1348}
{909 1477}
{909 1478}
{909 1480}
{910 972}
{910 973}
{910 974}
{910 1481}
{910 1485}
{910 1526}
{910 1531}
{911 978}
{911 1004}
{911 1054}
{911 1555}
{912 914}
{914 919}
{914 920}
{914 934}
{914 974}
{914 994}
{914 1022}
{914 1055}
{914 1059}
{914 1072}
{914 1084}
{914 1086}
{914 1089}
{914 1486}
{915 932}
{915 1005}
{915 1050}
{915 1096}
{915 1138}
{915 1194}
{916 972}
{918 1000}
{919 921}
{919 935}
{919 1022}
{919 1025}
{919 1069}
{919 1089}
{919 1300}
{919 1332}
{919 1343}
{919 1549}
{919 1552}
{919 1575}
{919 1580}
{920 921}
{920 938}
{920 1022}
{920 1028}
{920 1066}
{920 1086}
{920 1287}
{920 1360}
{920 1423}
{920 1524}
{920 1542}
{920 1543}
{920 1575}
{920 1581}
{921 933}
{921 1022}
{921 1575}
{922 972}
{923 948}
{925 926}
{925 1003}
{925 1419}
{925 1432}
{926 1002}
{926 1293}
{926 1310}
{926 1311}
{927 988}
{927 1314}
{927 1529}
{928 1219}
{929 952}
{929 954}
{929 1013}
{929 1346}
{930 931}
{930 1034}
{931 1034}
{931 1042}
{931 1593}
{932 935}
{932 936}
{932 1050}
{932 1096}
{933 934}
{933 1072}
{933 1074}
{933 1575}
{934 1022}
{934 1072}
{935 937}
{935 1069}
{935 1097}
{936 937}
{936 1098}
{936 1099}
{937 938}
{937 1299}
{938 1066}
{938 1100}
{938 1298}
{939 940}
{939 946}
{939 980}
{940 946}
{940 948}
{940 949}
{940 954}
{940 979}
{940 980}
{940 995}
{940 1435}
{940 1438}
{940 1451}
{940 1462}
{940 1493}
{941 942}
{941 944}
{941 976}
{941 982}
{942 943}
{943 944}
{943 945}
{943 959}
{943 1499}
{944 975}
{945 960}
{945 1013}
{945 1322}
{946 947}
{946 949}
{946 953}
{946 962}
{946 966}
{946 967}
{946 980}
{946 990}
{946 991}
{946 1003}
{946 1009}
{946 1010}
{947 948}
{947 950}
{947 951}
{947 955}
{947 956}
{947 959}
{947 961}
{947 964}
{947 965}
{947 968}
{947 969}
{947 970}
{948 950}
{948 952}
{948 1451}
{949 950}
{949 967}
{949 1320}
{950 956}
{950 959}
{950 964}
{950 968}
{950 970}
{950 1321}
{951 952}
{951 953}
{951 960}
{951 965}
{951 1013}
{951 1315}
{952 954}
{952 1346}
{953 954}
{953 965}
{953 966}
{953 989}
{953 993}
{953 1002}
{953 1007}
{953 1010}
{953 1013}
{953 1309}
{953 1315}
{953 1334}
{953 1377}
{953 1396}
{954 996}
{954 1317}
{954 1330}
{954 1331}
{954 1346}
{954 1350}
{954 1402}
{954 1427}
{954 1431}
{954 1448}
{954 1453}
{959 960}
{959 1418}
{960 1322}
{962 990}
{965 966}
{965 967}
{965 968}
{965 969}
{965 970}
{965 971}
{965 975}
{965 1013}
{965 1271}
{965 1274}
{965 1276}
{965 1302}
{965 1315}
{965 1363}
{966 967}
{966 971}
{966 1010}
{967 968}
{967 975}
{967 989}
{967 992}
{967 1007}
{967 1008}
{967 1010}
{967 1352}
{967 1353}
{967 1354}
{967 1363}
{967 1380}
{968 975}
{968 1363}
{971 1011}
{971 1120}
{971 1271}
{972 973}
{972 986}
{972 1204}
{972 1205}
{972 1208}
{972 1278}
{972 1280}
{972 1327}
{972 1481}
{972 1482}
{973 974}
{973 994}
{973 1481}
{973 1485}
{974 1056}
{974 1058}
{974 1063}
{974 1167}
{974 1170}
{974 1282}
{974 1485}
{974 1487}
{975 976}
{975 1302}
{977 978}
{977 985}
{977 1007}
{977 1080}
{977 1124}
{977 1153}
{977 1283}
{977 1284}
{977 1351}
{977 1381}
{977 1409}
{977 1421}
{977 1431}
{977 1433}
{978 979}
{978 984}
{978 1004}
{978 1054}
{978 1076}
{978 1110}
{978 1125}
{978 1164}
{978 1288}
{978 1426}
{978 1458}
{978 1479}
{978 1492}
{979 1009}
{979 1479}
{979 1493}
{983 988}
{983 1505}
{983 1573}
{984 985}
{984 1019}
{984 1490}
{984 1492}
{985 1020}
{985 1284}
{985 1383}
{986 994}
{986 1006}
{986 1168}
{986 1195}
{986 1206}
{986 1207}
{986 1333}
{986 1400}
{986 1443}
{986 1446}
{986 1483}
{986 1494}
{987 988}
{987 1001}
{987 1248}
{987 1296}
{987 1313}
{987 1535}
{988 1313}
{988 1535}
{989 997}
{989 1004}
{989 1010}
{989 1011}
{989 1023}
{989 1110}
{989 1113}
{989 1114}
{989 1120}
{989 1352}
{989 1391}
{989 1395}
{989 1396}
{989 1424}
{991 992}
{991 993}
{991 995}
{992 1344}
{992 1354}
{993 996}
{993 1334}
{993 1338}
{994 1483}
{994 1486}
{995 996}
{995 1461}
{995 1462}
{996 1317}
{996 1330}
{996 1337}
{997 1001}
{997 1019}
{997 1424}
{997 1425}
{998 999}
{999 1254}
{1000 1463}
{1001 1014}
{1001 1248}
{1001 1296}
{1002 1003}
{1002 1308}
{1002 1309}
{1003 1008}
{1004 1007}
{1004 1009}
{1004 1010}
{1004 1011}
{1004 1019}
{1004 1027}
{1004 1110}
{1004 1134}
{1004 1209}
{1005 1006}
{1005 1138}
{1005 1194}
{1006 1182}
{1006 1195}
{1007 1010}
{1007 1011}
{1007 1020}
{1007 1028}
{1007 1120}
{1007 1121}
{1007 1123}
{1007 1134}
{1007 1353}
{1007 1361}
{1007 1362}
{1007 1377}
{1007 1385}
{1008 1378}
{1008 1380}
{1010 1011}
{1011 1120}
{1012 1013}
{1013 1276}
{1014 1019}
{1014 1245}
{1014 1292}
{1015 1021}
{1015 1029}
{1015 1067}
{1015 1070}
{1016 1017}
{1016 1027}
{1016 1401}
{1017 1028}
{1017 1355}
{1018 1021}
{1018 1065}
{1018 1071}
{1018 1316}
{1019 1020}
{1020 1384}
{1020 1385}
{1021 1030}
{1021 1318}
{1023 1024}
{1023 1027}
{1023 1390}
{1023 1391}
{1024 1025}
{1024 1335}
{1025 1027}
{1025 1343}
{1027 1028}
{1028 1360}
{1028 1361}
{1029 1030}
{1029 1092}
{1029 1104}
{1030 1105}
{1030 1107}
{1031 1032}
{1031 1034}
{1032 1033}
{1032 1034}
{1032 1035}
{1032 1044}
{1032 1051}
{1034 1035}
{1034 1036}
{1034 1037}
{1034 1038}
{1034 1039}
{1034 1040}
{1034 1041}
{1034 1042}
{1035 1038}
{1035 1045}
{1035 1053}
{1037 1038}
{1037 1039}
{1037 1042}
{1042 1593}
{1042 1597}
{1043 1044}
{1043 1045}
{1044 1045}
{1046 1185}
{1049 1050}
{1050 1068}
{1050 1069}
{1050 1098}
{1051 1052}
{1051 1053}
{1052 1053}
{1054 1061}
{1054 1073}
{1054 1076}
{1054 1082}
{1054 1083}
{1054 1125}
{1054 1127}
{1054 1129}
{1054 1171}
{1054 1209}
{1054 1213}
{1054 1214}
{1054 1426}
{1054 1554}
{1054 1555}
{1055 1056}
{1055 1059}
{1055 1072}
{1055 1084}
{1055 1103}
{1056 1058}
{1056 1063}
{1057 1061}
{1057 1073}
{1057 1113}
{1057 1115}
{1057 1192}
{1058 1059}
{1058 1063}
{1059 1072}
{1059 1087}
{1059 1088}
{1059 1102}
{1060 1061}
{1060 1131}
{1061 1073}
{1061 1129}
{1061 1132}
{1061 1213}
{1065 1408}
{1066 1394}
{1067 1104}
{1070 1092}
{1071 1413}
{1072 1074}
{1072 1075}
{1072 1081}
{1072 1084}
{1072 1085}
{1072 1087}
{1072 1090}
{1072 1091}
{1073 1076}
{1073 1077}
{1073 1080}
{1073 1082}
{1073 1083}
{1073 1095}
{1073 1109}
{1073 1111}
{1073 1112}
{1073 1113}
{1073 1114}
{1073 1115}
{1073 1116}
{1073 1118}
{1073 1119}
{1073 1120}
{1073 1121}
{1073 1122}
{1073 1123}
{1073 1124}
{1073 1125}
{1073 1126}
{1073 1127}
{1073 1129}
{1073 1132}
{1073 1133}
{1073 1139}
{1073 1146}
{1073 1156}
{1073 1192}
{1073 1209}
{1073 1213}
{1073 1214}
{1073 1272}
{1073 1273}
{1073 1319}
{1073 1342}
{1073 1406}
{1073 1421}
{1074 1075}
{1074 1575}
{1074 1576}
{1075 1084}
{1075 1091}
{1076 1077}
{1076 1079}
{1076 1080}
{1076 1082}
{1076 1125}
{1077 1078}
{1077 1113}
{1078 1079}
{1078 1117}
{1080 1121}
{1080 1124}
{1080 1421}
{1083 1171}
{1083 1426}
{1083 1554}
{1092 1093}
{1092 1094}
{1092 1107}
{1096 1097}
{1096 1099}
{1096 1101}
{1100 1398}
{1102 1103}
{1102 1108}
{1103 1108}
{1104 1105}
{1104 1106}
{1109 1110}
{1109 1111}
{1109 1114}
{1109 1116}
{1109 1122}
{1109 1125}
{1109 1127}
{1109 1209}
{1109 1406}
{1110 1407}
{1111 1112}
{1111 1118}
{1111 1209}
{1112 1123}
{1113 1114}
{1113 1117}
{1113 1120}
{1113 1319}
{1114 1115}
{1114 1119}
{1114 1120}
{1114 1209}
{1114 1395}
{1115 1192}
{1115 1213}
{1116 1209}
{1118 1213}
{1119 1146}
{1120 1121}
{1120 1122}
{1120 1123}
{1120 1139}
{1120 1209}
{1120 1271}
{1120 1272}
{1120 1273}
{1120 1319}
{1120 1362}
{1120 1395}
{1121 1123}
{1121 1130}
{1121 1132}
{1121 1273}
{1122 1209}
{1123 1124}
{1123 1133}
{1123 1209}
{1123 1362}
{1124 1125}
{1124 1421}
{1125 1126}
{1125 1209}
{1125 1426}
{1126 1146}
{1127 1209}
{1128 1149}
{1128 1218}
{1130 1131}
{1131 1132}
{1133 1134}
{1133 1139}
{1133 1146}
{1133 1156}
{1133 1209}
{1133 1213}
{1133 1214}
{1133 1342}
{1134 1340}
{1135 1136}
{1136 1137}
{1138 1181}
{1138 1182}
{1139 1209}
{1140 1141}
{1140 1142}
{1140 1150}
{1140 1152}
{1140 1165}
{1141 1142}
{1141 1144}
{1141 1145}
{1141 1147}
{1141 1148}
{1141 1366}
{1141 1379}
{1142 1145}
{1142 1147}
{1142 1148}
{1142 1149}
{1142 1150}
{1142 1151}
{1142 1152}
{1142 1154}
{1142 1155}
{1142 1160}
{1142 1161}
{1142 1162}
{1142 1165}
{1142 1185}
{1142 1193}
{1142 1219}
{1142 1220}
{1142 1221}
{1142 1222}
{1142 1223}
{1142 1224}
{1142 1226}
{1142 1227}
{1142 1228}
{1142 1238}
{1142 1240}
{1142 1241}
{1142 1242}
{1142 1243}
{1142 1244}
{1142 1247}
{1142 1249}
{1142 1250}
{1142 1251}
{1142 1252}
{1142 1253}
{1142 1257}
{1142 1260}
{1142 1267}
{1142 1268}
{1142 1269}
{1142 1277}
{1142 1358}
{1142 1366}
{1142 1367}
{1142 1370}
{1142 1372}
{1142 1373}
{1142 1374}
{1142 1375}
{1142 1376}
{1142 1379}
{1142 1382}
{1142 1387}
{1142 1388}
{1142 1389}
{1142 1392}
{1143 1144}
{1143 1145}
{1143 1225}
{1143 1270}
{1145 1222}
{1145 1269}
{1146 1209}
{1147 1151}
{1147 1154}
{1147 1160}
{1148 1149}
{1148 1150}
{1148 1151}
{1148 1161}
{1148 1366}
{1148 1369}
{1149 1161}
{1149 1220}
{1149 1224}
{1149 1240}
{1149 1253}
{1149 1268}
{1149 1382}
{1150 1152}
{1150 1162}
{1151 1154}
{1151 1155}
{1155 1160}
{1155 1161}
{1155 1219}
{1155 1227}
{1155 1246}
{1155 1251}
{1156 1209}
{1157 1158}
{1157 1159}
{1157 1163}
{1160 1219}
{1160 1228}
{1160 1233}
{1160 1242}
{1160 1250}
{1161 1162}
{1161 1219}
{1161 1220}
{1161 1224}
{1161 1226}
{1161 1227}
{1161 1240}
{1161 1243}
{1161 1267}
{1161 1268}
{1161 1366}
{1161 1370}
{1161 1372}
{1161 1382}
{1162 1165}
{1162 1223}
{1162 1227}
{1162 1243}
{1162 1264}
{1165 1221}
{1165 1228}
{1165 1229}
{1165 1243}
{1165 1260}
{1168 1169}
{1168 1189}
{1169 1188}
{1171 1213}
{1172 1173}
{1172 1174}
{1172 1175}
{1172 1189}
{1172 1199}
{1172 1206}
{1172 1216}
{1172 1237}
{1172 1254}
{1172 1258}
{1172 1263}
{1172 1428}
{1172 1443}
{1172 1445}
{1172 1449}
{1172 1463}
{1172 1468}
{1172 1473}
{1173 1174}
{1173 1175}
{1173 1176}
{1173 1177}
{1173 1178}
{1173 1179}
{1173 1184}
{1173 1185}
{1173 1188}
{1173 1189}
{1173 1193}
{1173 1196}
{1173 1197}
{1173 1198}
{1173 1199}
{1173 1200}
{1173 1204}
{1173 1205}
{1173 1206}
{1173 1207}
{1173 1208}
{1173 1211}
{1173 1212}
{1173 1215}
{1173 1216}
{1173 1217}
{1173 1231}
{1173 1232}
{1173 1235}
{1173 1236}
{1173 1237}
{1173 1254}
{1173 1256}
{1173 1258}
{1173 1259}
{1173 1262}
{1173 1263}
{1173 1358}
{1173 1428}
{1173 1429}
{1173 1430}
{1173 1434}
{1173 1436}
{1173 1437}
{1173 1439}
{1173 1440}
{1173 1441}
{1173 1443}
{1173 1444}
{1173 1445}
{1173 1449}
{1173 1450}
{1173 1463}
{1173 1464}
{1173 1468}
{1173 1469}
{1173 1472}
{1173 1473}
{1174 1175}
{1174 1177}
{1174 1216}
{1174 1263}
{1174 1428}
{1174 1449}
{1174 1473}
{1175 1176}
{1175 1197}
{1175 1204}
{1175 1463}
{1175 1476}
{1176 1179}
{1176 1191}
{1176 1196}
{1176 1205}
{1176 1463}
{1176 1472}
{1178 1185}
{1179 1180}
{1179 1211}
{1179 1429}
{1180 1191}
{1180 1234}
{1180 1420}
{1183 1184}
{1183 1202}
{1183 1210}
{1183 1460}
{1184 1198}
{1184 1207}
{1184 1232}
{1185 1193}
{1185 1238}
{1185 1358}
{1185 1515}
{1185 1517}
{1188 1189}
{1189 1199}
{1189 1206}
{1189 1237}
{1189 1258}
{1189 1445}
{1189 1468}
{1193 1196}
{1193 1205}
{1193 1218}
{1193 1253}
{1193 1359}
{1193 1404}
{1193 1455}
{1193 1498}
{1193 1511}
{1193 1514}
{1193 1515}
{1193 1534}
{1193 1536}
{1194 1195}
{1194 1201}
{1194 1203}
{1196 1197}
{1196 1198}
{1196 1200}
{1197 1199}
{1197 1200}
{1198 1199}
{1198 1202}
{1198 1254}
{1198 1259}
{1198 1434}
{1199 1254}
{1199 1266}
{1199 1437}
{1204 1205}
{1204 1206}
{1204 1208}
{1205 1207}
{1205 1208}
{1206 1207}
{1206 1215}
{1206 1443}
{1206 1446}
{1207 1210}
{1207 1212}
{1207 1443}
{1207 1444}
{1209 1213}
{1209 1214}
{1211 1212}
{1211 1216}
{1211 1231}
{1211 1234}
{1211 1254}
{1211 1262}
{1212 1215}
{1212 1217}
{1215 1216}
{1215 1217}
{1216 1235}
{1216 1254}
{1216 1265}
{1218 1253}
{1219 1220}
{1219 1222}
{1219 1224}
{1219 1226}
{1219 1242}
{1219 1246}
{1219 1247}
{1219 1249}
{1219 1255}
{1221 1222}
{1221 1223}
{1221 1257}
{1222 1224}
{1222 1225}
{1222 1249}
{1222 1374}
{1223 1224}
{1223 1257}
{1224 1255}
{1224 1375}
{1226 1227}
{1227 1244}
{1227 1267}
{1227 1370}
{1227 1372}
{1228 1230}
{1228 1373}
{1229 1230}
{1230 1233}
{1230 1347}
{1231 1232}
{1231 1235}
{1231 1236}
{1232 1237}
{1232 1430}
{1232 1460}
{1232 1463}
{1232 1469}
{1235 1236}
{1235 1237}
{1237 1440}
{1237 1463}
{1237 1474}
{1239 1240}
{1239 1241}
{1239 1243}
{1240 1243}
{1240 1251}
{1240 1269}
{1240 1388}
{1241 1243}
{1241 1264}
{1243 1260}
{1243 1264}
{1243 1267}
{1243 1268}
{1243 1269}
{1243 1277}
{1245 1248}
{1246 1247}
{1247 1255}
{1248 1261}
{1248 1348}
{1248 1424}
{1250 1251}
{1250 1252}
{1250 1269}
{1251 1252}
{1254 1256}
{1254 1258}
{1254 1259}
{1254 1262}
{1254 1263}
{1254 1265}
{1254 1266}
{1256 1265}
{1256 1266}
{1269 1270}
{1269 1277}
{1269 1387}
{1271 1272}
{1271 1274}
{1272 1362}
{1272 1395}
{1274 1315}
{1274 1363}
{1282 1485}
{1283 1284}
{1284 1385}
{1284 1409}
{1284 1492}
{1287 1288}
{1287 1293}
{1287 1298}
{1287 1393}
{1287 1394}
{1287 1427}
{1287 1431}
{1287 1452}
{1287 1465}
{1287 1475}
{1287 1484}
{1287 1545}
{1287 1546}
{1287 1570}
{1288 1290}
{1288 1299}
{1288 1300}
{1288 1318}
{1288 1397}
{1288 1414}
{1288 1458}
{1288 1470}
{1288 1558}
{1288 1559}
{1288 1562}
{1288 1563}
{1288 1569}
{1290 1316}
{1290 1317}
{1290 1364}
{1290 1413}
{1290 1422}
{1290 1453}
{1290 1454}
{1290 1471}
{1290 1477}
{1290 1489}
{1290 1540}
{1290 1541}
{1290 1574}
{1291 1526}
{1292 1296}
{1293 1298}
{1293 1310}
{1293 1311}
{1293 1394}
{1293 1398}
{1296 1404}
{1296 1417}
{1296 1425}
{1298 1299}
{1298 1394}
{1298 1398}
{1299 1397}
{1299 1399}
{1300 1301}
{1300 1556}
{1301 1600}
{1305 1531}
{1308 1311}
{1309 1310}
{1310 1329}
{1310 1432}
{1310 1491}
{1311 1325}
{1311 1419}
{1312 1313}
{1313 1314}
{1313 1341}
{1313 1505}
{1316 1317}
{1316 1318}
{1316 1408}
{1316 1413}
{1317 1330}
{1317 1337}
{1317 1408}
{1317 1413}
{1318 1411}
{1318 1414}
{1320 1321}
{1320 1358}
{1321 1358}
{1323 1324}
{1323 1365}
{1323 1366}
{1324 1366}
{1326 1335}
{1327 1481}
{1330 1331}
{1330 1334}
{1330 1402}
{1330 1462}
{1335 1336}
{1335 1343}
{1335 1390}
{1337 1338}
{1337 1339}
{1337 1461}
{1340 1342}
{1341 1358}
{1347 1373}
{1348 1358}
{1355 1356}
{1355 1357}
{1355 1360}
{1355 1401}
{1358 1374}
{1358 1386}
{1358 1387}
{1358 1409}
{1358 1430}
{1358 1434}
{1358 1508}
{1358 1515}
{1358 1540}
{1358 1545}
{1358 1547}
{1365 1366}
{1365 1367}
{1366 1367}
{1366 1369}
{1366 1370}
{1366 1371}
{1366 1372}
{1366 1373}
{1366 1379}
{1366 1382}
{1366 1392}
{1367 1369}
{1367 1371}
{1370 1371}
{1370 1373}
{1370 1375}
{1370 1388}
{1373 1374}
{1373 1387}
{1373 1392}
{1374 1375}
{1374 1376}
{1375 1376}
{1383 1384}
{1383 1455}
{1383 1467}
{1383 1490}
{1387 1388}
{1387 1389}
{1388 1389}
{1393 1394}
{1394 1397}
{1394 1484}
{1398 1399}
{1398 1405}
{1400 1403}
{1400 1443}
{1403 1442}
{1403 1443}
{1406 1407}
{1408 1410}
{1408 1411}
{1413 1414}
{1413 1422}
{1413 1454}
{1420 1429}
{1428 1429}
{1428 1437}
{1428 1440}
{1428 1443}
{1428 1447}
{1429 1430}
{1429 1434}
{1429 1443}
{1429 1450}
{1430 1439}
{1430 1440}
{1434 1436}
{1434 1437}
{1436 1437}
{1439 1440}
{1441 1442}
{1441 1443}
{1441 1446}
{1441 1447}
{1442 1443}
{1443 1444}
{1443 1445}
{1443 1446}
{1443 1447}
{1443 1449}
{1443 1450}
{1463 1464}
{1463 1468}
{1463 1469}
{1463 1472}
{1463 1473}
{1463 1474}
{1463 1476}
{1464 1474}
{1464 1476}
{1481 1482}
{1481 1483}
{1485 1486}
{1485 1487}
{1496 1526}
{1497 1531}
{1502 1503}
{1503 1504}
{1503 1508}
{1503 1582}
{1506 1507}
{1506 1509}
{1507 1510}
{1507 1523}
{1507 1550}
{1509 1510}
{1509 1511}
{1509 1514}
{1509 1515}
{1509 1561}
{1509 1593}
{1509 1601}
{1510 1515}
{1510 1549}
{1510 1569}
{1511 1515}
{1511 1524}
{1511 1595}
{1511 1599}
{1512 1513}
{1512 1514}
{1512 1515}
{1512 1538}
{1512 1561}
{1513 1514}
{1513 1515}
{1514 1515}
{1514 1516}
{1515 1516}
{1515 1517}
{1515 1521}
{1515 1524}
{1515 1537}
{1515 1538}
{1515 1539}
{1515 1540}
{1515 1541}
{1515 1542}
{1515 1545}
{1515 1546}
{1515 1549}
{1515 1551}
{1515 1552}
{1515 1553}
{1515 1556}
{1515 1558}
{1515 1560}
{1515 1561}
{1515 1562}
{1515 1565}
{1515 1566}
{1515 1567}
{1515 1568}
{1515 1569}
{1515 1570}
{1515 1571}
{1515 1572}
{1515 1574}
{1515 1575}
{1515 1576}
{1515 1577}
{1515 1579}
{1515 1583}
{1515 1584}
{1515 1585}
{1515 1587}
{1515 1589}
{1515 1590}
{1515 1591}
{1515 1592}
{1515 1593}
{1515 1594}
{1515 1595}
{1515 1597}
{1515 1599}
{1515 1600}
{1515 1601}
{1515 1602}
{1516 1520}
{1516 1521}
{1516 1538}
{1516 1558}
{1516 1572}
{1516 1589}
{1520 1522}
{1521 1522}
{1521 1524}
{1521 1537}
{1522 1578}
{1522 1586}
{1523 1569}
{1524 1542}
{1524 1545}
{1524 1575}
{1524 1579}
{1524 1586}
{1525 1526}
{1529 1535}
{1530 1531}
{1532 1533}
{1532 1534}
{1532 1548}
{1532 1588}
{1535 1536}
{1535 1544}
{1535 1573}
{1537 1540}
{1537 1566}
{1537 1567}
{1537 1578}
{1537 1592}
{1537 1593}
{1538 1539}
{1538 1553}
{1538 1558}
{1538 1564}
{1538 1590}
{1539 1542}
{1539 1543}
{1539 1551}
{1539 1553}
{1539 1567}
{1539 1571}
{1539 1577}
{1539 1594}
{1540 1541}
{1540 1569}
{1540 1574}
{1541 1574}
{1542 1553}
{1542 1570}
{1542 1575}
{1542 1581}
{1542 1599}
{1543 1557}
{1545 1546}
{1545 1569}
{1545 1570}
{1546 1570}
{1549 1550}
{1549 1552}
{1549 1566}
{1549 1575}
{1549 1583}
{1549 1589}
{1551 1557}
{1552 1553}
{1552 1556}
{1552 1565}
{1552 1575}
{1552 1580}
{1552 1590}
{1553 1556}
{1553 1558}
{1553 1561}
{1553 1562}
{1553 1567}
{1553 1571}
{1553 1575}
{1553 1577}
{1553 1584}
{1553 1585}
{1553 1593}
{1553 1594}
{1553 1602}
{1554 1555}
{1554 1558}
{1554 1560}
{1555 1558}
{1555 1559}
{1556 1561}
{1556 1562}
{1556 1584}
{1556 1585}
{1556 1600}
{1556 1602}
{1558 1559}
{1558 1560}
{1558 1562}
{1558 1563}
{1558 1564}
{1558 1569}
{1558 1571}
{1558 1572}
{1558 1585}
{1558 1587}
{1560 1563}
{1560 1564}
{1561 1593}
{1561 1596}
{1561 1599}
{1562 1563}
{1562 1569}
{1562 1570}
{1562 1574}
{1565 1566}
{1565 1567}
{1565 1568}
{1566 1568}
{1567 1574}
{1567 1593}
{1567 1598}
{1569 1587}
{1575 1576}
{1575 1577}
{1575 1579}
{1575 1580}
{1575 1581}
{1575 1583}
{1575 1584}
{1576 1580}
{1576 1581}
{1589 1590}
{1589 1591}
{1590 1591}
{1592 1593}
{1593 1594}
{1593 1596}
{1593 1597}
{1593 1598}
{1593 1601}
{1593 1602}
{1595 1599}
{1596 1597}
{1597 1598}
{0 1 2 3}	# Dimension 3
{0 1 4 5}
{0 1 6 10}
{0 1 43}
{0 2 4}
{0 2 9 10}
{0 2 15}
{0 2 16}
{0 2 29 30}
{0 2 35 37}
{0 4 15}
{0 4 30 41}
{0 4 43}
{0 10 15}
{0 10 30 32}
{0 10 35}
{0 10 43}
{0 15 16}
{0 15 43}
{0 16 43 80}
{0 30 43}
{0 35 43}
{1 3 5}
{1 3 6 7}
{1 3 11}
{1 5 6 8}
{1 5 11}
{1 5 43}
{1 6 43}
{1 11 43}
{2 3 4 5}
{2 3 7 9}
{2 3 577 634}
{2 3 631 638}
{2 4 15}
{2 4 29 41}
{2 9 23}
{2 9 29 31}
{2 9 37}
{2 9 190 893}
{2 9 634 1003}
{2 9 658}
{2 15 16}
{2 15 23}
{2 23 658}
{2 29 190 211}
{2 29 198 224}
{2 190 198}
{2 478 658}
{2 478 765}
{2 634 638}
{2 650 658}
{2 650 805}
{3 5 7 8}
{3 5 11}
{3 7 577 1008}
{3 7 631 1378}
{3 191 631}
{3 575 577}
{3 575 631}
{3 577 631}
{3 631 659}
{4 5 25 27}
{4 5 43}
{4 15 43}
{4 15 83}
{4 25 41 59}
{4 25 43}
{4 25 44}
{4 25 46}
{4 25 83}
{4 41 43}
{4 43 44}
{4 43 83}
{4 44 45 46}
{5 8 43}
{5 8 50 51}
{5 11 43}
{5 27 43}
{5 43 50}
{6 7 8}
{6 7 9 10}
{6 7 78 292}
{6 7 106 266}
{6 7 450}
{6 7 451}
{6 8 43}
{6 8 265 266}
{6 8 451}
{6 10 43}
{6 10 78}
{6 10 266 267}
{6 10 451}
{6 43 78}
{6 43 266}
{6 43 450 459}
{6 43 451}
{6 450 451}
{7 8 106 265}
{7 8 451}
{7 9 106 117}
{7 9 160}
{7 9 292}
{7 9 452}
{7 9 830 1026}
{7 9 1003 1008}
{7 106 825 830}
{7 106 835 837}
{7 107 160}
{7 107 249}
{7 160 452}
{7 160 871}
{7 450 451}
{7 451 452}
{7 830 837}
{7 871 1306}
{7 1008 1378}
{8 43 51}
{8 43 265}
{8 43 284}
{8 43 451}
{8 43 460}
{8 51 81 265}
{8 51 284}
{8 51 302}
{8 51 460}
{8 284 285 302}
{8 451 460}
{9 10 12 13}
{9 10 15 23}
{9 10 31 32}
{9 10 35 37}
{9 10 78 292}
{9 10 117 267}
{9 10 207 431}
{9 10 262 294}
{9 10 451 452}
{9 12 23}
{9 12 105 117}
{9 12 207 241}
{9 12 276 893}
{9 12 292}
{9 12 658}
{9 12 1002 1003}
{9 23 658}
{9 31 201 207}
{9 31 217 893}
{9 31 292}
{9 31 294}
{9 31 840 1026}
{9 31 980}
{9 37 117}
{9 37 207}
{9 69 160 893}
{9 117 274 893}
{9 117 294}
{9 117 832 1026}
{9 117 980}
{9 160 207}
{9 160 452}
{9 207 452}
{9 207 839 1026}
{9 207 925 1003}
{9 294 980}
{9 477 658 1026}
{9 946 980 1003}
{10 13 15}
{10 13 43}
{10 13 78}
{10 13 267 270}
{10 13 431 446}
{10 15 43}
{10 15 74}
{10 15 86}
{10 32 43}
{10 32 78}
{10 32 262}
{10 32 431 432}
{10 35 43}
{10 35 86}
{10 35 267}
{10 35 279}
{10 35 431}
{10 35 464}
{10 43 74}
{10 43 78}
{10 43 86}
{10 43 262}
{10 43 267}
{10 43 279}
{10 43 299}
{10 43 431}
{10 43 451}
{10 43 461}
{10 43 464}
{10 74 78}
{10 78 299}
{10 78 461}
{10 262 267}
{10 262 279}
{10 262 299}
{10 431 451}
{10 451 461}
{10 451 464}
{12 13 14}
{12 13 15}
{12 13 36}
{12 13 78 292}
{12 13 105 270}
{12 13 241 446}
{12 14 15}
{12 15 23}
{12 15 36}
{12 23 658}
{12 36 105 260}
{12 36 241 447}
{12 105 271 275}
{12 105 273 276}
{12 241 926 1002}
{12 241 1308 1311}
{12 275 276}
{12 478 658}
{12 478 1307}
{12 650 658}
{12 650 1349}
{12 1002 1308}
{13 14 15}
{13 14 43 80}
{13 15 36}
{13 15 43}
{13 36 43}
{13 36 260 270}
{13 36 446 447}
{13 43 78}
{13 43 270}
{13 43 446}
{14 15 80}
{15 16 80}
{15 23 644}
{15 36 43}
{15 36 91}
{15 43 74}
{15 43 80}
{15 43 83}
{15 43 86}
{15 43 91}
{15 80 730}
{15 644 730}
{17 18 24 25}
{17 25 43}
{17 25 158 162}
{17 25 259 260}
{17 25 334}
{17 25 336 357}
{17 25 354}
{17 25 412 419}
{17 25 433 447}
{17 25 494 497}
{17 25 569 820}
{17 25 589}
{17 25 688 689}
{17 25 761 771}
{17 25 1282 1485}
{17 25 1291 1526}
{17 25 1515}
{17 43 260}
{17 43 334}
{17 43 447}
{17 334 354}
{17 334 589}
{17 334 1515}
{17 336 354}
{17 354 412}
{17 589 688}
{17 589 761}
{17 1301 1600}
{17 1515 1600}
{18 19 24}
{19 24 26}
{19 24 33}
{19 24 40}
{19 24 63 64}
{19 24 899 1412}
{19 33 40}
{19 33 53 64}
{19 33 899 903}
{19 64 84 144}
{19 64 899 1004}
{19 64 1111 1118}
{19 82 84}
{19 82 1118}
{19 84 899 1061}
{19 84 1118}
{19 899 1118 1213}
{20 21 22}
{20 21 114}
{20 72 157 164}
{20 72 183 204}
{20 72 208 225}
{20 72 566 620}
{20 72 599 605}
{20 100 108}
{20 100 114}
{20 114 171}
{20 114 620}
{20 120 153 164}
{20 120 181 184}
{20 120 574 581}
{20 120 586 620}
{20 120 591 599}
{20 163 164}
{20 163 171}
{20 163 186}
{20 163 599}
{20 164 599}
{20 171 620}
{20 181 574}
{20 186 599}
{20 204 208}
{20 204 620 991}
{20 574 620 924}
{20 599 601 604}
{20 599 618 620}
{20 604 620}
{21 87 104 240}
{21 87 219 237}
{21 87 226 244}
{21 87 932 935}
{21 87 1096 1097}
{21 103 104 142}
{21 104 114}
{21 104 192}
{21 104 226 227}
{21 104 234}
{21 104 851 852}
{21 104 935 937}
{21 114 192}
{21 114 597}
{21 141 142}
{21 141 851 1526}
{21 142 851 883}
{21 192 487}
{21 219 226}
{21 219 487}
{21 219 851 1051}
{21 226 233 234}
{21 226 487}
{21 226 491}
{21 226 851 1053}
{21 487 491}
{21 597 1294}
{21 935 1097}
{23 644 657 658}
{24 25 26 27}
{24 25 33}
{24 25 40}
{24 25 63}
{24 25 1412}
{24 33 40}
{24 33 53 63}
{24 33 903 1412}
{25 27 43}
{25 27 157 164}
{25 27 168 170}
{25 27 259 265}
{25 27 334}
{25 27 354}
{25 27 494 495}
{25 27 589}
{25 27 689 691}
{25 27 815 817}
{25 27 1305 1531}
{25 27 1327 1481}
{25 27 1509 1514}
{25 27 1515}
{25 27 1549 1589}
{25 33 34}
{25 33 39}
{25 33 40}
{25 33 53}
{25 33 903}
{25 34 40}
{25 34 45}
{25 34 46}
{25 34 53}
{25 34 98}
{25 34 99}
{25 34 101}
{25 34 142}
{25 34 165}
{25 34 261}
{25 34 363}
{25 34 364}
{25 34 423}
{25 34 440}
{25 34 441}
{25 34 475}
{25 34 496}
{25 34 603}
{25 34 648}
{25 34 693}
{25 34 763}
{25 34 773}
{25 34 814}
{25 34 816}
{25 34 818}
{25 34 881}
{25 34 883}
{25 34 903}
{25 34 910}
{25 34 973}
{25 34 979}
{25 34 994}
{25 34 1506}
{25 34 1507}
{25 34 1523}
{25 34 1550}
{25 39 40}
{25 39 52}
{25 39 55 59}
{25 39 60 65}
{25 39 1457}
{25 40 98}
{25 40 158}
{25 40 168}
{25 43 44}
{25 43 59}
{25 43 65}
{25 43 83}
{25 43 259}
{25 43 334}
{25 43 345}
{25 43 433}
{25 43 462}
{25 44 45}
{25 44 259}
{25 44 433}
{25 45 46}
{25 45 261}
{25 45 441}
{25 52 53}
{25 53 63}
{25 59 158 159}
{25 59 311 357}
{25 59 334}
{25 59 354}
{25 59 408 417}
{25 59 433 434}
{25 59 501 505}
{25 59 589}
{25 59 792 815}
{25 59 1481 1482}
{25 59 1515}
{25 59 1525 1526}
{25 59 1540 1569}
{25 59 1549 1566}
{25 65 153 164}
{25 65 167 168}
{25 65 334}
{25 65 354}
{25 65 408 409}
{25 65 419 436}
{25 65 501 503}
{25 65 589}
{25 65 766 771}
{25 65 808 820}
{25 65 1485 1487}
{25 65 1509 1511}
{25 65 1515}
{25 65 1530 1531}
{25 65 1545 1569}
{25 98 99}
{25 98 101}
{25 98 158}
{25 98 168}
{25 99 156}
{25 99 166}
{25 101 161}
{25 101 169}
{25 141 142}
{25 141 1526}
{25 142 148}
{25 142 883}
{25 148 1531}
{25 156 158}
{25 158 161}
{25 164 165}
{25 164 178}
{25 164 589}
{25 164 602}
{25 165 603}
{25 166 168}
{25 168 169}
{25 178 589}
{25 259 261}
{25 259 345}
{25 334 354}
{25 334 589}
{25 334 1515}
{25 354 357}
{25 354 358}
{25 354 369}
{25 354 408}
{25 354 419}
{25 354 429}
{25 354 443}
{25 357 358}
{25 357 363}
{25 357 369}
{25 358 364}
{25 358 408}
{25 358 419}
{25 363 364}
{25 364 423}
{25 364 440}
{25 408 440}
{25 408 443}
{25 419 423}
{25 419 429}
{25 433 441}
{25 433 462}
{25 473 475}
{25 473 494}
{25 475 476}
{25 475 496}
{25 476 501}
{25 494 496}
{25 494 816}
{25 494 1479}
{25 496 501}
{25 496 816}
{25 496 979}
{25 501 816}
{25 501 1493}
{25 589 602}
{25 589 689}
{25 589 729}
{25 589 771}
{25 589 796}
{25 602 603}
{25 602 689}
{25 602 771}
{25 603 693}
{25 603 773}
{25 648 649}
{25 648 661}
{25 648 818}
{25 649 820}
{25 661 815}
{25 689 693}
{25 689 729}
{25 760 763}
{25 760 1481}
{25 763 764}
{25 763 973}
{25 764 1485}
{25 771 773}
{25 771 796}
{25 813 814}
{25 813 815}
{25 814 818}
{25 814 819}
{25 815 816}
{25 815 818}
{25 816 818}
{25 816 820}
{25 818 820}
{25 819 820}
{25 881 883}
{25 881 1496}
{25 881 1497}
{25 883 910}
{25 883 1526}
{25 883 1531}
{25 903 1412}
{25 903 1457}
{25 910 973}
{25 910 1481}
{25 910 1485}
{25 910 1526}
{25 910 1531}
{25 973 994}
{25 973 1481}
{25 973 1485}
{25 979 1479}
{25 979 1493}
{25 994 1483}
{25 994 1486}
{25 1481 1483}
{25 1485 1486}
{25 1496 1526}
{25 1497 1531}
{25 1506 1507}
{25 1506 1509}
{25 1507 1510}
{25 1507 1523}
{25 1507 1550}
{25 1509 1510}
{25 1509 1515}
{25 1509 1601}
{25 1510 1515}
{25 1510 1549}
{25 1510 1569}
{25 1515 1549}
{25 1515 1569}
{25 1515 1583}
{25 1515 1587}
{25 1515 1601}
{25 1523 1569}
{25 1549 1550}
{25 1549 1583}
{25 1569 1587}
{27 43 265}
{27 43 334}
{27 157 589}
{27 334 354}
{27 334 589}
{27 334 1515}
{27 354 360}
{27 360 365}
{27 589 691}
{27 1514 1515}
{27 1515 1589}
{28 29 30}
{28 29 41}
{28 30 41}
{28 30 43}
{28 41 43}
{29 30 31 32}
{29 30 41}
{29 31 41 42}
{29 31 211 217}
{29 31 223 224}
{29 185 211}
{29 185 224}
{29 211 224}
{29 224 470}
{29 224 472}
{30 32 41 42}
{30 32 43}
{30 41 43}
{31 32 42}
{31 32 78 292}
{31 32 201 432}
{31 32 262}
{31 32 326}
{31 42 201 434}
{31 42 262}
{31 54 202}
{31 54 980}
{31 201 840 844}
{31 201 841 843}
{31 217 223}
{31 262 294}
{31 262 326}
{31 294 980}
{31 840 841}
{31 940 980}
{31 940 1435}
{32 42 43}
{32 42 262}
{32 42 432 434}
{32 43 78}
{32 43 262}
{32 43 326 327}
{32 43 432}
{32 262 326}
{33 34 40}
{33 34 53}
{33 34 903}
{33 38 39}
{33 38 40}
{33 38 53 54}
{33 38 898 903}
{33 39 40}
{33 39 52 53}
{33 39 903 1457}
{33 53 903 1009}
{34 40 98}
{34 45 46}
{34 45 261}
{34 45 441}
{34 53 1009}
{34 98 99}
{34 98 101}
{34 99 103}
{34 101 103}
{34 103 142}
{34 103 881}
{34 142 883}
{34 165 603}
{34 363 364}
{34 364 423}
{34 364 440}
{34 475 496}
{34 475 1009}
{34 496 816}
{34 496 979}
{34 603 693}
{34 603 773}
{34 648 818}
{34 648 876}
{34 763 876}
{34 763 973}
{34 814 818}
{34 814 876}
{34 816 818}
{34 876 994}
{34 881 883}
{34 883 910}
{34 903 1009}
{34 910 973}
{34 973 994}
{34 979 1009}
{34 1506 1507}
{34 1507 1523}
{34 1507 1550}
{35 37 117 267}
{35 37 207 431}
{35 37 330 331}
{35 43 86}
{35 43 267}
{35 43 279}
{35 43 330}
{35 43 431}
{35 43 464}
{36 43 51}
{36 43 91}
{36 43 260}
{36 43 284}
{36 43 447}
{36 51 81 260}
{36 51 91}
{36 51 228 447}
{36 51 284}
{36 51 306}
{36 284 285 306}
{38 39 40}
{38 39 52 54}
{38 39 55}
{38 39 60}
{38 39 898 1457}
{38 47 48}
{38 47 209}
{38 48 54 212}
{38 48 209}
{38 48 898 943}
{38 54 195 209}
{38 54 898 946}
{38 209 898 959}
{40 94 98}
{40 94 158}
{40 98 113}
{40 98 158}
{40 98 168}
{40 113 168}
{41 42 43}
{41 42 50 51}
{41 43 50}
{41 43 59}
{42 43 51}
{42 43 262}
{42 43 284}
{42 43 329}
{42 43 434}
{42 51 228 434}
{42 51 283}
{42 51 284}
{42 51 329}
{42 262 329}
{42 283 284 285}
{43 44 259}
{43 44 433}
{43 49 50}
{43 49 51}
{43 49 79}
{43 49 81}
{43 49 220}
{43 49 228}
{43 49 325}
{43 50 51}
{43 51 81}
{43 51 91}
{43 51 220}
{43 51 228}
{43 51 284}
{43 51 329}
{43 51 460}
{43 59 334}
{43 59 434}
{43 65 330}
{43 65 334}
{43 74 78}
{43 78 299}
{43 78 320}
{43 78 461}
{43 79 80}
{43 79 325}
{43 79 327}
{43 79 334}
{43 79 459}
{43 81 260}
{43 81 265}
{43 220 320}
{43 228 434}
{43 228 447}
{43 259 260}
{43 259 262}
{43 259 265}
{43 259 267}
{43 259 345}
{43 260 270}
{43 260 339}
{43 262 267}
{43 262 279}
{43 262 299}
{43 262 327}
{43 262 329}
{43 262 345}
{43 265 266}
{43 265 342}
{43 266 267}
{43 266 342}
{43 267 270}
{43 267 327 338}
{43 270 339}
{43 325 334}
{43 431 432}
{43 431 433}
{43 431 446}
{43 431 451}
{43 431 453 459}
{43 432 434}
{43 432 435}
{43 433 434}
{43 433 447}
{43 433 451}
{43 433 462}
{43 434 435}
{43 446 447}
{43 446 448}
{43 447 448}
{43 451 459}
{43 451 460}
{43 451 461}
{43 451 462}
{43 451 464}
{44 45 259 261}
{44 45 433 441}
{47 48 197}
{47 48 209}
{47 197 209}
{48 121 182 212}
{48 121 197}
{48 195 209 212}
{48 197 209}
{48 197 212}
{48 197 943}
{48 197 1193}
{48 209 943 959}
{48 826 943 1193}
{49 50 51}
{49 50 235}
{49 50 1073}
{49 50 1173}
{49 51 81}
{49 51 220}
{49 51 228}
{49 51 235}
{49 51 1073}
{49 51 1173}
{49 79 235}
{49 79 280}
{49 79 325}
{49 79 1073}
{49 79 1095}
{49 79 1173}
{49 79 1178}
{49 81 235}
{49 81 1073}
{49 81 1173}
{49 220 235}
{49 220 1073}
{49 220 1173}
{49 228 235}
{49 228 1073}
{49 228 1173}
{49 235 280}
{49 1073 1095}
{49 1173 1178}
{50 51 225 232}
{50 51 235}
{50 51 237 239}
{50 51 384 385}
{50 51 471 1136}
{50 51 508 1076}
{50 51 520 1113}
{50 51 579 1408}
{50 51 694 1104}
{50 51 700 1337}
{50 51 1032 1051}
{50 51 1073}
{50 51 1173}
{50 235 237}
{50 235 1051}
{50 508 1073}
{50 520 1073}
{50 785 1177}
{50 1173 1177}
{51 75 77 81}
{51 75 155}
{51 75 183}
{51 75 203}
{51 75 220 221}
{51 75 1354}
{51 81 235}
{51 81 239 278}
{51 81 384 469}
{51 81 481 607}
{51 81 1073}
{51 81 1092 1094}
{51 81 1135 1136}
{51 81 1173}
{51 81 1211 1231}
{51 81 1330 1402}
{51 81 1413 1454}
{51 81 1429 1430}
{51 84 144 228}
{51 110 144 220}
{51 144 146}
{51 144 251}
{51 144 1073}
{51 144 1077}
{51 146 147}
{51 146 1078}
{51 147 155}
{51 147 172}
{51 147 176}
{51 147 177}
{51 147 183}
{51 147 204}
{51 147 283}
{51 147 285}
{51 147 287}
{51 147 289}
{51 147 302}
{51 147 306}
{51 147 439}
{51 147 483}
{51 147 859}
{51 147 860}
{51 147 863}
{51 147 992}
{51 147 993}
{51 147 995}
{51 147 996}
{51 147 1015}
{51 147 1018}
{51 147 1029}
{51 147 1030}
{51 147 1033}
{51 147 1078}
{51 147 1079}
{51 147 1117}
{51 147 1180}
{51 147 1191}
{51 147 1234}
{51 147 1316}
{51 147 1317}
{51 147 1318}
{51 147 1420}
{51 155 176}
{51 155 183}
{51 155 225}
{51 155 384}
{51 155 395}
{51 172 176}
{51 172 386}
{51 172 389}
{51 176 177}
{51 176 384}
{51 176 395}
{51 177 319}
{51 177 396}
{51 183 204}
{51 183 225}
{51 183 992}
{51 203 204}
{51 204 208}
{51 208 225}
{51 220 235}
{51 220 395 397}
{51 220 481 482}
{51 220 1032 1044}
{51 220 1073}
{51 220 1076 1080}
{51 220 1104 1106}
{51 220 1157 1159}
{51 220 1173}
{51 220 1176 1196}
{51 220 1330 1331}
{51 220 1408 1410}
{51 220 1429 1434}
{51 225 228 229}
{51 225 1344}
{51 228 235}
{51 228 341 395}
{51 228 1057 1113}
{51 228 1073}
{51 228 1092 1093}
{51 228 1157 1158}
{51 228 1173}
{51 228 1176 1205}
{51 228 1211 1212}
{51 228 1337 1339}
{51 228 1413 1422}
{51 235 239}
{51 235 288}
{51 235 383}
{51 235 481}
{51 235 504}
{51 235 1031}
{51 235 1032}
{51 239 287}
{51 239 288}
{51 239 383}
{51 251 1073}
{51 283 285}
{51 284 285}
{51 285 302}
{51 285 306}
{51 287 289}
{51 288 289}
{51 288 481}
{51 288 1032}
{51 289 483}
{51 289 1033}
{51 319 384}
{51 384 386}
{51 389 395}
{51 395 396}
{51 439 454}
{51 439 463}
{51 439 860}
{51 454 1157}
{51 463 1136}
{51 481 483}
{51 481 504}
{51 859 860}
{51 859 1029}
{51 859 1092}
{51 859 1104}
{51 859 1136}
{51 859 1157}
{51 860 863}
{51 860 1136}
{51 860 1157}
{51 863 1137}
{51 863 1163}
{51 992 1344}
{51 992 1354}
{51 993 996}
{51 993 1334}
{51 993 1338}
{51 995 996}
{51 995 1461}
{51 995 1462}
{51 996 1317}
{51 996 1330}
{51 996 1337}
{51 1015 1029}
{51 1015 1067}
{51 1015 1070}
{51 1018 1065}
{51 1018 1071}
{51 1018 1316}
{51 1029 1030}
{51 1029 1092}
{51 1029 1104}
{51 1030 1105}
{51 1030 1107}
{51 1031 1032}
{51 1032 1033}
{51 1065 1408}
{51 1067 1104}
{51 1070 1092}
{51 1071 1413}
{51 1073 1076}
{51 1073 1077}
{51 1073 1082}
{51 1073 1113}
{51 1073 1319}
{51 1076 1077}
{51 1076 1079}
{51 1076 1082}
{51 1077 1078}
{51 1077 1113}
{51 1078 1079}
{51 1078 1117}
{51 1092 1107}
{51 1104 1105}
{51 1113 1117}
{51 1113 1319}
{51 1136 1137}
{51 1157 1163}
{51 1173 1176}
{51 1173 1179}
{51 1173 1211}
{51 1173 1262}
{51 1173 1429}
{51 1173 1450}
{51 1173 1472}
{51 1176 1179}
{51 1176 1191}
{51 1176 1472}
{51 1179 1180}
{51 1179 1211}
{51 1179 1429}
{51 1180 1191}
{51 1180 1234}
{51 1180 1420}
{51 1211 1234}
{51 1211 1262}
{51 1316 1317}
{51 1316 1318}
{51 1316 1408}
{51 1316 1413}
{51 1317 1330}
{51 1317 1337}
{51 1317 1408}
{51 1317 1413}
{51 1318 1411}
{51 1318 1414}
{51 1330 1334}
{51 1330 1462}
{51 1337 1338}
{51 1337 1461}
{51 1408 1411}
{51 1413 1414}
{51 1420 1429}
{51 1429 1450}
{52 53 54}
{53 54 946 1009}
{53 63 64}
{53 64 1004 1009}
{54 75 76 203}
{54 76 183 204}
{54 76 195 258}
{54 76 212 236}
{54 76 946 967}
{54 117 118}
{54 117 980}
{54 193 194}
{54 193 195}
{54 193 212}
{54 193 939}
{54 194 195}
{54 195 212}
{54 195 315 318}
{54 195 946 947}
{54 203 204}
{54 204 946 991}
{54 318 946}
{54 939 946}
{54 939 980}
{54 946 980}
{58 133 150 151}
{58 133 311 357}
{58 133 356 371}
{58 133 1001 1014}
{58 133 1292 1296}
{58 151 310 311}
{58 151 371 372}
{58 151 997 1001}
{58 151 1296 1425}
{58 311 313}
{58 311 371}
{58 313 371}
{58 987 1001}
{58 987 1296}
{58 1001 1296}
{58 1296 1404}
{58 1296 1417}
{59 311 354}
{59 334 354}
{59 334 589}
{59 334 1515}
{59 354 417}
{59 589 732}
{59 656 732}
{59 1515 1540}
{59 1515 1566}
{62 67 1244}
{62 84 523 1061}
{62 84 1073}
{62 110 523 1121}
{62 110 1073}
{62 130 523 1138}
{62 138 523 1096}
{62 153 523 590}
{62 153 589}
{62 157 523 609}
{62 157 589}
{62 180 523 1398}
{62 191 523 631}
{62 242 523 1311}
{62 307 523 752}
{62 515 516}
{62 515 522 523}
{62 516 523}
{62 516 536}
{62 516 1058}
{62 523 536}
{62 523 589}
{62 523 1058 1059}
{62 523 1073}
{62 523 1142}
{62 536 589}
{62 536 1073}
{62 536 1142}
{62 1142 1244}
{64 88 90}
{64 88 122}
{64 88 144}
{64 88 1111}
{64 90 1111}
{64 96 110 144}
{64 96 467 587}
{64 96 1004 1007}
{64 96 1016 1017}
{64 96 1111 1112}
{64 122 140}
{64 122 1004}
{64 137 140}
{64 137 500}
{64 140 333}
{64 140 1004}
{64 144 1111}
{64 333 362}
{64 587 1016}
{64 1004 1016 1027}
{64 1004 1110}
{64 1004 1111 1209}
{64 1109 1110 1111}
{65 153 589}
{65 330 331}
{65 334 354}
{65 334 589}
{65 334 1515}
{65 354 409}
{65 354 436}
{65 589 766}
{65 1511 1515}
{65 1515 1545}
{67 68 1227 1244}
{68 69 70}
{68 69 71}
{68 69 107}
{68 69 1161 1227}
{68 70 1162 1227}
{68 71 1155 1227}
{68 107 1227 1370}
{69 70 112 131}
{69 70 174 439}
{69 70 276 893}
{69 70 865 871}
{69 70 884}
{69 70 889}
{69 70 1161 1162}
{69 71 103 142}
{69 71 125 126}
{69 71 190 893}
{69 71 868 871}
{69 71 872}
{69 71 928}
{69 71 1155 1161}
{69 99 103 107}
{69 101 103 112}
{69 103 104 884}
{69 103 871 881}
{69 107 109 125}
{69 107 112 113}
{69 107 160}
{69 107 172 174}
{69 107 1161 1370}
{69 107 1324}
{69 112 274 893}
{69 112 872}
{69 112 928}
{69 112 1128}
{69 112 1161 1224}
{69 125 174 177}
{69 125 217 893}
{69 125 884}
{69 125 889}
{69 125 1128}
{69 125 1161 1240}
{69 150 174 872}
{69 160 871}
{69 160 1324}
{69 174 863 871}
{69 871 1128}
{69 871 1148 1161}
{69 871 1324}
{69 872 928}
{69 884 889}
{69 889 1161 1243}
{69 928 1161 1219}
{69 1128 1149 1161}
{69 1161 1324 1366}
{70 131 273 276}
{70 131 281 291}
{70 131 1162 1223}
{70 131 1165 1221}
{70 145 382}
{70 145 884}
{70 240 388}
{70 240 884}
{70 276 291}
{70 439 454}
{70 439 860 865}
{70 454 865 1157}
{70 865 1140 1165}
{70 865 1150 1162}
{70 884 889}
{70 889 1243}
{70 1162 1165}
{70 1162 1243}
{70 1162 1264}
{70 1165 1243}
{70 1243 1264}
{71 123 124}
{71 124 872}
{71 126 189 210}
{71 126 190 211}
{71 126 1155 1251}
{71 126 1160 1250}
{71 133 134}
{71 133 872}
{71 142 148}
{71 142 868 883}
{71 148 868 1531}
{71 189 190}
{71 868 1147 1160}
{71 868 1151 1155}
{71 872 928}
{71 928 1219}
{71 1155 1160}
{71 1155 1219}
{71 1155 1246}
{71 1160 1219}
{71 1219 1246}
{72 155 183}
{72 155 225}
{72 157 187}
{72 157 566 609}
{72 157 605}
{72 183 225}
{72 183 566 992}
{72 187 605}
{72 225 229}
{72 225 232}
{72 225 566 1344}
{72 566 605 616}
{75 76 77}
{75 76 155}
{75 76 183}
{75 76 221}
{75 76 967 1354}
{75 155 183}
{75 183 203 204}
{75 183 992 1354}
{76 155 183}
{76 183 967 992}
{76 236 250}
{76 236 258}
{76 236 967 975}
{76 250 258}
{76 258 967 968}
{78 292 320 322}
{79 80 730}
{79 89 399}
{79 89 1073}
{79 179 427}
{79 179 589}
{79 196 197}
{79 196 346}
{79 197 218}
{79 197 546}
{79 197 1046}
{79 197 1185}
{79 197 1274}
{79 218 235}
{79 218 280}
{79 218 354}
{79 218 361}
{79 218 516}
{79 218 672}
{79 218 1046}
{79 235 280}
{79 235 379}
{79 235 492}
{79 235 1037}
{79 255 256}
{79 255 1247}
{79 256 354}
{79 325 334}
{79 327 346}
{79 334 354}
{79 334 361}
{79 334 589}
{79 334 716}
{79 334 1515}
{79 334 1517}
{79 354 361}
{79 354 404}
{79 354 430}
{79 378 379}
{79 378 1241}
{79 399 404}
{79 427 492}
{79 430 445}
{79 445 1464}
{79 459 1365}
{79 516 536}
{79 516 672}
{79 516 731}
{79 516 739}
{79 516 1075}
{79 536 589}
{79 536 672}
{79 536 716}
{79 536 1073}
{79 536 1095}
{79 536 1142}
{79 536 1238}
{79 546 682}
{79 589 716}
{79 589 721}
{79 589 788}
{79 626 739}
{79 626 1256}
{79 682 721}
{79 730 731}
{79 788 1442}
{79 1037 1042}
{79 1042 1597}
{79 1046 1185}
{79 1073 1083}
{79 1073 1095}
{79 1073 1272}
{79 1074 1075}
{79 1074 1576}
{79 1083 1554}
{79 1142 1185}
{79 1142 1238}
{79 1142 1241}
{79 1142 1247}
{79 1142 1367}
{79 1173 1178}
{79 1173 1185}
{79 1173 1256}
{79 1173 1441}
{79 1173 1464}
{79 1178 1185}
{79 1185 1238}
{79 1185 1515}
{79 1185 1517}
{79 1271 1272}
{79 1271 1274}
{79 1365 1367}
{79 1441 1442}
{79 1515 1517}
{79 1515 1560}
{79 1515 1576}
{79 1515 1597}
{79 1554 1560}
{81 235 278}
{81 235 607}
{81 1073 1406}
{81 1173 1231}
{81 1173 1430}
{81 1406 1407}
{82 84 1073}
{82 84 1118}
{82 1073 1118}
{84 144 1073}
{84 144 1111 1118}
{84 228 1073}
{84 1061 1073}
{84 1061 1118 1213}
{84 1073 1118}
{87 138 1096}
{87 237 238}
{87 237 239 240}
{87 237 244}
{87 238 244}
{87 240 244 245}
{87 240 932 936}
{87 240 1096 1099}
{87 915 932}
{87 915 1096}
{87 932 1096}
{87 1096 1101}
{88 89 90}
{88 89 399}
{88 89 484}
{88 89 1073}
{88 90 1111}
{88 122 400}
{88 122 474}
{88 122 1004 1209}
{88 144 251}
{88 144 1073}
{88 144 1111}
{88 251 1073}
{88 399 400}
{88 474 484}
{88 474 541}
{88 474 1146}
{88 484 1146}
{88 541 556}
{88 541 1073}
{88 541 1146}
{88 556 1073}
{88 1073 1111}
{88 1073 1116}
{88 1073 1146}
{88 1073 1156}
{88 1073 1209}
{88 1111 1209}
{88 1116 1209}
{88 1146 1209}
{88 1156 1209}
{89 90 1073 1111}
{89 484 1073 1146}
{92 102 104 240}
{92 102 277 278}
{92 102 303 304}
{92 102 983 988}
{92 102 1535 1573}
{92 239 240 278}
{92 240 245 303}
{92 240 927 988}
{92 240 1529 1535}
{92 278 303}
{92 278 305}
{92 303 305}
{92 987 988}
{92 987 1535}
{92 988 1535}
{92 1535 1536}
{92 1535 1544}
{94 98 99 100}
{94 98 101 102}
{94 98 158}
{94 100 102 104}
{94 100 156 158}
{94 100 481 607}
{94 100 485 614}
{94 102 158 161}
{94 102 277 607}
{94 102 304 614}
{94 158 159}
{94 158 162}
{94 607 614}
{94 607 615}
{94 614 615}
{96 110 111}
{96 110 1007 1121}
{96 110 1112}
{96 111 1112}
{96 269 467}
{96 269 1017}
{96 466 467}
{96 467 576}
{96 467 1007 1361}
{96 467 1017}
{96 1007 1017 1028}
{96 1007 1112 1123}
{98 99 101 103}
{98 99 107 113}
{98 99 156 158}
{98 99 166 168}
{98 101 112 113}
{98 101 158 161}
{98 101 168 169}
{98 113 168}
{99 100 103 104}
{99 100 156}
{99 107 166}
{100 104 114}
{100 104 143 145}
{100 104 192}
{100 104 227 485}
{100 104 252}
{100 104 937 1299}
{100 114 192}
{100 114 597}
{100 143 481 482}
{100 143 485 488}
{100 143 1298 1299}
{100 143 1398 1399}
{100 192 487}
{100 252 297 485}
{100 481 485}
{100 481 487}
{100 485 487}
{100 485 490}
{100 487 490}
{100 597 1368}
{100 1299 1399}
{101 102 103 104}
{101 102 161}
{101 112 169}
{102 104 227 304}
{102 104 234}
{102 104 812}
{102 104 896 983}
{102 104 930}
{102 233 234 304}
{102 277 304}
{102 277 1034}
{102 304 1034}
{102 304 1039}
{102 811 812}
{102 811 1062}
{102 812 890}
{102 812 930}
{102 890 1064}
{102 930 1034}
{102 983 1573}
{102 1034 1039}
{103 104 852 881}
{103 142 881 883}
{104 114 192}
{104 114 620 896}
{104 145 227 377}
{104 145 234}
{104 145 403}
{104 145 852 856}
{104 145 884}
{104 145 894 896}
{104 145 937 938}
{104 192 227 487}
{104 227 233 234}
{104 227 240 245}
{104 227 252 297}
{104 227 380 403}
{104 227 852 1035}
{104 227 930 1034}
{104 240 252}
{104 240 403}
{104 240 884}
{104 240 896 927}
{104 240 936 937}
{104 252 852}
{104 403 884}
{104 812 852}
{104 812 906 937}
{104 812 930}
{104 852 892 896}
{104 852 930}
{105 117 259 260}
{105 117 267 270}
{105 117 271 272}
{105 117 273 274}
{105 260 270}
{105 260 339}
{105 269 271}
{105 269 273}
{105 270 339}
{105 271 273}
{105 271 628}
{105 271 1281}
{106 117 259 265}
{106 117 266 267}
{106 117 825 832}
{106 117 835 836}
{106 265 266}
{106 265 342}
{106 266 342}
{106 825 827}
{106 825 835}
{106 827 835}
{106 835 1359}
{106 835 1386}
{107 109 172 176}
{107 109 389 395}
{107 109 1370 1388}
{107 109 1373 1387}
{107 113 166 168}
{107 113 1370 1375}
{107 113 1373 1374}
{107 160 207}
{107 160 1324}
{107 172 389}
{107 207 246}
{107 1324 1366}
{107 1366 1370}
{107 1366 1371}
{107 1366 1373}
{107 1370 1371}
{107 1370 1373}
{109 125 176 177}
{109 125 395 396}
{109 125 1240 1388}
{109 125 1269 1387}
{109 155 176}
{109 155 395}
{109 176 395}
{109 341 395}
{109 395 397}
{109 1387 1388}
{109 1387 1389}
{109 1388 1389}
{110 111 1073}
{110 111 1112}
{110 144 1073}
{110 144 1111 1112}
{110 220 1073}
{110 1073 1112}
{110 1073 1121}
{110 1112 1121 1123}
{111 1073 1112}
{112 113 168 169}
{112 113 1222 1374}
{112 113 1224 1375}
{112 124 323}
{112 124 872}
{112 131 273 274}
{112 131 281 286}
{112 131 1221 1222}
{112 131 1223 1224}
{112 133 402}
{112 133 872}
{112 274 286}
{112 872 928}
{112 928 1219}
{112 1128 1149 1224}
{112 1219 1222}
{112 1219 1224}
{112 1219 1255}
{112 1222 1224}
{112 1224 1255}
{113 167 168}
{113 168 170}
{113 1374 1375}
{113 1374 1376}
{113 1375 1376}
{114 171 188 192}
{114 171 597}
{114 171 620}
{114 597 620}
{116 130 1138}
{116 133 150 333}
{116 133 336 357}
{116 133 355 356}
{116 133 1005 1006}
{116 133 1138 1182}
{116 332 333 336}
{116 333 352 355}
{116 333 782 1005}
{116 333 783 1138}
{116 336 337}
{116 336 355}
{116 337 355}
{116 915 1005}
{116 915 1138}
{116 1005 1138}
{116 1138 1181}
{117 259 262}
{117 259 267}
{117 262 267}
{117 262 294}
{117 262 338}
{117 267 338}
{117 272 274}
{117 294 980}
{117 832 836}
{117 940 980}
{117 940 1438}
{119 120 184}
{119 121 182 184}
{120 153 154}
{120 153 586 590}
{120 153 591}
{120 154 591}
{120 184 185}
{120 184 581}
{120 184 583 586}
{120 184 709}
{120 185 581}
{120 581 582 586}
{120 586 591 619}
{121 182 197}
{121 182 200 210}
{121 182 218}
{121 182 235}
{121 182 281 282}
{121 182 310 311}
{121 182 332 336}
{121 182 354}
{121 182 516}
{121 182 535 1058}
{121 182 646 1289}
{121 182 735 1102}
{121 182 945 1013}
{121 182 1335 1336}
{121 182 1355 1357}
{121 197 218}
{121 197 945}
{121 218 235}
{121 218 354}
{121 218 516}
{121 235 309}
{121 308 309}
{121 311 354}
{121 336 354}
{121 516 1058}
{121 516 1102}
{122 140 400 401}
{122 140 474}
{122 140 1004}
{122 474 1004}
{124 137 149 150}
{124 149 300 409}
{124 149 366 407}
{124 149 594 595}
{124 149 674 752}
{124 150 257}
{124 150 350}
{124 150 353 366}
{124 150 421 437}
{124 150 592 595}
{124 150 872}
{124 150 1019 1020}
{124 253 257}
{124 253 300}
{124 253 301}
{124 253 366}
{124 257 872}
{124 300 366}
{124 300 436 437}
{124 301 366}
{124 348 350 366}
{124 366 437 559}
{124 437 985 1020}
{124 437 1383 1384}
{124 595 674}
{124 1020 1384}
{125 126 210 216}
{125 126 211 217}
{125 126 1240 1251}
{125 126 1250 1269}
{125 145 373}
{125 145 884}
{125 177 396}
{125 216 217}
{125 240 374}
{125 240 884}
{125 884 889}
{125 889 1243}
{125 1128 1149 1240}
{125 1239 1240}
{125 1239 1243}
{125 1240 1243}
{125 1240 1269}
{125 1243 1269}
{126 185 210}
{126 185 211}
{126 200 210}
{126 205 210}
{126 210 211}
{126 1250 1251}
{126 1250 1252}
{126 1251 1252}
{131 269 273}
{131 269 281}
{131 273 281}
{131 281 282}
{131 281 290}
{131 1221 1223}
{131 1221 1257}
{131 1223 1257}
{133 150 257}
{133 150 312}
{133 150 353 356}
{133 150 592 1006}
{133 150 872}
{133 150 1014 1019}
{133 253 257}
{133 253 356}
{133 253 357}
{133 253 367}
{133 257 872}
{133 312 356 359}
{133 356 357}
{133 356 367}
{133 1006 1182}
{133 1014 1292}
{137 140 150}
{137 140 401}
{137 140 474}
{137 149 406 407}
{137 149 408 409}
{137 149 593 594}
{137 149 752 755}
{137 150 151 152}
{137 150 172 174}
{137 150 312}
{137 150 353 406}
{137 150 401}
{137 150 592 593}
{137 152 172 176}
{137 152 384 386}
{137 152 406 416}
{137 152 408 417}
{137 172 386}
{137 312 359 406}
{137 398 401}
{137 398 406}
{137 398 408}
{137 398 414}
{137 406 408}
{137 406 414}
{137 474 822}
{137 593 755}
{140 150 333}
{140 150 401}
{140 150 1004 1019}
{140 333 401}
{140 333 474}
{140 474 1004}
{141 142 883 1526}
{142 148 883 1531}
{143 145 375 482}
{143 145 377 488}
{143 145 938 1298}
{143 145 1100 1398}
{143 180 1398}
{143 482 488}
{143 482 489}
{143 488 489}
{143 1293 1298}
{143 1293 1398}
{143 1298 1398}
{143 1398 1405}
{144 146 1077 1078}
{144 251 1073}
{144 1073 1077}
{144 1073 1111}
{145 233 234 377}
{145 375 377}
{145 375 380}
{145 375 856 1044}
{145 377 380}
{145 377 390}
{145 377 856 1045}
{145 380 390}
{145 380 403}
{145 403 884}
{145 856 891 894}
{145 856 1532 1533}
{145 894 1533}
{145 938 1100}
{146 147 1078}
{147 155 176}
{147 155 183}
{147 172 174}
{147 172 176}
{147 174 177}
{147 174 439}
{147 174 863}
{147 176 177}
{147 183 204}
{147 183 992}
{147 204 991}
{147 283 285}
{147 285 302}
{147 285 306}
{147 287 289}
{147 289 483}
{147 289 1033}
{147 439 860}
{147 859 860}
{147 859 1029}
{147 860 863}
{147 991 992}
{147 991 993}
{147 991 995}
{147 993 996}
{147 995 996}
{147 996 1317}
{147 1015 1021}
{147 1015 1029}
{147 1018 1021}
{147 1018 1316}
{147 1021 1030}
{147 1021 1318}
{147 1029 1030}
{147 1078 1079}
{147 1078 1117}
{147 1180 1191}
{147 1180 1234}
{147 1180 1420}
{147 1316 1317}
{147 1316 1318}
{149 307 752}
{149 407 409}
{149 407 410}
{149 409 410}
{149 575 594}
{149 575 752}
{149 594 752}
{149 752 874}
{150 151 174 177}
{150 151 350}
{150 151 353 372}
{150 151 428}
{150 151 918}
{150 151 997 1019}
{150 174 333 439}
{150 174 421 863}
{150 253 257 353}
{150 257 872}
{150 312 353 359}
{150 312 421}
{150 333 350}
{150 333 352 353}
{150 333 401}
{150 333 418 421}
{150 333 592 782}
{150 348 350 353}
{150 353 398 401}
{150 353 421 557}
{150 353 425 428}
{150 421 428}
{150 421 918}
{150 421 984 1019}
{150 428 918}
{150 561 592 918}
{151 152 176 177}
{151 152 310 417}
{151 152 319 384}
{151 152 372 416}
{151 177 319}
{151 310 372}
{151 310 425}
{151 348 350 372}
{151 372 425}
{151 372 537}
{151 425 428}
{151 425 537}
{151 428 918}
{151 573 762}
{151 573 918}
{151 642 671}
{151 642 918}
{151 997 1425}
{152 155 176}
{152 155 384}
{152 176 384}
{152 384 385}
{152 384 469}
{152 416 417}
{152 416 420}
{152 417 420}
{153 154 589}
{153 154 591}
{153 164 589}
{153 164 591 599}
{153 589 590}
{153 589 591}
{153 590 591 619}
{154 589 591}
{155 176 384}
{155 176 395}
{155 183 225}
{157 164 589}
{157 164 599 605}
{157 187 589}
{157 187 605}
{157 589 605}
{157 589 609}
{157 605 609 616}
{160 207 452}
{160 207 871}
{160 452 1323 1324}
{160 871 1324}
{163 164 178}
{163 164 589}
{163 164 599}
{163 171 188}
{163 171 597}
{163 171 618 620}
{163 178 589}
{163 179 186}
{163 179 427}
{163 179 589}
{163 179 596}
{163 186 599}
{163 188 427}
{163 589 598}
{163 589 599}
{163 589 600}
{163 589 610}
{163 589 618}
{163 589 621}
{163 589 632}
{163 596 597}
{163 596 598}
{163 597 598}
{163 597 610}
{163 598 610}
{163 598 618}
{163 599 618}
{163 600 618}
{163 610 632}
{163 618 621}
{164 165 602 603}
{164 178 589}
{164 589 599}
{164 589 602}
{171 597 620}
{172 174 176 177}
{172 176 384 386}
{172 176 389 395}
{174 439 860 863}
{176 177 319 384}
{176 177 395 396}
{179 186 589 599}
{179 589 596 598}
{181 182 184}
{181 182 574}
{181 184 574 581}
{182 184 185}
{182 184 316 709}
{182 184 581}
{182 184 583}
{182 185 199}
{182 185 210}
{182 185 211}
{182 185 224}
{182 185 578}
{182 185 581}
{182 189 190}
{182 189 210}
{182 190 198}
{182 190 199}
{182 190 211}
{182 197 206}
{182 197 212}
{182 197 214}
{182 197 218}
{182 197 248}
{182 197 316}
{182 197 411}
{182 197 507}
{182 197 544}
{182 197 1013}
{182 197 1276}
{182 198 224}
{182 199 211}
{182 199 213}
{182 199 215}
{182 199 217}
{182 199 222}
{182 199 231}
{182 199 264}
{182 199 269}
{182 199 273}
{182 199 274}
{182 199 276}
{182 199 293}
{182 199 324}
{182 199 335}
{182 199 343}
{182 199 376}
{182 199 547}
{182 199 552}
{182 199 553}
{182 199 574}
{182 199 581}
{182 199 582}
{182 199 636}
{182 199 640}
{182 199 641}
{182 199 643}
{182 199 681}
{182 199 741}
{182 199 1012}
{182 199 1016}
{182 199 1017}
{182 199 1023}
{182 199 1024}
{182 199 1025}
{182 199 1028}
{182 205 206 210}
{182 206 212 236}
{182 206 218}
{182 206 219 237}
{182 206 235}
{182 206 277 278}
{182 206 281 290}
{182 206 354}
{182 206 466 467}
{182 206 507 539}
{182 206 515 535}
{182 206 516}
{182 206 578 588}
{182 206 635 645}
{182 206 676 678}
{182 206 753 754}
{182 210 211}
{182 210 216}
{182 211 217}
{182 211 224}
{182 212 213}
{182 212 214}
{182 212 248}
{182 213 215}
{182 214 215}
{182 214 507}
{182 214 1013}
{182 215 547}
{182 215 1012}
{182 216 217}
{182 217 223}
{182 218 235}
{182 218 316}
{182 218 354}
{182 218 411}
{182 218 516}
{182 219 222}
{182 219 230}
{182 219 235}
{182 219 411 1051}
{182 219 498}
{182 222 231}
{182 223 224}
{182 224 316 472}
{182 224 411 470}
{182 230 231}
{182 230 235}
{182 230 277}
{182 230 375}
{182 231 264}
{182 231 376}
{182 235 277}
{182 235 316}
{182 235 375}
{182 235 394}
{182 235 411}
{182 235 498}
{182 235 1040}
{182 264 277}
{182 269 271}
{182 269 273}
{182 269 281}
{182 269 467}
{182 269 1017}
{182 269 1355}
{182 271 272}
{182 271 273}
{182 271 275}
{182 271 316 628}
{182 271 411 1281}
{182 272 274}
{182 273 274}
{182 273 276}
{182 273 281}
{182 274 286}
{182 275 276}
{182 276 291}
{182 277 316 607}
{182 277 1040}
{182 281 286}
{182 281 291}
{182 293 300}
{182 293 343}
{182 298 300}
{182 298 354}
{182 300 316 409}
{182 300 347}
{182 300 354}
{182 300 411 436}
{182 310 316 417}
{182 310 324}
{182 310 347}
{182 310 354}
{182 310 538}
{182 316 354}
{182 316 375 482}
{182 316 467 576}
{182 316 516}
{182 316 646 885}
{182 316 678 875}
{182 316 726 735}
{182 316 754 882}
{182 324 343}
{182 332 335}
{182 332 347}
{182 332 354}
{182 332 411 412}
{182 332 424}
{182 335 343}
{182 343 347}
{182 347 354}
{182 354 411}
{182 354 424}
{182 354 538}
{182 375 376}
{182 375 394}
{182 375 411 1044}
{182 411 506 507}
{182 411 516}
{182 411 565 578}
{182 411 630 635}
{182 411 929 1013}
{182 411 1326 1335}
{182 411 1355 1356}
{182 467 587}
{182 467 1017}
{182 467 1361}
{182 507 544}
{182 507 547}
{182 516 535}
{182 516 554}
{182 516 678}
{182 516 728}
{182 516 735}
{182 516 740}
{182 516 1085}
{182 535 552}
{182 535 554}
{182 535 728}
{182 552 553}
{182 553 554}
{182 553 681}
{182 553 741}
{182 554 678}
{182 554 735}
{182 572 574}
{182 572 578}
{182 574 581}
{182 578 581}
{182 578 584}
{182 581 582}
{182 582 583}
{182 582 584}
{182 587 1016}
{182 635 636}
{182 635 637}
{182 635 639}
{182 635 641}
{182 636 641}
{182 636 646}
{182 636 754}
{182 636 1024}
{182 636 1335}
{182 637 643}
{182 639 640}
{182 640 641}
{182 640 647}
{182 641 643}
{182 641 646}
{182 643 651}
{182 646 647}
{182 646 651}
{182 678 681}
{182 678 1085}
{182 735 740}
{182 735 741}
{182 754 824}
{182 754 1024}
{182 754 1391}
{182 824 1025}
{182 1012 1013}
{182 1013 1276}
{182 1016 1017}
{182 1016 1401}
{182 1017 1028}
{182 1017 1355}
{182 1023 1024}
{182 1023 1390}
{182 1023 1391}
{182 1024 1025}
{182 1024 1335}
{182 1025 1343}
{182 1028 1360}
{182 1028 1361}
{182 1335 1343}
{182 1335 1390}
{182 1355 1360}
{182 1355 1401}
{183 204 208 225}
{183 204 991 992}
{183 225 992 1344}
{184 185 581}
{184 581 582 583}
{185 199 211}
{185 199 581}
{185 210 211}
{185 211 224}
{185 525 578}
{185 525 581}
{185 578 581}
{187 589 605}
{188 192 487}
{188 427 487}
{189 190 210 211}
{190 198 211 224}
{190 199 211}
{190 199 893}
{190 211 217 893}
{193 194 195}
{193 194 196}
{193 195 197}
{193 195 212}
{193 195 947}
{193 196 197}
{193 196 346}
{193 196 1451}
{193 197 212}
{193 197 248}
{193 197 848}
{193 197 849}
{193 197 947}
{193 197 948}
{193 197 955}
{193 197 956}
{193 212 248}
{193 263 346}
{193 263 939}
{193 848 849}
{193 848 940}
{193 848 948}
{193 939 940}
{193 939 946 947}
{193 940 948}
{193 940 1451}
{193 947 948}
{193 947 955}
{193 947 956}
{193 948 1451}
{194 195 196 197}
{195 197 209}
{195 197 212}
{195 197 258}
{195 197 315}
{195 197 947}
{195 209 947 959}
{195 212 236 258}
{195 258 947 968}
{195 315 947}
{196 197 948 1451}
{197 206 218}
{197 206 236}
{197 206 539}
{197 209 959}
{197 212 214}
{197 212 236}
{197 212 248}
{197 214 507}
{197 214 1013}
{197 218 316}
{197 218 411}
{197 218 1046}
{197 236 250}
{197 236 258}
{197 236 975}
{197 236 1193}
{197 250 258}
{197 258 968}
{197 314 315}
{197 314 316}
{197 315 654}
{197 315 947}
{197 315 951}
{197 315 955}
{197 315 961}
{197 315 969}
{197 411 506}
{197 411 929}
{197 506 507}
{197 506 781}
{197 506 834}
{197 506 848}
{197 506 923}
{197 507 539}
{197 507 543}
{197 507 544}
{197 507 654}
{197 539 695}
{197 539 696}
{197 539 834}
{197 539 975}
{197 543 544}
{197 543 546}
{197 543 654}
{197 543 943}
{197 543 947}
{197 543 959}
{197 543 961}
{197 543 964}
{197 543 1499}
{197 546 654 655}
{197 546 959 1418}
{197 654 695}
{197 654 923}
{197 654 947}
{197 695 696}
{197 695 968}
{197 781 923}
{197 803 826}
{197 803 929}
{197 803 945}
{197 803 1185}
{197 826 834}
{197 826 848}
{197 826 849}
{197 826 943}
{197 826 944}
{197 826 975}
{197 826 1185}
{197 826 1193}
{197 826 1302}
{197 826 1358}
{197 826 1499}
{197 834 1185}
{197 848 849}
{197 848 929}
{197 848 944}
{197 848 948}
{197 923 948}
{197 929 952}
{197 929 1013}
{197 929 1346}
{197 943 944}
{197 943 945}
{197 943 959}
{197 943 1499}
{197 944 975}
{197 945 960}
{197 945 1013}
{197 945 1322}
{197 947 948}
{197 947 950}
{197 947 951}
{197 947 955}
{197 947 956}
{197 947 959}
{197 947 961}
{197 947 964}
{197 947 965}
{197 947 968}
{197 947 969}
{197 947 970}
{197 948 950}
{197 948 952}
{197 950 956}
{197 950 959}
{197 950 964}
{197 950 968}
{197 950 970}
{197 950 1321}
{197 951 952}
{197 951 960}
{197 951 965}
{197 951 1013}
{197 951 1274 1315}
{197 952 1346}
{197 959 960}
{197 960 1322}
{197 965 968}
{197 965 969}
{197 965 970}
{197 965 975}
{197 965 1013}
{197 965 1274}
{197 965 1276}
{197 965 1302}
{197 968 975}
{197 968 1274 1363}
{197 975 1302}
{197 1013 1276}
{197 1046 1185}
{197 1185 1193}
{197 1185 1358}
{197 1321 1358}
{199 211 217}
{199 213 215}
{199 215 547}
{199 215 1012}
{199 217 893}
{199 222 231}
{199 231 264}
{199 231 376}
{199 269 273}
{199 269 1017}
{199 273 274}
{199 273 276}
{199 274 893}
{199 276 893}
{199 293 343}
{199 324 343}
{199 335 343}
{199 552 553}
{199 553 681}
{199 553 741}
{199 574 581}
{199 574 924}
{199 581 582}
{199 582 924}
{199 636 641}
{199 636 1024}
{199 640 641}
{199 640 924}
{199 641 643}
{199 643 924}
{199 1016 1017}
{199 1016 1027}
{199 1017 1028}
{199 1023 1024}
{199 1023 1027}
{199 1024 1025}
{199 1025 1027}
{199 1027 1028}
{201 207 431 432}
{201 207 433 434}
{201 207 838 843}
{201 207 839 844}
{201 432 434}
{201 432 435}
{201 434 435}
{201 842 843}
{201 842 844}
{201 843 844}
{201 843 1498}
{201 843 1547}
{206 218 235}
{206 218 354}
{206 218 516}
{206 235 237}
{206 235 278}
{206 349 351}
{206 349 354}
{206 515 516}
{206 516 676}
{207 241 431 446}
{207 241 433 447}
{207 241 925 926}
{207 241 1311 1419}
{207 431 433}
{207 431 451}
{207 431 453}
{207 433 451}
{207 451 452}
{207 451 453}
{207 838 839}
{207 871 1500}
{207 925 1419}
{210 211 216 217}
{211 217 223 224}
{212 213 214 215}
{214 215 507 547}
{214 215 1012 1013}
{218 235 280}
{218 235 316}
{218 235 411}
{218 316 354}
{218 316 516}
{218 354 361}
{218 354 411}
{218 411 516}
{218 516 672}
{219 222 230 231}
{219 226 235}
{219 226 237 244}
{219 226 487}
{219 226 1051 1053}
{219 230 235}
{219 235 237}
{219 235 487}
{219 235 498}
{219 235 1051}
{219 487 498}
{220 235 482}
{220 235 1044}
{220 320 322}
{220 1073 1080}
{220 1173 1196}
{220 1173 1434}
{226 227 233}
{226 227 235}
{226 227 244 245}
{226 227 487}
{226 227 1035 1053}
{226 233 235}
{226 235 244}
{226 235 487}
{226 235 491 492}
{226 235 1053}
{226 487 491}
{227 233 235}
{227 233 304}
{227 233 377}
{227 233 393}
{227 233 499}
{227 233 1041}
{227 235 245}
{227 235 297}
{227 235 304}
{227 235 377}
{227 235 380}
{227 235 387}
{227 235 393}
{227 235 485}
{227 235 486}
{227 235 487}
{227 235 499}
{227 235 1034}
{227 235 1035}
{227 235 1036}
{227 235 1041}
{227 245 297}
{227 245 303 304}
{227 245 380}
{227 297 387}
{227 297 485}
{227 297 486}
{227 297 1035}
{227 297 1036}
{227 304 485 614}
{227 304 1034}
{227 377 380}
{227 377 485 488}
{227 377 1035 1045}
{227 380 387}
{227 380 393}
{227 485 487}
{227 486 487}
{227 487 499}
{227 1034 1035}
{227 1034 1036}
{227 1034 1041}
{228 235 296}
{228 295 296}
{228 1057 1073}
{228 1173 1205}
{228 1173 1212}
{230 231 264 277}
{230 231 375 376}
{230 235 277}
{230 235 375}
{233 234 308 309}
{233 235 304}
{233 235 309}
{233 235 377}
{233 235 393}
{233 235 499}
{233 235 1041}
{235 237 238}
{235 237 239}
{235 237 244}
{235 238 244}
{235 239 245}
{235 239 278}
{235 239 288}
{235 239 380}
{235 239 383}
{235 244 245}
{235 245 297}
{235 245 303}
{235 245 379 391}
{235 245 380}
{235 277 278}
{235 277 304}
{235 277 607}
{235 277 1034}
{235 277 1040}
{235 278 303}
{235 278 305}
{235 288 481}
{235 288 1032}
{235 296 297}
{235 297 387}
{235 297 485}
{235 297 486}
{235 297 1035}
{235 297 1036}
{235 303 304}
{235 303 305}
{235 304 614}
{235 304 1034}
{235 304 1037 1039}
{235 316 482}
{235 316 607}
{235 375 377}
{235 375 380}
{235 375 394}
{235 375 482}
{235 375 1044}
{235 377 379 390}
{235 377 380}
{235 377 488}
{235 377 1045}
{235 379 380}
{235 380 383}
{235 380 387}
{235 380 393}
{235 380 394}
{235 411 1044}
{235 411 1051}
{235 481 482}
{235 481 485}
{235 481 487}
{235 481 504}
{235 481 607}
{235 482 488}
{235 482 489}
{235 485 487}
{235 485 488}
{235 485 490 492}
{235 485 614}
{235 486 487}
{235 487 492}
{235 487 498}
{235 487 499}
{235 487 504}
{235 488 489}
{235 607 614}
{235 607 615}
{235 614 615}
{235 1031 1032}
{235 1031 1034}
{235 1032 1034}
{235 1032 1035}
{235 1032 1044}
{235 1032 1051}
{235 1034 1035}
{235 1034 1036}
{235 1034 1037}
{235 1034 1040}
{235 1034 1041}
{235 1035 1037 1038}
{235 1035 1045}
{235 1035 1053}
{235 1043 1044}
{235 1043 1045}
{235 1044 1045}
{235 1051 1052}
{235 1051 1053}
{235 1052 1053}
{236 250 258}
{236 258 968 975}
{236 826 975 1193}
{237 238 244}
{237 239 244 245}
{239 240 245}
{239 240 380}
{239 245 278 303}
{239 245 380}
{239 287 288 289}
{239 380 383}
{240 245 252 297}
{240 245 380}
{240 245 391}
{240 380 391}
{240 380 403}
{240 403 884}
{240 927 1529}
{240 936 1099}
{241 242 1311}
{241 446 447}
{241 446 448}
{241 447 448}
{241 926 1293}
{241 926 1311}
{241 1293 1311}
{241 1311 1325}
{245 380 391}
{252 295 296 297}
{252 297 852 1035}
{253 254 255}
{253 254 257}
{253 255 256}
{253 256 301}
{253 256 354}
{253 256 367}
{253 298 300}
{253 298 354}
{253 300 354}
{253 300 366}
{253 301 366}
{253 353 354}
{253 353 356}
{253 353 366}
{253 353 368}
{253 353 370}
{253 354 356}
{253 354 357}
{253 354 366}
{253 354 368}
{253 354 369}
{253 354 370}
{253 356 357}
{253 356 367}
{253 357 369}
{254 255 1219}
{254 257 872 928}
{254 928 1219}
{255 1219 1247}
{256 301 354 366}
{256 354 356 367}
{259 260 267 270}
{259 262 267}
{259 262 345}
{259 265 266 267}
{260 270 339}
{262 263 294}
{262 263 346}
{262 267 338}
{262 326 327}
{262 327 338}
{262 327 346}
{263 294 939 980}
{265 266 342}
{269 271 273}
{269 273 281}
{269 467 1017}
{269 869 1017}
{269 869 1355}
{269 1017 1355}
{271 272 273 274}
{271 273 275 276}
{273 274 276 893}
{273 274 281 286}
{273 276 281 291}
{277 278 303 304}
{277 304 607 614}
{277 304 1034}
{277 1034 1040}
{278 303 305}
{288 289 481 483}
{288 289 1032 1033}
{293 300 343 347}
{298 300 354}
{300 347 354}
{300 354 366}
{300 354 409}
{300 354 436}
{300 366 407 409}
{300 366 436 559}
{304 1034 1039}
{310 311 354}
{310 311 371 372}
{310 324 343 347}
{310 347 354}
{310 354 372}
{310 354 417}
{310 354 425}
{310 354 538}
{310 372 416 417}
{310 372 425}
{310 425 538}
{311 313 354}
{311 313 371}
{311 354 357}
{311 354 371}
{311 356 357 371}
{312 359 360 365}
{312 359 421 557}
{313 354 371}
{314 315 317 318}
{314 316 317}
{315 318 480 654}
{315 318 946 947}
{315 318 951 953}
{315 654 947}
{315 947 951}
{315 947 955}
{315 947 961}
{315 947 969}
{316 354 409}
{316 354 417}
{316 516 726}
{316 516 875}
{318 480 946}
{318 946 953}
{332 333 352}
{332 333 398}
{332 333 412 418}
{332 335 343 347}
{332 336 352 355}
{332 336 354}
{332 347 354}
{332 352 354}
{332 352 398}
{332 352 412 558}
{332 354 398}
{332 354 412}
{332 354 424}
{332 398 424}
{333 348 350 352}
{333 352 398}
{333 352 415}
{333 352 418 558}
{333 398 401}
{333 398 415}
{333 418 439 860}
{333 418 463 1136}
{333 439 463}
{333 474 708}
{333 782 783}
{334 354 361}
{334 589 716}
{334 1515 1517}
{336 337 354}
{336 337 355}
{336 354 355}
{336 354 357}
{336 355 356 357}
{337 354 355}
{348 349 350 351}
{348 349 354}
{348 352 353}
{348 352 354}
{348 353 354}
{348 353 366}
{348 353 368}
{348 353 372}
{348 353 422}
{348 353 564}
{348 354 366}
{348 354 368}
{348 354 372}
{348 354 422}
{348 354 564}
{352 353 354}
{352 353 355 356}
{352 353 398}
{352 353 557 558}
{352 354 355}
{352 354 398}
{352 354 404 415}
{352 354 558}
{352 398 415}
{353 354 356}
{353 354 359}
{353 354 366}
{353 354 368}
{353 354 370}
{353 354 372}
{353 354 398}
{353 354 406}
{353 354 422}
{353 354 425}
{353 354 444}
{353 354 557}
{353 354 560}
{353 354 564}
{353 356 359}
{353 356 371 372}
{353 359 370}
{353 359 406}
{353 359 444}
{353 359 557}
{353 359 560}
{353 366 406 407}
{353 366 557 559}
{353 372 406 416}
{353 372 425}
{353 398 406}
{353 398 422}
{353 398 444}
{353 425 557}
{353 425 560}
{353 425 564}
{354 355 356}
{354 356 357}
{354 356 359}
{354 356 371}
{354 357 358}
{354 357 369}
{354 358 408}
{354 358 419}
{354 359 360}
{354 359 370}
{354 359 406}
{354 359 444}
{354 359 557}
{354 359 560}
{354 366 407}
{354 366 559}
{354 371 372}
{354 372 416}
{354 372 425}
{354 372 430 537}
{354 398 404}
{354 398 406}
{354 398 408}
{354 398 422}
{354 398 424}
{354 398 443}
{354 398 444}
{354 404 406 414}
{354 406 407}
{354 406 408}
{354 406 416}
{354 407 409}
{354 407 410}
{354 408 409}
{354 408 417}
{354 408 443}
{354 409 410}
{354 411 412}
{354 411 436}
{354 412 413}
{354 412 419}
{354 412 558}
{354 413 558}
{354 416 417}
{354 416 420}
{354 417 420}
{354 419 425}
{354 419 429}
{354 419 436}
{354 419 557}
{354 425 429}
{354 425 430}
{354 425 538}
{354 425 557}
{354 425 560}
{354 425 564}
{354 426 430 557}
{354 436 438}
{354 436 559}
{354 438 559}
{354 557 558}
{354 557 559}
{357 358 363 364}
{358 364 408 440}
{358 364 419 423}
{372 425 537}
{375 377 380}
{375 377 482 488}
{375 377 1044 1045}
{375 380 394}
{377 380 390}
{378 379 380}
{378 380 381}
{378 381 1243}
{378 1241 1243}
{379 380 390}
{379 380 391}
{380 381 403}
{381 403 884 889}
{381 889 1243}
{398 399 400}
{398 399 404}
{398 400 401}
{398 404 414}
{398 404 415}
{398 406 408}
{398 406 414}
{398 408 443}
{406 407 408 409}
{406 408 416 417}
{407 409 410}
{411 516 670}
{411 653 670}
{412 413 418}
{412 413 558}
{412 418 419 421}
{412 418 558}
{412 419 557 558}
{413 418 558}
{416 417 420}
{418 421 557 558}
{418 421 860 863}
{418 421 1136 1137}
{418 471 1136}
{418 859 860}
{418 859 1136}
{418 860 1136}
{418 1135 1136}
{419 421 425}
{419 421 436 437}
{419 421 557}
{419 425 429}
{419 425 557}
{419 436 557 559}
{421 425 426}
{421 425 428}
{421 425 557}
{421 426 557}
{421 428 918}
{421 437 557 559}
{421 437 984 985}
{421 437 1383 1490}
{421 573 778}
{421 573 918}
{421 642 660}
{421 642 918}
{421 863 1137}
{421 984 1490}
{425 426 430}
{425 426 557}
{425 428 442}
{425 430 445}
{425 430 537}
{425 442 445}
{427 487 492}
{428 442 918 1000}
{431 432 433 434}
{431 433 446 447}
{431 433 451}
{431 451 453}
{432 434 435}
{433 451 462}
{436 437 438}
{436 437 559}
{436 438 559}
{437 438 559}
{437 827 985}
{437 827 1383}
{437 985 1383}
{437 1383 1455}
{437 1383 1467}
{439 454 860 1157}
{439 463 860 1136}
{442 445 1463}
{442 1000 1463}
{445 1463 1464}
{446 447 448}
{450 451 459}
{451 452 1323}
{451 453 459}
{451 459 1365}
{451 1323 1365}
{467 587 1016 1017}
{467 1017 1028 1361}
{473 474 475}
{473 474 493 494}
{473 475 494 496}
{474 475 493 496}
{474 475 1004 1009}
{474 484 1146}
{474 493 508 541}
{474 493 978 1004}
{474 493 1126 1146}
{474 512 520 541}
{474 512 754 824}
{474 512 989 1004}
{474 512 1024 1025}
{474 512 1119 1146}
{474 541 1146}
{474 824 1025}
{474 1004 1025 1027}
{474 1004 1134}
{474 1004 1146 1209}
{474 1133 1134 1146}
{475 476 480}
{475 476 496 501}
{475 480 496 502}
{475 480 946 1009}
{475 496 979 1009}
{476 480 501 502}
{477 478 479}
{477 478 519 527}
{477 478 528 529}
{477 478 657}
{477 478 658}
{477 478 763 876}
{477 478 914 974}
{477 478 1015 1021}
{477 479 528 532}
{477 479 611}
{477 479 652}
{477 526 527 528}
{477 527 608 652}
{477 527 666}
{477 527 746}
{477 527 830 1026}
{477 527 998}
{477 527 1021 1030}
{477 528 611 734}
{477 528 650 725}
{477 528 652 677}
{477 528 657 723}
{477 528 666 668}
{477 528 738 746}
{477 528 914 1055}
{477 528 934 1072}
{477 561 876 998}
{477 570 650 652}
{477 580 611 650}
{477 611 746}
{477 611 840 1026}
{477 611 866 914}
{477 611 998}
{477 611 1018 1021}
{477 648 652 876}
{477 650 657}
{477 650 658}
{477 650 666}
{477 650 814 876}
{477 650 1021 1318}
{477 652 832 1026}
{477 652 934}
{477 652 1022}
{477 657 658}
{477 666 914}
{477 746 998}
{477 839 914 1026}
{477 876 914 994}
{477 906 1021 1022}
{477 914 934}
{477 914 1022}
{477 934 1022}
{478 479 529 532}
{478 515 519 535}
{478 517 519 529}
{478 519 1015 1029}
{478 519 1067 1104}
{478 529 535}
{478 529 723}
{478 529 745}
{478 529 974 1056}
{478 535 723}
{478 535 974 1058}
{478 657 658}
{478 657 723}
{478 723 745}
{478 763 764}
{478 763 973 974}
{478 764 974 1485}
{478 1015 1067}
{479 532 611 734}
{479 532 652 677}
{479 532 653 670}
{480 502 506 507}
{480 502 654 923}
{480 502 940 946}
{480 507 539 550}
{480 507 543}
{480 507 654}
{480 533 534}
{480 534 990}
{480 543 654}
{480 543 655}
{480 543 962}
{480 549 550 633}
{480 550 577 634}
{480 550 654 695}
{480 550 946 967}
{480 586 715}
{480 586 990}
{480 633 634}
{480 634 946 1003}
{480 654 655}
{480 654 946 947}
{480 946 962}
{480 946 990}
{480 962 990}
{481 482 485 488}
{481 485 487}
{481 485 607 614}
{481 487 504}
{482 488 489}
{485 487 490}
{487 490 492}
{487 491 492}
{493 494 495}
{493 494 496}
{493 494 497}
{493 494 816}
{493 494 978 1479}
{493 496 816}
{493 496 978 979}
{493 508 509}
{493 508 978 1076}
{493 508 1126}
{493 509 1126}
{493 978 1125 1126}
{494 496 816}
{494 496 979 1479}
{496 501 502}
{496 501 816}
{496 501 979 1493}
{496 502 816}
{496 502 940 979}
{501 502 503}
{501 502 505}
{501 502 816}
{501 502 940 1493}
{502 506 781}
{502 506 848 940}
{502 506 923}
{502 781 923}
{502 923 940 948}
{506 507 654 923}
{506 781 923}
{506 826 834 848}
{506 848 923 948}
{507 539 654 695}
{507 543 544}
{507 543 654}
{508 509 1073}
{508 509 1126}
{508 523 541 545}
{508 541 1073}
{508 541 1126 1146}
{508 545 1073}
{508 1073 1076}
{508 1073 1126}
{508 1076 1125 1126}
{509 1073 1126}
{511 534 597 620}
{511 534 640 641}
{511 534 646 647}
{511 534 686 687}
{511 534 688 689}
{511 597 598 686}
{511 597 610 688}
{511 597 641 643}
{511 597 646 651}
{511 636 641}
{511 636 646}
{511 641 646}
{511 646 885}
{511 646 1289}
{511 686 688}
{511 686 711}
{511 688 711}
{512 520 521}
{512 520 989 1113}
{512 520 1119}
{512 521 1119}
{512 636 754}
{512 636 1024}
{512 753 754}
{512 754 882}
{512 754 989 1391}
{512 754 1024}
{512 989 1023 1024}
{512 989 1114 1119}
{513 534 566 620}
{513 534 687 690}
{513 534 689 691}
{513 534 983 988}
{513 534 1313 1505}
{513 566 609 691}
{513 566 616 690}
{513 566 927 988}
{513 566 1313 1314}
{513 690 691}
{513 690 707}
{513 691 707}
{513 987 988}
{513 987 1313}
{513 988 1313}
{513 1312 1313}
{513 1313 1341}
{515 516 517}
{515 516 518}
{515 516 522}
{515 516 535}
{515 517 518}
{515 517 519}
{515 517 522 526}
{515 517 529 535}
{515 518 519}
{515 519 522 527}
{516 517 518}
{516 517 526}
{516 517 529}
{516 522 523}
{516 522 526}
{516 522 664}
{516 522 676}
{516 522 738}
{516 522 749}
{516 523 536}
{516 523 545}
{516 523 548}
{516 523 555}
{516 523 664}
{516 523 718}
{516 523 722}
{516 523 749}
{516 523 1059}
{516 523 1087}
{516 526 528}
{516 526 668}
{516 526 675}
{516 526 738}
{516 526 739 748}
{516 528 529}
{516 528 532}
{516 528 668}
{516 528 677}
{516 528 723}
{516 528 725}
{516 528 734}
{516 528 736}
{516 528 737}
{516 528 738}
{516 528 743}
{516 528 747}
{516 528 1055}
{516 528 1072}
{516 528 1081}
{516 528 1090}
{516 529 532}
{516 529 535}
{516 529 723}
{516 529 731 745}
{516 529 1056}
{516 532 670}
{516 532 677}
{516 532 734}
{516 532 736}
{516 532 743}
{516 532 1090}
{516 535 554}
{516 535 723}
{516 535 728}
{516 535 1058}
{516 536 545}
{516 536 548}
{516 536 555}
{516 536 672}
{516 545 669}
{516 548 726}
{516 548 1102}
{516 554 678}
{516 554 735}
{516 555 676}
{516 555 875}
{516 664 718}
{516 664 1059}
{516 668 669}
{516 668 725}
{516 668 737}
{516 668 747}
{516 668 1055}
{516 668 1081}
{516 675 676}
{516 675 677}
{516 675 679}
{516 676 678}
{516 676 679}
{516 677 678}
{516 677 878}
{516 677 1072}
{516 677 1075 1091}
{516 678 875}
{516 678 1072}
{516 678 1085}
{516 718 722}
{516 718 723}
{516 718 725}
{516 718 726}
{516 718 875}
{516 722 723}
{516 723 725}
{516 723 728}
{516 723 731}
{516 723 736}
{516 723 737}
{516 724 725}
{516 724 726}
{516 724 727}
{516 724 734}
{516 725 731 742}
{516 725 878}
{516 726 727}
{516 726 735}
{516 734 735}
{516 734 738}
{516 734 739 751}
{516 734 1103}
{516 735 738}
{516 735 740}
{516 735 1102}
{516 738 739}
{516 738 740}
{516 738 743}
{516 738 747}
{516 738 749}
{516 875 878}
{516 875 879}
{516 878 879}
{516 1055 1056}
{516 1055 1059}
{516 1055 1072}
{516 1055 1075 1084}
{516 1055 1103}
{516 1056 1058}
{516 1056 1063}
{516 1058 1059}
{516 1058 1063}
{516 1059 1072}
{516 1059 1087}
{516 1059 1102}
{516 1072 1075}
{516 1072 1081}
{516 1072 1085}
{516 1072 1087}
{516 1072 1090}
{516 1102 1103}
{516 1102 1108}
{516 1103 1108}
{517 518 519}
{517 519 526 527}
{517 526 528 529}
{519 527 1029 1030}
{519 527 1104 1105}
{519 694 1104}
{519 859 1029}
{519 859 1104}
{519 1029 1104}
{519 1104 1106}
{520 521 1073}
{520 521 1119}
{520 523 541 548}
{520 541 1073}
{520 541 1119 1146}
{520 548 1073}
{520 1073 1113}
{520 1073 1119}
{520 1113 1114 1119}
{521 1073 1119}
{522 523 555 676}
{522 523 663}
{522 523 664}
{522 523 749}
{522 526 527}
{522 526 675 676}
{522 526 738}
{522 527 608 676}
{522 527 738}
{522 663 664 665}
{522 738 749}
{523 536 545}
{523 536 548}
{523 536 555}
{523 536 589}
{523 536 1073}
{523 536 1142}
{523 540 541}
{523 540 542}
{523 540 1131}
{523 541 556}
{523 541 1073}
{523 541 1132}
{523 542 575}
{523 542 577}
{523 542 593}
{523 542 594}
{523 542 595}
{523 542 634}
{523 542 663}
{523 542 665}
{523 542 702}
{523 542 704}
{523 542 705}
{523 542 706}
{523 542 719}
{523 542 782}
{523 542 915}
{523 542 925}
{523 542 926}
{523 542 932}
{523 542 935}
{523 542 936}
{523 542 938}
{523 542 1002}
{523 542 1005}
{523 542 1006}
{523 542 1008}
{523 542 1060}
{523 542 1088}
{523 542 1130}
{523 542 1131}
{523 542 1229}
{523 542 1230}
{523 542 1233}
{523 542 1293}
{523 542 1298}
{523 542 1299}
{523 542 1347}
{523 545 589}
{523 545 590 766}
{523 545 610 761}
{523 545 631 659}
{523 545 757 767}
{523 545 1049 1050}
{523 545 1073}
{523 545 1080 1121}
{523 545 1140 1165}
{523 545 1142}
{523 545 1147 1160}
{523 545 1194 1201}
{523 545 1311 1325}
{523 545 1393 1394}
{523 548 549 673}
{523 548 589}
{523 548 718 726}
{523 548 757 759}
{523 548 1057 1061}
{523 548 1059 1102}
{523 548 1073}
{523 548 1096 1101}
{523 548 1142}
{523 548 1160 1250}
{523 548 1194 1203}
{523 548 1310 1329}
{523 548 1373 1387}
{523 548 1398 1405}
{523 549 551 555}
{523 549 575}
{523 549 577}
{523 549 633}
{523 549 1380}
{523 555 589}
{523 555 609 691}
{523 555 610 688}
{523 555 718 875}
{523 555 752 874}
{523 555 1050 1068}
{523 555 1073}
{523 555 1138 1181}
{523 555 1142}
{523 555 1165 1221}
{523 555 1310 1491}
{523 555 1373 1374}
{523 555 1394 1484}
{523 556 1073}
{523 575 577}
{523 575 594}
{523 575 631}
{523 575 752}
{523 575 757}
{523 577 631}
{523 577 634}
{523 577 1008}
{523 589 590}
{523 589 609}
{523 589 610}
{523 589 632}
{523 589 703}
{523 589 717}
{523 589 786}
{523 590 703}
{523 590 704}
{523 590 717}
{523 593 594}
{523 593 755}
{523 593 756}
{523 594 595}
{523 594 752}
{523 594 757}
{523 595 674}
{523 595 758}
{523 609 703}
{523 609 705}
{523 609 786}
{523 610 632}
{523 610 703}
{523 610 706}
{523 631 638}
{523 631 1378}
{523 633 634}
{523 634 638}
{523 663 665}
{523 664 665}
{523 664 718}
{523 664 1059}
{523 665 719}
{523 665 1088}
{523 674 752}
{523 702 703}
{523 702 704}
{523 702 705}
{523 702 706}
{523 718 719}
{523 718 722}
{523 752 755}
{523 756 757}
{523 757 758}
{523 782 783}
{523 782 784}
{523 782 1005}
{523 783 1138}
{523 784 1194}
{523 915 932}
{523 915 1005}
{523 915 1050}
{523 915 1096}
{523 915 1138}
{523 915 1194}
{523 925 926}
{523 925 1419}
{523 925 1432}
{523 926 1002}
{523 926 1293}
{523 926 1310}
{523 926 1311}
{523 932 935}
{523 932 936}
{523 932 1050}
{523 932 1096}
{523 935 1069}
{523 935 1097}
{523 936 1098}
{523 936 1099}
{523 938 1066}
{523 938 1100}
{523 938 1298}
{523 1002 1308}
{523 1002 1309}
{523 1005 1006}
{523 1005 1138}
{523 1005 1194}
{523 1006 1182}
{523 1006 1195}
{523 1008 1378}
{523 1008 1380}
{523 1050 1069}
{523 1050 1098}
{523 1059 1087}
{523 1059 1088}
{523 1060 1061}
{523 1060 1131}
{523 1061 1073}
{523 1061 1129}
{523 1061 1132}
{523 1066 1394}
{523 1073 1121}
{523 1073 1129}
{523 1073 1132}
{523 1073 1273}
{523 1096 1097}
{523 1096 1099}
{523 1100 1398}
{523 1121 1130}
{523 1121 1132}
{523 1121 1273}
{523 1130 1131}
{523 1131 1132}
{523 1138 1182}
{523 1142 1160}
{523 1142 1165}
{523 1142 1228}
{523 1142 1242}
{523 1142 1260}
{523 1142 1373}
{523 1142 1392}
{523 1160 1228}
{523 1160 1233}
{523 1160 1242}
{523 1165 1228}
{523 1165 1229}
{523 1165 1260}
{523 1194 1195}
{523 1228 1230}
{523 1228 1373}
{523 1229 1230}
{523 1230 1233}
{523 1230 1347}
{523 1293 1298}
{523 1293 1310}
{523 1293 1311}
{523 1293 1394}
{523 1293 1398}
{523 1298 1299}
{523 1298 1394}
{523 1298 1398}
{523 1299 1397}
{523 1299 1399}
{523 1308 1311}
{523 1309 1310}
{523 1310 1432}
{523 1311 1419}
{523 1347 1373}
{523 1373 1392}
{523 1394 1397}
{523 1398 1399}
{525 561 573 585}
{525 565 578}
{525 572 573 578}
{525 573 574 581}
{525 573 1175 1197}
{525 573 1176 1196}
{525 578 581}
{525 578 584 585}
{525 578 588}
{525 581 582 585}
{525 585 1196 1198}
{525 585 1197 1199}
{525 1196 1197}
{525 1196 1200}
{525 1197 1200}
{526 527 608 675}
{526 527 666 668}
{526 527 738}
{526 527 748}
{526 528 668}
{526 528 675 677}
{526 528 738}
{526 738 748}
{527 585 613}
{527 585 998}
{527 608 825 830}
{527 608 828 829}
{527 624 627}
{527 624 998}
{527 738 746}
{527 738 748}
{527 746 998}
{527 829 830}
{527 1030 1105}
{528 529 532}
{528 529 723}
{528 529 1055 1056}
{528 532 677}
{528 532 734}
{528 532 736}
{528 532 743}
{528 532 1090}
{528 668 725}
{528 668 737}
{528 668 747}
{528 668 1055}
{528 668 1081}
{528 677 725 878}
{528 677 1072}
{528 723 725}
{528 723 736}
{528 723 737}
{528 724 725 734}
{528 734 738}
{528 734 1055 1103}
{528 738 743}
{528 738 747}
{528 1055 1072}
{528 1072 1081}
{528 1072 1090}
{529 535 723}
{529 535 1056 1058}
{529 723 745}
{531 561 563 585}
{531 563 593 594}
{531 563 756 757}
{531 563 1428 1437}
{531 563 1429 1434}
{531 575 594}
{531 575 757}
{531 585 594 595}
{531 585 757 758}
{531 585 1198 1434}
{531 585 1199 1437}
{531 594 757}
{531 757 759}
{531 757 767}
{531 1434 1436}
{531 1434 1437}
{531 1436 1437}
{534 601 604 687}
{534 604 620}
{534 618 620 687}
{534 620 640 924}
{534 620 698}
{534 620 896 983}
{534 620 990}
{534 640 647}
{534 685 687}
{534 685 689}
{534 685 698}
{534 685 733}
{534 687 689}
{534 687 733}
{534 698 990}
{534 898 990}
{534 898 1415}
{534 983 1505}
{535 552 553 554}
{535 723 728}
{536 545 589}
{536 545 1073}
{536 545 1142}
{536 548 589}
{536 548 1073}
{536 548 1142}
{536 555 589}
{536 555 1073}
{536 555 1142}
{536 589 716}
{536 1073 1095}
{536 1142 1238}
{539 550 695}
{539 550 696}
{539 550 967 975}
{539 695 696}
{539 695 968 975}
{539 826 834 975}
{540 541 1131 1132}
{540 542 1131}
{541 556 1073}
{541 1073 1132}
{541 1073 1146}
{542 575 577}
{542 575 594}
{542 577 634}
{542 577 1008}
{542 592 593}
{542 592 595}
{542 592 782}
{542 592 1006}
{542 593 594}
{542 594 595}
{542 634 1003}
{542 663 665}
{542 665 719}
{542 665 1088}
{542 702 704}
{542 702 705}
{542 702 706}
{542 782 1005}
{542 915 932}
{542 915 1005}
{542 925 926}
{542 925 1003}
{542 926 1002}
{542 926 1293}
{542 932 935}
{542 932 936}
{542 935 937}
{542 936 937}
{542 937 938}
{542 937 1299}
{542 938 1298}
{542 1002 1003}
{542 1003 1008}
{542 1005 1006}
{542 1060 1131}
{542 1130 1131}
{542 1229 1230}
{542 1230 1233}
{542 1230 1347}
{542 1293 1298}
{542 1298 1299}
{543 546 655}
{543 546 682}
{543 546 1418}
{543 654 655}
{543 654 947}
{543 682 683}
{543 683 962}
{543 898 943}
{543 898 959}
{543 898 962}
{543 898 1418}
{543 943 959}
{543 943 1499}
{543 946 947 962}
{543 947 959}
{543 947 961}
{543 947 964}
{543 959 1418}
{545 589 761}
{545 589 766}
{545 667 669}
{545 1073 1080}
{545 1140 1142}
{545 1142 1147}
{548 589 713}
{548 712 713}
{548 1057 1073}
{548 1142 1250}
{548 1142 1387}
{549 550 551}
{549 550 575}
{549 550 577}
{549 550 673}
{549 550 967 1380}
{549 575 577}
{549 577 633 634}
{549 577 1008 1380}
{550 575 577}
{550 577 967 1008}
{550 695 696}
{550 695 967 968}
{553 554 678 681}
{553 554 735 741}
{555 589 688}
{555 589 691}
{555 1073 1342}
{555 1142 1221}
{555 1142 1374}
{555 1340 1342}
{561 562 563}
{561 562 620 924}
{561 562 986}
{561 562 1400}
{561 563 592 593}
{561 563 642 793}
{561 563 684}
{561 563 814 876}
{561 563 1172 1428}
{561 563 1400}
{561 573 574 924}
{561 573 684}
{561 573 763 876}
{561 573 918}
{561 573 972 986}
{561 573 1000}
{561 573 1172 1175}
{561 582 585 924}
{561 585 592 595}
{561 585 998}
{561 585 999}
{561 585 1168}
{561 585 1172 1199}
{561 592 624 782}
{561 592 986 1006}
{561 624 629 642}
{561 624 643 924}
{561 624 684}
{561 624 797 986}
{561 624 998}
{561 624 999}
{561 624 1172 1216}
{561 640 642 924}
{561 642 648 876}
{561 642 918}
{561 642 1000}
{561 642 1168}
{561 642 1172 1237}
{561 684 1172 1174}
{561 876 986 994}
{561 918 1000}
{561 986 1168}
{561 986 1172 1206}
{561 986 1400}
{561 998 999}
{561 999 1172 1254}
{561 1000 1172 1463}
{561 1168 1172 1189}
{561 1172 1400 1443}
{562 563 566}
{562 563 662}
{562 563 1400}
{562 566 620}
{562 566 779}
{562 566 986}
{562 620 662}
{562 620 779}
{562 662 779}
{562 662 986}
{562 779 1400 1403}
{562 986 1400}
{563 566 744}
{563 593 756}
{563 662 957}
{563 684 1174 1428}
{563 793 813 815}
{563 793 814 818}
{563 793 1428 1440}
{563 793 1429 1430}
{563 813 814}
{563 1400 1443}
{563 1428 1429}
{563 1428 1443}
{563 1428 1447}
{563 1429 1443}
{563 1443 1447}
{566 609 616}
{566 609 774}
{566 616 618 620}
{566 616 622 699}
{566 616 774}
{566 616 787}
{566 620 699}
{566 620 779}
{566 620 896 927}
{566 620 991 992}
{566 774 779}
{566 774 787}
{566 927 1314}
{566 986 1333}
{566 992 1344}
{568 586 590 766}
{568 586 619 769}
{568 586 620 662}
{568 586 891 894}
{568 586 1502 1503}
{568 662 766 771}
{568 662 769 770}
{568 662 891 892}
{568 662 1503 1504}
{568 766 769}
{568 766 799}
{568 769 799}
{568 842 891}
{568 842 1503}
{568 891 1503}
{568 1503 1508}
{568 1503 1582}
{569 570 820}
{570 648 652 818}
{570 649 652 820}
{570 650 718 875}
{570 650 725 878}
{570 650 814 818}
{570 650 819 820}
{570 652 677 878}
{570 652 678 875}
{570 808 820}
{570 816 818}
{570 816 820}
{570 818 820}
{570 875 878}
{570 875 879}
{570 878 879}
{572 573 574}
{572 574 578 581}
{573 684 1174 1175}
{573 760 763}
{573 760 972 1481}
{573 763 972 973}
{573 918 1000}
{573 972 1175 1204}
{573 972 1176 1205}
{573 1000 1463}
{573 1175 1176}
{573 1175 1463}
{573 1175 1476}
{573 1176 1463}
{573 1463 1476}
{574 581 582 924}
{575 577 631}
{575 594 752}
{575 594 757}
{577 631 634 638}
{577 631 1008 1378}
{577 634 1003 1008}
{578 581 582 584}
{579 580 1408}
{580 611 724 734}
{580 611 726 735}
{580 611 1018 1316}
{580 611 1065 1408}
{580 650 718 726}
{580 650 724 725}
{580 650 1316 1318}
{580 650 1408 1411}
{580 724 726}
{580 724 727}
{580 726 727}
{580 1316 1317}
{580 1316 1408}
{580 1317 1408}
{580 1408 1410}
{582 583 586}
{582 584 585}
{582 586 620 924}
{585 595 758}
{585 611 612}
{585 611 998}
{585 998 999}
{585 999 1254}
{585 1168 1189 1199}
{585 1198 1199}
{585 1198 1254}
{585 1199 1254}
{585 1199 1266}
{585 1254 1266}
{586 590 619}
{586 590 685}
{586 618 619 620}
{586 619 622 699}
{586 619 685}
{586 619 720}
{586 620 698}
{586 620 699}
{586 620 894 896}
{586 620 990}
{586 685 698}
{586 685 720}
{586 698 990}
{586 894 1502}
{586 898 990}
{586 898 1416}
{589 590 619}
{589 590 685}
{589 590 703}
{589 590 717}
{589 590 766}
{589 591 599}
{589 591 619}
{589 598 610}
{589 598 618}
{589 598 622}
{589 598 686}
{589 598 772}
{589 599 601}
{589 599 605}
{589 599 618}
{589 600 601}
{589 600 618}
{589 601 618}
{589 601 687}
{589 601 692}
{589 601 732}
{589 601 770}
{589 601 776}
{589 602 689}
{589 602 771}
{589 605 616}
{589 609 616}
{589 609 691}
{589 609 703}
{589 609 774}
{589 609 786}
{589 610 632}
{589 610 688}
{589 610 703}
{589 610 761}
{589 616 618}
{589 616 622}
{589 616 690}
{589 616 774}
{589 616 787 788}
{589 618 619}
{589 618 621}
{589 618 622}
{589 618 685}
{589 618 687}
{589 618 692}
{589 618 697}
{589 618 770}
{589 618 774}
{589 618 776}
{589 618 780}
{589 619 622}
{589 619 685}
{589 619 720 721}
{589 619 769}
{589 621 622}
{589 622 697}
{589 622 713}
{589 622 780}
{589 685 687}
{589 685 689}
{589 685 692}
{589 685 697}
{589 685 717}
{589 685 721}
{589 685 729}
{589 686 687}
{589 686 688}
{589 686 711}
{589 687 689}
{589 687 690}
{589 687 721 733}
{589 688 689}
{589 688 711}
{589 689 691}
{589 689 729}
{589 690 691}
{589 690 707}
{589 691 707}
{589 761 771}
{589 761 772}
{589 761 800}
{589 766 769}
{589 766 771}
{589 766 799}
{589 769 770}
{589 769 799}
{589 770 771}
{589 770 772}
{589 770 774}
{589 770 788 798}
{589 771 774}
{589 771 796}
{589 772 800}
{589 774 776}
{589 774 780}
{589 774 786}
{589 774 788}
{589 774 796}
{590 619 685}
{590 619 766 769}
{590 685 717}
{590 702 703 704}
{591 599 618 619}
{592 593 594 595}
{592 782 1005 1006}
{593 594 752 755}
{593 594 756 757}
{594 595 674 752}
{594 595 757 758}
{596 597 598}
{597 598 610}
{597 598 618 620}
{597 598 622 699}
{597 598 701 772}
{597 610 701 761}
{597 620 643 924}
{597 620 662 701}
{597 620 699}
{597 620 991 993}
{597 643 651}
{597 701 993 996}
{597 701 1337 1338}
{597 993 1338}
{598 610 686 688}
{598 610 761 772}
{598 618 622}
{598 618 686 687}
{598 618 770 772}
{599 601 618}
{599 605 616 618}
{600 601 618}
{601 604 618 620}
{601 604 656 732}
{601 604 662 770}
{601 618 687}
{601 618 692}
{601 618 770}
{601 618 776}
{602 603 689 693}
{602 603 771 773}
{604 620 662}
{607 614 615}
{608 652 675 677}
{608 652 676 678}
{608 652 825 832}
{608 652 828 831}
{608 675 676}
{608 675 679}
{608 676 679}
{608 802 828}
{608 825 827}
{608 825 828}
{608 827 828}
{608 828 833}
{609 616 690 691}
{609 616 774}
{609 702 703 705}
{609 774 786}
{610 702 703 706}
{611 623 624}
{611 624 998}
{611 734 735}
{611 734 738}
{611 734 751}
{611 734 866 1103}
{611 735 738}
{611 735 866 1102}
{611 738 746}
{611 738 751}
{611 746 998}
{611 840 844 866}
{611 840 858}
{611 858 861 866}
{611 1018 1065}
{616 618 622}
{616 618 687 690}
{616 618 774}
{616 774 787}
{618 619 622}
{618 619 685}
{618 619 769 770}
{618 620 622 699}
{618 620 662 770}
{618 620 685 698}
{618 620 774 779}
{618 621 622}
{618 622 697}
{618 622 780}
{618 685 687}
{618 685 692}
{618 685 697}
{618 770 774}
{618 774 776}
{618 774 780}
{619 685 720}
{620 662 779}
{620 662 892 896}
{620 662 991 995}
{620 698 990}
{620 946 990 991}
{622 699 712 713}
{624 629 635 637}
{624 629 641 643}
{624 629 1211 1231}
{624 629 1216 1235}
{624 637 643}
{624 684 1174 1216}
{624 782 784}
{624 782 797 1005}
{624 784 797 1194}
{624 797 1211 1212}
{624 797 1215 1216}
{624 998 999}
{624 999 1254}
{624 1211 1216}
{624 1211 1254}
{624 1216 1254}
{624 1216 1265}
{624 1254 1265}
{625 626 738}
{625 626 1254}
{625 738 746}
{625 746 998 999}
{625 999 1254}
{626 738 739}
{626 1254 1256}
{629 630 635}
{629 635 636}
{629 635 639 642}
{629 635 641}
{629 635 645}
{629 636 641}
{629 640 641 642}
{629 642 1231 1232}
{629 642 1235 1237}
{629 1231 1235}
{629 1231 1236}
{629 1235 1236}
{635 636 641}
{635 637 641 643}
{635 639 640 641}
{636 641 646}
{636 754 1024}
{636 857 1024}
{636 857 1335}
{636 1024 1335}
{639 640 642}
{640 641 643 924}
{640 641 646 647}
{641 643 646 651}
{642 648 661}
{642 648 793 818}
{642 661 793 815}
{642 793 1232 1430}
{642 793 1237 1440}
{642 918 1000}
{642 1000 1463}
{642 1168 1189 1237}
{642 1232 1237}
{642 1232 1463}
{642 1237 1463}
{642 1237 1474}
{642 1463 1474}
{644 657 723}
{644 723 730}
{648 649 652}
{648 649 818 820}
{648 661 815 818}
{648 814 818 876}
{650 657 658}
{650 657 723}
{650 666 668 725}
{650 718 723}
{650 718 725}
{650 723 725}
{650 723 742}
{650 725 742}
{650 814 819}
{650 1318 1411}
{652 677 678}
{652 677 1072}
{652 677 1091}
{652 678 1072}
{652 831 832}
{652 919 1022}
{652 919 1332}
{652 920 1022}
{652 920 1423}
{652 934 1022}
{652 934 1072}
{652 1072 1091}
{654 695 947 968}
{654 923 947 948}
{662 701 761 771}
{662 701 770 772}
{662 701 995 996}
{662 701 1337 1461}
{662 770 771}
{662 770 774}
{662 770 798}
{662 771 774}
{662 774 779}
{662 774 798}
{662 892 1504}
{662 986 1494}
{662 995 1461}
{664 665 718 719}
{664 665 1059 1088}
{666 667 668 669}
{666 668 914 1055}
{675 676 677 678}
{675 676 679}
{677 678 875 878}
{677 678 1072}
{677 1072 1091}
{678 1072 1085}
{682 683 685}
{682 685 721}
{683 685 698}
{683 698 962 990}
{684 785 1174 1177}
{685 687 689}
{685 687 733}
{685 689 729}
{685 720 721}
{685 721 733}
{686 687 688 689}
{686 688 711}
{687 689 690 691}
{690 691 707}
{700 701 1337}
{701 761 772}
{701 761 800}
{701 772 800}
{701 996 1317}
{701 996 1337}
{701 1317 1337}
{701 1337 1339}
{718 722 723}
{718 723 725}
{718 724 725 726}
{718 725 875 878}
{723 725 742}
{723 730 731}
{723 731 742}
{723 731 745}
{724 726 727}
{724 726 734 735}
{734 735 738}
{734 735 1102 1103}
{734 738 751}
{735 738 740}
{738 739 748}
{738 739 751}
{754 824 1024 1025}
{754 1023 1024 1391}
{760 763 973 1481}
{761 770 771 772}
{761 772 800}
{763 764 973 1485}
{763 876 973 994}
{766 769 770 771}
{766 769 799}
{770 771 774}
{770 774 798}
{771 774 796}
{774 779 1403}
{774 787 788}
{774 788 798}
{774 788 1442}
{774 1403 1442}
{782 783 1005 1138}
{782 784 1005 1194}
{790 906 907 919}
{790 907 932 936}
{790 907 1050 1098}
{790 907 1516 1589}
{790 907 1538 1590}
{790 915 932}
{790 915 1050}
{790 919 932 935}
{790 919 1050 1069}
{790 919 1549 1589}
{790 919 1552 1590}
{790 932 1050}
{790 1049 1050}
{790 1050 1068}
{790 1589 1590}
{790 1589 1591}
{790 1590 1591}
{792 793 815}
{793 815 816}
{793 815 817}
{793 815 818}
{793 816 818}
{793 1430 1439}
{793 1430 1440}
{793 1439 1440}
{797 915 1005}
{797 915 1194}
{797 986 1005 1006}
{797 986 1194 1195}
{797 986 1206 1215}
{797 986 1207 1212}
{797 1005 1194}
{797 1194 1201}
{797 1194 1203}
{797 1212 1215}
{797 1212 1217}
{797 1215 1217}
{802 803 826 828}
{803 826 848 929}
{803 826 861 877}
{803 826 943 945}
{803 826 1140 1141}
{803 826 1142}
{803 826 1173}
{803 826 1185}
{803 826 1207 1212}
{803 826 1221 1222}
{803 826 1231 1232}
{803 826 1248 1261}
{803 826 1283 1284}
{803 826 1515}
{803 826 1532 1548}
{803 826 1535 1544}
{803 1140 1142}
{803 1142 1185}
{803 1142 1221}
{803 1173 1185}
{803 1173 1212}
{803 1173 1231}
{803 1185 1515}
{803 1515 1551}
{803 1551 1557}
{807 811 906 907}
{807 811 1015 1029}
{807 811 1070 1092}
{807 811 1509 1514}
{807 811 1512 1561}
{807 859 1029}
{807 859 1092}
{807 907 1029 1030}
{807 907 1092 1107}
{807 907 1512 1538}
{807 907 1514 1516}
{807 1029 1092}
{807 1092 1093}
{807 1092 1094}
{807 1512 1513}
{807 1512 1514}
{807 1513 1514}
{811 812 852}
{811 812 880}
{811 812 906}
{811 852 1047}
{811 869 906 920}
{811 869 1016 1017}
{811 869 1355 1401}
{811 869 1509 1511}
{811 869 1561 1599}
{811 880 906}
{811 880 1593}
{811 906 1015 1021}
{811 906 1016 1027}
{811 906 1300}
{811 906 1553 1561}
{811 1015 1070}
{811 1016 1401}
{811 1300 1556 1561}
{811 1509 1561}
{811 1509 1593}
{811 1561 1593}
{811 1561 1596}
{811 1593 1596}
{812 852 890}
{812 852 930}
{812 880 890}
{812 880 906}
{812 880 930 931}
{812 890 906}
{813 814 815 818}
{814 818 819 820}
{815 816 818}
{816 818 820}
{825 826 827}
{825 826 828}
{825 826 830}
{825 826 832}
{825 826 835}
{825 826 887}
{825 827 828}
{825 827 835}
{825 827 887}
{825 828 829 830}
{825 828 831 832}
{825 830 832 1026}
{825 830 835 837}
{825 830 887}
{825 832 835 836}
{825 832 887}
{826 827 828}
{826 827 835}
{826 827 887}
{826 827 985}
{826 827 1284}
{826 827 1383}
{826 828 829}
{826 828 831}
{826 828 833 834}
{826 829 830}
{826 830 837}
{826 830 887}
{826 831 832}
{826 832 836}
{826 832 887}
{826 834 861 862}
{826 834 1141 1147}
{826 834 1142}
{826 834 1173}
{826 834 1185}
{826 834 1250 1269}
{826 834 1296 1417}
{826 834 1312 1313}
{826 834 1383 1467}
{826 834 1503 1582}
{826 834 1515}
{826 834 1516 1589}
{826 834 1537 1566}
{826 835 836}
{826 835 837}
{826 835 1193 1359}
{826 835 1358 1386}
{826 838 839}
{826 838 843}
{826 839 844}
{826 839 887}
{826 839 912}
{826 840 841}
{826 840 844}
{826 840 858}
{826 840 887}
{826 841 843}
{826 842 843}
{826 842 844}
{826 842 861}
{826 842 887}
{826 842 891}
{826 842 1503}
{826 842 1532}
{826 843 844}
{826 843 1193 1498}
{826 843 1358 1547}
{826 844 861}
{826 844 887}
{826 848 849}
{826 848 944}
{826 848 982}
{826 858 861}
{826 861 912}
{826 887 891}
{826 887 892}
{826 887 894}
{826 887 927}
{826 887 941}
{826 887 942}
{826 887 976}
{826 887 982}
{826 887 983}
{826 887 984}
{826 887 985}
{826 887 987}
{826 887 988}
{826 887 997}
{826 887 1001}
{826 887 1014}
{826 887 1020}
{826 887 1143}
{826 887 1144}
{826 887 1183}
{826 887 1202}
{826 887 1210}
{826 887 1225}
{826 887 1270}
{826 887 1460}
{826 887 1520}
{826 887 1522}
{826 887 1578}
{826 887 1586}
{826 891 892}
{826 891 894}
{826 891 1503}
{826 891 1532}
{826 892 1504}
{826 892 1588}
{826 894 1502}
{826 894 1533}
{826 927 988}
{826 927 1314}
{826 927 1529}
{826 941 942}
{826 941 944}
{826 941 976}
{826 941 982}
{826 942 943}
{826 943 944}
{826 943 1499}
{826 944 975}
{826 975 976}
{826 975 1302}
{826 983 988}
{826 983 1505}
{826 983 1573}
{826 984 985}
{826 984 1490}
{826 984 1492}
{826 985 1020}
{826 985 1284}
{826 985 1383}
{826 987 988}
{826 987 1001}
{826 987 1248}
{826 987 1296}
{826 987 1313}
{826 987 1535}
{826 988 1313}
{826 988 1535}
{826 997 1001}
{826 997 1424}
{826 997 1425}
{826 1001 1014}
{826 1001 1248}
{826 1001 1296}
{826 1014 1245}
{826 1014 1292}
{826 1020 1384}
{826 1020 1385}
{826 1141 1142}
{826 1141 1144}
{826 1141 1145}
{826 1141 1379}
{826 1142 1145}
{826 1142 1185}
{826 1142 1193}
{826 1142 1222}
{826 1142 1249}
{826 1142 1269}
{826 1142 1277}
{826 1142 1358}
{826 1142 1379}
{826 1143 1144}
{826 1143 1145}
{826 1143 1225}
{826 1143 1270}
{826 1145 1222}
{826 1145 1269}
{826 1173 1184}
{826 1173 1185}
{826 1173 1193}
{826 1173 1198}
{826 1173 1207}
{826 1173 1232}
{826 1173 1259}
{826 1173 1358}
{826 1173 1444}
{826 1173 1469}
{826 1183 1184}
{826 1183 1202}
{826 1183 1210}
{826 1183 1460}
{826 1184 1198}
{826 1184 1207}
{826 1184 1232}
{826 1185 1193}
{826 1185 1358}
{826 1185 1515}
{826 1193 1196 1198}
{826 1193 1205 1207}
{826 1193 1296 1404}
{826 1193 1383 1455}
{826 1193 1511 1524}
{826 1193 1514 1516}
{826 1193 1515}
{826 1193 1532 1534}
{826 1193 1535 1536}
{826 1198 1202}
{826 1198 1259}
{826 1198 1358 1434}
{826 1207 1210}
{826 1207 1444}
{826 1222 1225}
{826 1222 1249}
{826 1222 1358 1374}
{826 1232 1358 1430}
{826 1232 1460}
{826 1232 1469}
{826 1245 1248}
{826 1248 1348 1358}
{826 1248 1424}
{826 1269 1270}
{826 1269 1277}
{826 1269 1358 1387}
{826 1284 1358 1409}
{826 1284 1385}
{826 1284 1492}
{826 1292 1296}
{826 1296 1425}
{826 1313 1314}
{826 1313 1341 1358}
{826 1313 1505}
{826 1358 1503 1508}
{826 1358 1515}
{826 1358 1524 1545}
{826 1358 1537 1540}
{826 1383 1384}
{826 1383 1490}
{826 1502 1503}
{826 1503 1504}
{826 1515 1516}
{826 1515 1521}
{826 1515 1524}
{826 1515 1537}
{826 1515 1572}
{826 1515 1579}
{826 1515 1592}
{826 1516 1520}
{826 1516 1521}
{826 1516 1572}
{826 1520 1522}
{826 1521 1522}
{826 1521 1524}
{826 1521 1537}
{826 1522 1578}
{826 1522 1586}
{826 1524 1579}
{826 1524 1586}
{826 1529 1535}
{826 1532 1533}
{826 1532 1588}
{826 1535 1573}
{826 1537 1578}
{826 1537 1592}
{827 887 985}
{827 977 985}
{827 977 1284}
{827 985 1284}
{827 985 1383}
{830 887 1026}
{832 887 1026}
{834 1142 1147}
{834 1142 1185}
{834 1142 1250}
{834 1169 1188}
{834 1173 1185}
{834 1173 1188}
{834 1185 1515}
{834 1515 1566}
{834 1515 1589}
{838 839 843 844}
{839 840 844 1026}
{839 844 861 912}
{839 844 866 914}
{839 844 887}
{839 887 1026}
{839 912 914}
{840 841 843 844}
{840 844 858 861}
{840 844 887}
{840 887 1026}
{842 843 844}
{842 844 861}
{842 844 866}
{842 844 887}
{842 856 891}
{842 856 1532}
{842 861 866}
{842 887 891}
{842 891 1503}
{842 891 1532}
{844 861 866}
{848 929 940 954}
{848 929 948 952}
{848 940 948}
{848 941 944 982}
{851 852 881 883}
{851 852 1032 1051}
{851 852 1035 1053}
{851 852 1496 1526}
{851 883 910}
{851 883 1526}
{851 910 1526}
{851 1051 1052}
{851 1051 1053}
{851 1052 1053}
{851 1291 1526}
{851 1525 1526}
{852 856 891 892}
{852 856 1032 1044}
{852 856 1035 1045}
{852 856 1532 1588}
{852 881 1496}
{852 890 1048}
{852 892 1588}
{852 930 1034}
{852 1032 1034}
{852 1032 1035}
{852 1034 1035}
{852 1034 1038}
{852 1035 1038}
{856 891 1532}
{856 1043 1044}
{856 1043 1045}
{856 1044 1045}
{856 1532 1534}
{856 1532 1548}
{857 890 906 919}
{857 890 1023 1024}
{857 890 1335 1390}
{857 890 1537 1566}
{857 890 1565 1567}
{857 919 1024 1025}
{857 919 1335 1343}
{857 919 1549 1566}
{857 919 1552 1565}
{857 1024 1335}
{857 1326 1335}
{857 1335 1336}
{857 1565 1566}
{857 1565 1568}
{857 1566 1568}
{859 860 865}
{859 860 1136}
{859 860 1157}
{859 865 1157}
{859 1029 1092}
{859 1029 1104}
{860 863 865 871}
{860 863 1136 1137}
{860 863 1157 1163}
{860 865 1157}
{861 862 866}
{861 866 877}
{861 866 912 914}
{863 871 1163}
{865 871 1140 1141}
{865 871 1148 1150}
{865 871 1157 1163}
{865 1140 1150}
{865 1140 1152}
{865 1150 1152}
{865 1157 1158}
{865 1157 1159}
{866 914 1055 1103}
{866 914 1059 1102}
{866 1102 1103}
{866 1102 1108}
{866 1103 1108}
{868 871 881 883}
{868 871 1141 1147}
{868 871 1148 1151}
{868 871 1497 1531}
{868 883 910}
{868 883 1531}
{868 910 1531}
{868 1147 1151}
{868 1147 1154}
{868 1151 1154}
{868 1305 1531}
{868 1530 1531}
{869 920 1017 1028}
{869 920 1355 1360}
{869 920 1511 1524}
{869 920 1542 1599}
{869 1017 1355}
{869 1355 1356}
{869 1355 1357}
{869 1511 1595}
{869 1511 1599}
{869 1595 1599}
{871 881 1497}
{871 1128 1148 1149}
{871 1141 1148}
{871 1141 1366}
{871 1148 1366}
{871 1148 1369}
{871 1324 1366}
{871 1366 1369}
{875 878 879}
{880 890 906}
{880 890 1593}
{880 906 1553 1593}
{880 931 1593}
{881 883 1496 1526}
{881 883 1497 1531}
{883 910 1526}
{883 910 1531}
{887 891 892}
{887 891 894}
{887 892 896}
{887 894 896}
{887 896 927}
{887 896 983}
{887 927 988}
{887 941 942}
{887 941 976}
{887 941 982}
{887 983 988}
{887 984 985}
{887 984 1019}
{887 985 1020}
{887 987 988}
{887 987 1001}
{887 997 1001}
{887 997 1019}
{887 1001 1014}
{887 1014 1019}
{887 1019 1020}
{887 1143 1144}
{887 1143 1225}
{887 1143 1270}
{887 1183 1202}
{887 1183 1210}
{887 1183 1460}
{887 1520 1522}
{887 1522 1578}
{887 1522 1586}
{890 906 1018 1021}
{890 906 1023 1027}
{890 906 1288 1290}
{890 906 1543}
{890 906 1553 1567}
{890 1018 1071}
{890 1018 1290 1316}
{890 1023 1390}
{890 1071 1290 1413}
{890 1290 1537 1540}
{890 1290 1567 1574}
{890 1537 1567}
{890 1537 1593}
{890 1539 1543 1567}
{890 1567 1593}
{890 1567 1598}
{890 1593 1598}
{891 892 894 896}
{891 892 1503 1504}
{891 892 1532 1588}
{891 894 1502 1503}
{891 894 1532 1533}
{896 927 983 988}
{898 903 946 1009}
{898 903 1457}
{898 905 925 926}
{898 905 943 945}
{898 905 946 953}
{898 905 959 960}
{898 905 1310 1432}
{898 925 946 1003}
{898 925 1432}
{898 943 959}
{898 946 947 959}
{898 946 949}
{898 946 962}
{898 946 990}
{898 949 950 959}
{898 959 1418}
{898 962 990}
{899 903 1004 1009}
{899 903 1412}
{899 907 908}
{899 907 1166}
{899 908 911}
{899 908 1004}
{899 908 1288}
{899 909 989 1004}
{899 909 1001 1014}
{899 909 1057 1061}
{899 909 1115 1213}
{899 909 1245 1248}
{899 911 1004}
{899 911 1054}
{899 1004 1014 1019}
{899 1004 1134}
{899 1004 1209 1213}
{899 1014 1245}
{899 1054 1061}
{899 1054 1171}
{899 1054 1213}
{899 1061 1213}
{899 1133 1134 1213}
{899 1171 1213}
{899 1288 1470}
{905 926 953 1002}
{905 926 1293}
{905 926 1310}
{905 945 953 1013}
{905 945 960}
{905 945 1322}
{905 951 953 960}
{905 953 1309 1310}
{905 960 1322}
{905 1293 1310}
{905 1310 1329}
{905 1310 1491}
{906 907 908}
{906 907 936 937}
{906 907 1021 1030}
{906 907 1538 1553}
{906 907 1543}
{906 907 1559}
{906 908 1004 1027}
{906 908 1288}
{906 908 1559}
{906 919 921}
{906 919 935 937}
{906 919 1022}
{906 919 1025 1027}
{906 919 1300}
{906 919 1552 1553}
{906 920 921}
{906 920 937 938}
{906 920 1022}
{906 920 1027 1028}
{906 920 1287 1288}
{906 920 1542 1553}
{906 920 1543}
{906 921 1022}
{906 921 1553 1575}
{906 937 1288 1299}
{906 1021 1288 1318}
{906 1288 1300}
{906 1288 1553 1562}
{906 1288 1559}
{906 1300 1553 1556}
{906 1539 1543 1553}
{906 1553 1558 1559}
{907 908 978}
{907 908 1559}
{907 936 1098}
{907 978 1164}
{907 1030 1107}
{907 1516 1538}
{907 1516 1558}
{907 1538 1539 1543}
{907 1538 1558}
{907 1538 1564}
{907 1558 1559}
{907 1558 1564}
{908 911 978}
{908 911 1004}
{908 911 1555 1559}
{908 978 1004}
{908 978 1288}
{908 1288 1559}
{909 987 1001}
{909 987 1248}
{909 989 997 1001}
{909 989 1057 1113}
{909 989 1114 1115}
{909 989 1248 1424}
{909 1001 1248}
{909 1057 1115}
{909 1057 1192}
{909 1115 1192}
{909 1248 1261}
{909 1248 1348}
{910 972 973}
{910 972 1481}
{910 973 974}
{910 973 1481}
{910 973 1485}
{910 974 1485}
{911 978 1004}
{911 978 1054}
{911 1004 1054 1209}
{911 1054 1555}
{914 919 1022}
{914 919 1089}
{914 920 1022}
{914 920 1086}
{914 934 1022}
{914 934 1072}
{914 973 974 994}
{914 974 1055 1056}
{914 974 1058 1059}
{914 974 1485 1486}
{914 994 1486}
{914 1055 1059}
{914 1055 1072}
{914 1055 1084}
{914 1059 1072}
{914 1072 1084}
{915 932 1050}
{915 932 1096}
{915 1005 1138}
{915 1005 1194}
{919 921 1022}
{919 921 1575}
{919 935 1069}
{919 1025 1343}
{919 1300 1552 1556}
{919 1549 1552}
{919 1549 1575}
{919 1552 1575}
{919 1552 1580}
{919 1575 1580}
{920 921 1022}
{920 921 1575}
{920 938 1066}
{920 938 1287 1298}
{920 1028 1360}
{920 1066 1287 1394}
{920 1287 1524 1545}
{920 1287 1542 1570}
{920 1524 1542}
{920 1524 1575}
{920 1539 1542 1543}
{920 1542 1575}
{920 1542 1581}
{920 1575 1581}
{921 933 934 1022}
{921 933 1575}
{925 926 1002 1003}
{925 926 1310 1432}
{925 926 1311 1419}
{926 1002 1308 1311}
{926 1002 1309 1310}
{926 1293 1310}
{926 1293 1311}
{927 988 1313 1314}
{927 988 1529 1535}
{929 951 952 1013}
{929 952 954}
{929 952 1346}
{929 953 954 1013}
{929 954 1346}
{930 931 1034}
{931 1034 1042}
{931 1042 1593}
{932 935 936 937}
{932 935 1050 1069}
{932 935 1096 1097}
{932 936 1050 1098}
{932 936 1096 1099}
{933 934 1072}
{933 1072 1074}
{933 1074 1575}
{937 938 1298 1299}
{938 1066 1298 1394}
{938 1100 1298 1398}
{939 940 946}
{939 940 980}
{939 946 980}
{940 946 947 948}
{940 946 949}
{940 946 953 954}
{940 946 979 1009}
{940 946 980}
{940 946 991 995}
{940 948 949 950}
{940 948 952 954}
{940 948 1451}
{940 954 995 996}
{940 954 1330 1462}
{940 979 1493}
{940 995 1462}
{941 942 943 944}
{941 944 975 976}
{943 945 959 960}
{945 951 960 1013}
{945 960 1322}
{946 947 949 950}
{946 947 951 953}
{946 947 965 966}
{946 947 967 968}
{946 949 967}
{946 953 966}
{946 953 991 993}
{946 953 1002 1003}
{946 953 1010}
{946 962 990}
{946 966 967}
{946 966 1010}
{946 967 991 992}
{946 967 1003 1008}
{946 967 1010}
{946 1004 1009 1010}
{947 948 950}
{947 948 951 952}
{947 950 956}
{947 950 959}
{947 950 964}
{947 950 968}
{947 950 970}
{947 951 959 960}
{947 951 965}
{947 965 968}
{947 965 969}
{947 965 970}
{949 950 967 968}
{949 950 1320 1321}
{951 952 953 954}
{951 953 965}
{951 953 1013}
{951 953 1315}
{951 965 1013}
{951 965 1315}
{952 954 1346}
{953 954 993 996}
{953 954 1330 1334}
{953 965 966}
{953 965 1013}
{953 965 1315}
{953 966 1010}
{953 989 1010}
{953 989 1396}
{953 993 1334}
{953 1002 1309}
{953 1007 1010}
{953 1007 1377}
{954 996 1317}
{954 996 1330}
{954 1317 1330}
{954 1330 1331}
{954 1330 1402}
{965 966 967}
{965 966 971}
{965 967 968}
{965 967 975}
{965 967 1363}
{965 968 975}
{965 968 1363}
{965 971 1271}
{965 975 1302}
{965 1013 1276}
{965 1271 1274}
{965 1274 1315}
{965 1274 1363}
{966 967 1010}
{966 971 1010 1011}
{967 968 975}
{967 968 1363}
{967 989 1010}
{967 989 1352}
{967 992 1354}
{967 1007 1010}
{967 1007 1353}
{967 1008 1380}
{971 1011 1120}
{971 1120 1271}
{972 973 986 994}
{972 973 1481}
{972 986 1204 1206}
{972 986 1205 1207}
{972 986 1481 1483}
{972 1204 1205}
{972 1204 1208}
{972 1205 1208}
{972 1327 1481}
{972 1481 1482}
{973 974 1485}
{973 994 1481 1483}
{973 994 1485 1486}
{974 1056 1058}
{974 1056 1063}
{974 1058 1063}
{974 1282 1485}
{974 1485 1487}
{977 978 984 985}
{977 978 1004 1007}
{977 978 1076 1080}
{977 978 1124 1125}
{977 978 1284 1492}
{977 985 1007 1020}
{977 985 1284}
{977 1007 1080 1121}
{977 1007 1123 1124}
{977 1007 1284 1385}
{977 1080 1124}
{977 1080 1421}
{977 1124 1421}
{977 1283 1284}
{977 1284 1409}
{978 979 1004 1009}
{978 979 1479}
{978 984 1004 1019}
{978 984 1492}
{978 1004 1110}
{978 1004 1125 1209}
{978 1054 1076}
{978 1054 1125}
{978 1054 1426}
{978 1076 1125}
{978 1109 1110 1125}
{978 1125 1426}
{978 1288 1458}
{983 988 1313 1505}
{983 988 1535 1573}
{984 985 1019 1020}
{984 985 1284 1492}
{984 985 1383 1490}
{985 1020 1284 1385}
{985 1020 1383 1384}
{986 994 1483}
{986 1006 1195}
{986 1168 1189 1206}
{986 1206 1207}
{986 1206 1443}
{986 1206 1446}
{986 1207 1443}
{986 1400 1443}
{986 1443 1446}
{987 988 1313}
{987 988 1535}
{987 1001 1248}
{987 1001 1296}
{989 997 1004 1019}
{989 997 1424}
{989 1004 1010}
{989 1004 1011}
{989 1004 1023 1027}
{989 1004 1110}
{989 1004 1114 1209}
{989 1010 1011}
{989 1011 1120}
{989 1023 1391}
{989 1109 1110 1114}
{989 1113 1114}
{989 1113 1120}
{989 1114 1120}
{989 1114 1395}
{989 1120 1395}
{991 993 995 996}
{993 996 1330 1334}
{993 996 1337 1338}
{995 996 1330 1462}
{995 996 1337 1461}
{996 1317 1330}
{996 1317 1337}
{997 1001 1014 1019}
{997 1001 1248 1424}
{997 1001 1296 1425}
{1001 1014 1245 1248}
{1001 1014 1292 1296}
{1004 1007 1010}
{1004 1007 1011}
{1004 1007 1019 1020}
{1004 1007 1027 1028}
{1004 1007 1123 1209}
{1004 1007 1134}
{1004 1010 1011}
{1004 1011 1120 1209}
{1004 1109 1110 1209}
{1004 1133 1134 1209}
{1005 1006 1138 1182}
{1005 1006 1194 1195}
{1007 1010 1011}
{1007 1011 1120}
{1007 1020 1385}
{1007 1028 1361}
{1007 1120 1121}
{1007 1120 1123}
{1007 1120 1362}
{1007 1121 1123}
{1007 1123 1133 1134}
{1007 1123 1362}
{1015 1021 1029 1030}
{1015 1029 1067 1104}
{1015 1029 1070 1092}
{1016 1017 1027 1028}
{1016 1017 1355 1401}
{1017 1028 1355 1360}
{1018 1021 1316 1318}
{1018 1065 1316 1408}
{1018 1071 1316 1413}
{1023 1024 1025 1027}
{1023 1024 1335 1390}
{1024 1025 1335 1343}
{1029 1030 1092 1107}
{1029 1030 1104 1105}
{1031 1032 1034}
{1032 1034 1035}
{1032 1035 1044 1045}
{1032 1035 1051 1053}
{1034 1035 1038}
{1034 1037 1038}
{1034 1037 1039}
{1034 1037 1042}
{1042 1593 1597}
{1043 1044 1045}
{1051 1052 1053}
{1054 1061 1073}
{1054 1061 1129}
{1054 1061 1213}
{1054 1073 1076}
{1054 1073 1082}
{1054 1073 1083}
{1054 1073 1125}
{1054 1073 1127}
{1054 1073 1129}
{1054 1073 1209}
{1054 1073 1213}
{1054 1073 1214}
{1054 1076 1082}
{1054 1076 1125}
{1054 1083 1171}
{1054 1083 1426}
{1054 1083 1554}
{1054 1125 1209}
{1054 1125 1426}
{1054 1127 1209}
{1054 1171 1213}
{1054 1209 1213}
{1054 1209 1214}
{1054 1554 1555}
{1055 1056 1058 1059}
{1055 1059 1072}
{1055 1059 1102 1103}
{1055 1072 1084}
{1056 1058 1063}
{1057 1061 1073}
{1057 1061 1115 1213}
{1057 1073 1113}
{1057 1073 1115}
{1057 1073 1192}
{1057 1113 1114 1115}
{1057 1115 1192}
{1059 1072 1087}
{1060 1061 1131 1132}
{1061 1073 1129}
{1061 1073 1132}
{1061 1073 1213}
{1072 1074 1075}
{1072 1075 1084}
{1072 1075 1091}
{1073 1076 1077}
{1073 1076 1080}
{1073 1076 1082}
{1073 1076 1125}
{1073 1077 1113}
{1073 1080 1121}
{1073 1080 1124}
{1073 1080 1421}
{1073 1083 1125 1426}
{1073 1083 1171 1213}
{1073 1109 1111}
{1073 1109 1114}
{1073 1109 1116}
{1073 1109 1122}
{1073 1109 1125}
{1073 1109 1127}
{1073 1109 1209}
{1073 1109 1406}
{1073 1111 1112}
{1073 1111 1118}
{1073 1111 1209}
{1073 1112 1123}
{1073 1113 1114}
{1073 1113 1120}
{1073 1113 1319}
{1073 1114 1115}
{1073 1114 1119}
{1073 1114 1120}
{1073 1114 1209}
{1073 1114 1272 1395}
{1073 1115 1192}
{1073 1115 1213}
{1073 1116 1209}
{1073 1118 1213}
{1073 1119 1146}
{1073 1120 1121}
{1073 1120 1122}
{1073 1120 1123}
{1073 1120 1139}
{1073 1120 1209}
{1073 1120 1272}
{1073 1120 1273}
{1073 1120 1319}
{1073 1121 1123}
{1073 1121 1132}
{1073 1121 1273}
{1073 1122 1209}
{1073 1123 1124}
{1073 1123 1133}
{1073 1123 1209}
{1073 1123 1272 1362}
{1073 1124 1125}
{1073 1124 1421}
{1073 1125 1126}
{1073 1125 1209}
{1073 1126 1146}
{1073 1127 1209}
{1073 1133 1139}
{1073 1133 1146}
{1073 1133 1156}
{1073 1133 1209}
{1073 1133 1213}
{1073 1133 1214}
{1073 1133 1342}
{1073 1139 1209}
{1073 1146 1209}
{1073 1156 1209}
{1073 1209 1213}
{1073 1209 1214}
{1074 1575 1576}
{1076 1077 1078 1079}
{1076 1080 1124 1125}
{1077 1078 1113 1117}
{1080 1121 1123 1124}
{1080 1124 1421}
{1102 1103 1108}
{1109 1110 1406 1407}
{1109 1111 1209}
{1109 1114 1209}
{1109 1116 1209}
{1109 1122 1209}
{1109 1125 1209}
{1109 1127 1209}
{1111 1112 1123 1209}
{1111 1118 1209 1213}
{1113 1114 1120}
{1113 1120 1319}
{1114 1115 1209 1213}
{1114 1119 1146 1209}
{1114 1120 1209}
{1114 1120 1395}
{1120 1121 1123}
{1120 1121 1273}
{1120 1122 1209}
{1120 1123 1209}
{1120 1123 1362}
{1120 1139 1209}
{1120 1271 1272}
{1120 1272 1362}
{1120 1272 1395}
{1121 1130 1131 1132}
{1123 1124 1125 1209}
{1123 1133 1209}
{1125 1126 1146 1209}
{1128 1149 1218 1253}
{1133 1134 1340 1342}
{1133 1139 1209}
{1133 1146 1209}
{1133 1156 1209}
{1133 1209 1213}
{1133 1209 1214}
{1140 1141 1142}
{1140 1141 1148 1150}
{1140 1142 1150}
{1140 1142 1152}
{1140 1142 1165}
{1140 1150 1152}
{1140 1150 1162 1165}
{1141 1142 1145}
{1141 1142 1147}
{1141 1142 1148}
{1141 1142 1366}
{1141 1142 1379}
{1141 1143 1144 1145}
{1141 1147 1148 1151}
{1141 1148 1366}
{1141 1366 1379}
{1142 1145 1222}
{1142 1145 1269}
{1142 1147 1151}
{1142 1147 1154}
{1142 1147 1160}
{1142 1148 1149}
{1142 1148 1150}
{1142 1148 1151}
{1142 1148 1161}
{1142 1148 1366}
{1142 1148 1367 1369}
{1142 1149 1161}
{1142 1149 1220}
{1142 1149 1224}
{1142 1149 1240}
{1142 1149 1253}
{1142 1149 1268}
{1142 1149 1382}
{1142 1150 1152}
{1142 1150 1162}
{1142 1151 1154}
{1142 1151 1155}
{1142 1155 1160}
{1142 1155 1161}
{1142 1155 1219}
{1142 1155 1227}
{1142 1155 1246 1247}
{1142 1155 1251}
{1142 1160 1219}
{1142 1160 1228}
{1142 1160 1242}
{1142 1160 1250}
{1142 1161 1162}
{1142 1161 1219}
{1142 1161 1220}
{1142 1161 1224}
{1142 1161 1226}
{1142 1161 1227}
{1142 1161 1240}
{1142 1161 1243}
{1142 1161 1267}
{1142 1161 1268}
{1142 1161 1366}
{1142 1161 1370}
{1142 1161 1372}
{1142 1161 1382}
{1142 1162 1165}
{1142 1162 1223}
{1142 1162 1227}
{1142 1162 1241 1264}
{1142 1162 1243}
{1142 1165 1221}
{1142 1165 1228}
{1142 1165 1243}
{1142 1165 1260}
{1142 1185 1193}
{1142 1185 1238}
{1142 1185 1358}
{1142 1193 1253}
{1142 1219 1220}
{1142 1219 1222}
{1142 1219 1224}
{1142 1219 1226}
{1142 1219 1242}
{1142 1219 1247}
{1142 1219 1249}
{1142 1221 1222}
{1142 1221 1223}
{1142 1221 1257}
{1142 1222 1224}
{1142 1222 1249}
{1142 1222 1374}
{1142 1223 1224}
{1142 1223 1257}
{1142 1224 1247 1255}
{1142 1224 1375}
{1142 1226 1227}
{1142 1227 1244}
{1142 1227 1267}
{1142 1227 1370}
{1142 1227 1372}
{1142 1228 1373}
{1142 1239 1240 1241}
{1142 1240 1243}
{1142 1240 1251}
{1142 1240 1269}
{1142 1240 1388}
{1142 1241 1243}
{1142 1243 1260}
{1142 1243 1267}
{1142 1243 1268}
{1142 1243 1269}
{1142 1243 1277}
{1142 1250 1251}
{1142 1250 1252}
{1142 1250 1269}
{1142 1251 1252}
{1142 1269 1277}
{1142 1269 1387}
{1142 1358 1374}
{1142 1358 1387}
{1142 1366 1367}
{1142 1366 1370}
{1142 1366 1372}
{1142 1366 1373}
{1142 1366 1379}
{1142 1366 1382}
{1142 1366 1392}
{1142 1367 1370 1371}
{1142 1370 1373}
{1142 1370 1375}
{1142 1370 1388}
{1142 1373 1374}
{1142 1373 1387}
{1142 1373 1392}
{1142 1374 1375}
{1142 1374 1376}
{1142 1375 1376}
{1142 1387 1388}
{1142 1387 1389}
{1142 1388 1389}
{1143 1145 1222 1225}
{1143 1145 1269 1270}
{1147 1151 1154}
{1147 1151 1155 1160}
{1148 1149 1161}
{1148 1150 1161 1162}
{1148 1151 1155 1161}
{1148 1161 1366}
{1148 1366 1369}
{1149 1161 1220}
{1149 1161 1224}
{1149 1161 1240}
{1149 1161 1268}
{1149 1161 1382}
{1155 1160 1219}
{1155 1160 1250 1251}
{1155 1161 1219}
{1155 1161 1227}
{1155 1161 1240 1251}
{1155 1219 1246}
{1160 1219 1242}
{1160 1228 1230 1233}
{1161 1162 1223 1224}
{1161 1162 1227}
{1161 1162 1243}
{1161 1219 1220}
{1161 1219 1224}
{1161 1219 1226}
{1161 1224 1370 1375}
{1161 1226 1227}
{1161 1227 1267}
{1161 1227 1370}
{1161 1227 1372}
{1161 1240 1243}
{1161 1240 1370 1388}
{1161 1243 1267}
{1161 1243 1268}
{1161 1366 1370}
{1161 1366 1372}
{1161 1366 1382}
{1162 1165 1221 1223}
{1162 1165 1243}
{1162 1243 1264}
{1165 1228 1229 1230}
{1165 1243 1260}
{1168 1169 1188 1189}
{1172 1173 1174}
{1172 1173 1175}
{1172 1173 1189}
{1172 1173 1199}
{1172 1173 1206}
{1172 1173 1216}
{1172 1173 1237}
{1172 1173 1254}
{1172 1173 1258}
{1172 1173 1263}
{1172 1173 1428}
{1172 1173 1443}
{1172 1173 1445}
{1172 1173 1449}
{1172 1173 1463}
{1172 1173 1468}
{1172 1173 1473}
{1172 1174 1175}
{1172 1174 1216}
{1172 1174 1263}
{1172 1174 1428}
{1172 1174 1449}
{1172 1174 1473}
{1172 1175 1197 1199}
{1172 1175 1204 1206}
{1172 1175 1463}
{1172 1189 1199}
{1172 1189 1206}
{1172 1189 1237}
{1172 1189 1258}
{1172 1189 1445}
{1172 1189 1468}
{1172 1199 1254}
{1172 1199 1428 1437}
{1172 1206 1215 1216}
{1172 1206 1443}
{1172 1216 1235 1237}
{1172 1216 1254}
{1172 1237 1428 1440}
{1172 1237 1463}
{1172 1254 1258}
{1172 1254 1263}
{1172 1428 1443}
{1172 1443 1445}
{1172 1443 1449}
{1172 1463 1468}
{1172 1463 1473}
{1173 1174 1175}
{1173 1174 1177}
{1173 1174 1216}
{1173 1174 1263}
{1173 1174 1428}
{1173 1174 1449}
{1173 1174 1473}
{1173 1175 1176}
{1173 1175 1197}
{1173 1175 1204}
{1173 1175 1463}
{1173 1175 1464 1476}
{1173 1176 1179}
{1173 1176 1196}
{1173 1176 1205}
{1173 1176 1463}
{1173 1176 1472}
{1173 1178 1185}
{1173 1179 1211}
{1173 1179 1429}
{1173 1184 1198}
{1173 1184 1207}
{1173 1184 1232}
{1173 1185 1193}
{1173 1185 1358}
{1173 1188 1189}
{1173 1189 1199}
{1173 1189 1206}
{1173 1189 1237}
{1173 1189 1258}
{1173 1189 1445}
{1173 1189 1468}
{1173 1193 1196}
{1173 1193 1205}
{1173 1196 1197}
{1173 1196 1198}
{1173 1196 1200}
{1173 1197 1199}
{1173 1197 1200}
{1173 1198 1199}
{1173 1198 1254}
{1173 1198 1259}
{1173 1198 1434}
{1173 1199 1254}
{1173 1199 1256 1266}
{1173 1199 1437}
{1173 1204 1205}
{1173 1204 1206}
{1173 1204 1208}
{1173 1205 1207}
{1173 1205 1208}
{1173 1206 1207}
{1173 1206 1215}
{1173 1206 1441 1446}
{1173 1206 1443}
{1173 1207 1212}
{1173 1207 1443}
{1173 1207 1444}
{1173 1211 1212}
{1173 1211 1216}
{1173 1211 1231}
{1173 1211 1254}
{1173 1211 1262}
{1173 1212 1215}
{1173 1212 1217}
{1173 1215 1216}
{1173 1215 1217}
{1173 1216 1235}
{1173 1216 1254}
{1173 1216 1256 1265}
{1173 1231 1232}
{1173 1231 1235}
{1173 1231 1236}
{1173 1232 1237}
{1173 1232 1430}
{1173 1232 1463}
{1173 1232 1469}
{1173 1235 1236}
{1173 1235 1237}
{1173 1237 1440}
{1173 1237 1463}
{1173 1237 1464 1474}
{1173 1254 1256}
{1173 1254 1258}
{1173 1254 1259}
{1173 1254 1262}
{1173 1254 1263}
{1173 1358 1430}
{1173 1358 1434}
{1173 1428 1429}
{1173 1428 1437}
{1173 1428 1440}
{1173 1428 1441 1447}
{1173 1428 1443}
{1173 1429 1430}
{1173 1429 1434}
{1173 1429 1443}
{1173 1429 1450}
{1173 1430 1439}
{1173 1430 1440}
{1173 1434 1436}
{1173 1434 1437}
{1173 1436 1437}
{1173 1439 1440}
{1173 1441 1443}
{1173 1443 1444}
{1173 1443 1445}
{1173 1443 1449}
{1173 1443 1450}
{1173 1463 1464}
{1173 1463 1468}
{1173 1463 1469}
{1173 1463 1472}
{1173 1463 1473}
{1175 1176 1196 1197}
{1175 1176 1204 1205}
{1175 1176 1463}
{1175 1463 1476}
{1176 1179 1180 1191}
{1176 1463 1472}
{1179 1180 1211 1234}
{1179 1180 1420 1429}
{1183 1184 1198 1202}
{1183 1184 1207 1210}
{1183 1184 1232 1460}
{1185 1193 1515}
{1185 1358 1515}
{1185 1515 1517}
{1193 1218 1253}
{1193 1511 1515}
{1193 1514 1515}
{1196 1197 1198 1199}
{1196 1197 1200}
{1198 1199 1254}
{1198 1199 1434 1437}
{1198 1254 1259}
{1199 1254 1266}
{1204 1205 1206 1207}
{1204 1205 1208}
{1206 1207 1212 1215}
{1206 1207 1443}
{1206 1443 1446}
{1207 1443 1444}
{1211 1212 1215 1216}
{1211 1216 1231 1235}
{1211 1216 1254}
{1211 1254 1262}
{1212 1215 1217}
{1216 1254 1265}
{1219 1222 1224}
{1219 1222 1249}
{1219 1224 1255}
{1219 1246 1247}
{1219 1247 1255}
{1221 1222 1223 1224}
{1221 1223 1257}
{1222 1224 1374 1375}
{1228 1230 1347 1373}
{1231 1232 1235 1237}
{1231 1235 1236}
{1232 1237 1430 1440}
{1232 1237 1463}
{1232 1463 1469}
{1237 1463 1474}
{1239 1240 1243}
{1239 1241 1243}
{1240 1243 1269}
{1240 1250 1251 1269}
{1240 1269 1387 1388}
{1241 1243 1264}
{1243 1269 1277}
{1250 1251 1252}
{1254 1256 1265}
{1254 1256 1266}
{1287 1288 1298 1299}
{1287 1288 1394 1397}
{1287 1288 1545 1569}
{1287 1288 1562 1570}
{1287 1293 1298}
{1287 1293 1394}
{1287 1298 1394}
{1287 1393 1394}
{1287 1394 1484}
{1287 1545 1546}
{1287 1545 1570}
{1287 1546 1570}
{1288 1290 1316 1318}
{1288 1290 1413 1414}
{1288 1290 1540 1569}
{1288 1290 1562 1574}
{1288 1299 1397}
{1288 1300 1556 1562}
{1288 1318 1414}
{1288 1558 1559}
{1288 1558 1562}
{1288 1558 1563}
{1288 1558 1569}
{1288 1562 1563}
{1288 1562 1569}
{1290 1316 1317}
{1290 1316 1413}
{1290 1317 1413}
{1290 1413 1422}
{1290 1413 1454}
{1290 1540 1541}
{1290 1540 1574}
{1290 1541 1574}
{1293 1298 1394}
{1293 1298 1398}
{1298 1299 1394 1397}
{1298 1299 1398 1399}
{1300 1301 1556 1600}
{1316 1317 1408}
{1316 1317 1413}
{1316 1318 1408 1411}
{1316 1318 1413 1414}
{1320 1321 1358}
{1323 1324 1366}
{1323 1365 1366}
{1358 1515 1540}
{1358 1515 1545}
{1365 1366 1367}
{1366 1367 1369}
{1366 1367 1371}
{1366 1370 1371}
{1366 1370 1373}
{1366 1373 1392}
{1370 1373 1374 1375}
{1370 1373 1387 1388}
{1374 1375 1376}
{1387 1388 1389}
{1400 1403 1443}
{1403 1442 1443}
{1428 1429 1430 1440}
{1428 1429 1434 1437}
{1428 1429 1443}
{1428 1443 1447}
{1429 1443 1450}
{1430 1439 1440}
{1434 1436 1437}
{1441 1442 1443}
{1441 1443 1446}
{1441 1443 1447}
{1463 1464 1474}
{1463 1464 1476}
{1506 1507 1509 1510}
{1507 1510 1523 1569}
{1507 1510 1549 1550}
{1509 1510 1515}
{1509 1511 1515}
{1509 1511 1561 1599}
{1509 1512 1514 1561}
{1509 1514 1515}
{1509 1515 1561}
{1509 1515 1593}
{1509 1515 1601}
{1509 1561 1593}
{1509 1593 1601}
{1510 1515 1549}
{1510 1515 1569}
{1511 1515 1524}
{1511 1515 1595}
{1511 1515 1599}
{1511 1524 1542 1599}
{1511 1595 1599}
{1512 1513 1514}
{1512 1513 1515}
{1512 1514 1515}
{1512 1514 1516 1538}
{1512 1515 1538}
{1512 1515 1561}
{1512 1538 1553 1561}
{1513 1514 1515}
{1514 1515 1516}
{1515 1516 1521}
{1515 1516 1538}
{1515 1516 1558}
{1515 1516 1572}
{1515 1516 1589}
{1515 1521 1524}
{1515 1521 1537}
{1515 1524 1542}
{1515 1524 1545}
{1515 1524 1575}
{1515 1524 1579}
{1515 1537 1540}
{1515 1537 1566}
{1515 1537 1567}
{1515 1537 1592}
{1515 1537 1593}
{1515 1538 1539}
{1515 1538 1553}
{1515 1538 1558}
{1515 1538 1560 1564}
{1515 1538 1590}
{1515 1539 1542}
{1515 1539 1551}
{1515 1539 1553}
{1515 1539 1567}
{1515 1539 1571}
{1515 1539 1577}
{1515 1539 1594}
{1515 1540 1541}
{1515 1540 1569}
{1515 1540 1574}
{1515 1541 1574}
{1515 1542 1553}
{1515 1542 1570}
{1515 1542 1575}
{1515 1542 1576 1581}
{1515 1542 1599}
{1515 1545 1546}
{1515 1545 1569}
{1515 1545 1570}
{1515 1546 1570}
{1515 1549 1552}
{1515 1549 1566}
{1515 1549 1575}
{1515 1549 1583}
{1515 1549 1589}
{1515 1552 1553}
{1515 1552 1556}
{1515 1552 1565}
{1515 1552 1575}
{1515 1552 1576 1580}
{1515 1552 1590}
{1515 1553 1556}
{1515 1553 1558}
{1515 1553 1561}
{1515 1553 1562}
{1515 1553 1567}
{1515 1553 1571}
{1515 1553 1575}
{1515 1553 1577}
{1515 1553 1584}
{1515 1553 1585}
{1515 1553 1593}
{1515 1553 1594}
{1515 1553 1602}
{1515 1556 1561}
{1515 1556 1562}
{1515 1556 1584}
{1515 1556 1585}
{1515 1556 1600}
{1515 1556 1602}
{1515 1558 1560}
{1515 1558 1562}
{1515 1558 1569}
{1515 1558 1571}
{1515 1558 1572}
{1515 1558 1585}
{1515 1558 1587}
{1515 1560 1562 1563}
{1515 1561 1593}
{1515 1561 1596 1597}
{1515 1561 1599}
{1515 1562 1569}
{1515 1562 1570}
{1515 1562 1574}
{1515 1565 1566}
{1515 1565 1567}
{1515 1565 1568}
{1515 1566 1568}
{1515 1567 1574}
{1515 1567 1593}
{1515 1567 1597 1598}
{1515 1569 1587}
{1515 1575 1576}
{1515 1575 1577}
{1515 1575 1579}
{1515 1575 1583}
{1515 1575 1584}
{1515 1589 1590}
{1515 1589 1591}
{1515 1590 1591}
{1515 1592 1593}
{1515 1593 1594}
{1515 1593 1597}
{1515 1593 1601}
{1515 1593 1602}
{1515 1595 1599}
{1516 1520 1521 1522}
{1516 1538 1558}
{1516 1538 1589 1590}
{1516 1558 1572}
{1521 1522 1524 1586}
{1521 1522 1537 1578}
{1524 1542 1545 1570}
{1524 1542 1575}
{1524 1575 1579}
{1537 1540 1567 1574}
{1537 1565 1566 1567}
{1537 1567 1593}
{1537 1592 1593}
{1538 1539 1553}
{1538 1552 1553 1590}
{1538 1553 1558}
{1538 1558 1564}
{1539 1542 1553}
{1539 1543 1551 1557}
{1539 1553 1567}
{1539 1553 1571}
{1539 1553 1577}
{1539 1553 1594}
{1540 1541 1574}
{1540 1562 1569 1574}
{1542 1553 1561 1599}
{1542 1553 1562 1570}
{1542 1553 1575}
{1542 1575 1581}
{1545 1546 1570}
{1545 1562 1569 1570}
{1549 1552 1565 1566}
{1549 1552 1575}
{1549 1552 1589 1590}
{1549 1575 1583}
{1552 1553 1556}
{1552 1553 1565 1567}
{1552 1553 1575}
{1552 1575 1580}
{1553 1556 1561}
{1553 1556 1562}
{1553 1556 1584}
{1553 1556 1585}
{1553 1556 1602}
{1553 1558 1562}
{1553 1558 1571}
{1553 1558 1585}
{1553 1561 1593}
{1553 1562 1567 1574}
{1553 1567 1593}
{1553 1575 1577}
{1553 1575 1584}
{1553 1593 1594}
{1553 1593 1602}
{1554 1555 1558}
{1554 1558 1560}
{1555 1558 1559}
{1558 1560 1563}
{1558 1560 1564}
{1558 1562 1563}
{1558 1562 1569}
{1558 1569 1587}
{1561 1593 1596}
{1565 1566 1568}
{1567 1593 1598}
{1575 1576 1580}
{1575 1576 1581}
{1589 1590 1591}
{1593 1596 1597}
{1593 1597 1598}
{0 1 2 3 4 5}	# Dimension 4
{0 1 2 3 6 7 9 10}
{0 1 4 5 43}
{0 1 6 10 43}
{0 2 4 15}
{0 2 4 29 30 41}
{0 2 9 10 15 23}
{0 2 9 10 29 30 31 32}
{0 2 9 10 35 37}
{0 2 15 16}
{0 4 15 43}
{0 4 30 41 43}
{0 10 15 43}
{0 10 30 32 43}
{0 10 35 43}
{0 15 16 43 80}
{1 3 5 6 7 8}
{1 3 5 11}
{1 5 6 8 43}
{1 5 11 43}
{2 3 7 9 577 634 1003 1008}
{2 3 577 631 634 638}
{2 9 23 658}
{2 9 29 31 190 211 217 893}
{2 29 190 198 211 224}
{3 7 577 631 1008 1378}
{3 575 577 631}
{4 5 25 27 43}
{4 15 43 83}
{4 25 41 43 59}
{4 25 43 44}
{4 25 43 83}
{4 25 44 45 46}
{5 8 43 50 51}
{6 7 8 106 265 266}
{6 7 8 451}
{6 7 9 10 78 292}
{6 7 9 10 106 117 266 267}
{6 7 9 10 451 452}
{6 7 450 451}
{6 8 43 265 266}
{6 8 43 451}
{6 10 43 78}
{6 10 43 266 267}
{6 10 43 451}
{6 43 450 451 459}
{7 9 106 117 825 830 832 1026}
{7 9 160 452}
{7 106 825 830 835 837}
{8 43 51 81 265}
{8 43 51 284}
{8 43 51 460}
{8 43 451 460}
{8 51 284 285 302}
{9 10 12 13 15 23}
{9 10 12 13 78 292}
{9 10 12 13 105 117 267 270}
{9 10 12 13 207 241 431 446}
{9 10 31 32 78 292}
{9 10 31 32 201 207 431 432}
{9 10 31 32 262 294}
{9 10 35 37 117 267}
{9 10 35 37 207 431}
{9 10 117 262 267 294}
{9 10 207 431 451 452}
{9 12 23 658}
{9 12 105 117 273 274 276 893}
{9 12 207 241 925 926 1002 1003}
{9 31 201 207 839 840 844 1026}
{9 31 294 980}
{9 117 294 980}
{9 160 207 452}
{10 13 15 43}
{10 13 43 78}
{10 13 43 267 270}
{10 13 43 431 446}
{10 15 43 74}
{10 15 43 86}
{10 32 43 78}
{10 32 43 262}
{10 32 43 431 432}
{10 35 43 86}
{10 35 43 267}
{10 35 43 279}
{10 35 43 431}
{10 35 43 464}
{10 43 74 78}
{10 43 78 299}
{10 43 78 461}
{10 43 262 267}
{10 43 262 279}
{10 43 262 299}
{10 43 431 451}
{10 43 451 461}
{10 43 451 464}
{12 13 14 15}
{12 13 15 36}
{12 13 36 105 260 270}
{12 13 36 241 446 447}
{12 105 271 273 275 276}
{12 241 926 1002 1308 1311}
{13 14 15 43 80}
{13 15 36 43}
{13 36 43 260 270}
{13 36 43 446 447}
{15 36 43 91}
{17 25 43 259 260}
{17 25 43 334}
{17 25 43 433 447}
{17 25 334 354}
{17 25 334 589}
{17 25 334 1515}
{17 25 336 354 357}
{17 25 354 412 419}
{17 25 589 688 689}
{17 25 589 761 771}
{19 24 33 40}
{19 24 33 53 63 64}
{19 24 33 899 903 1412}
{19 33 53 64 899 903 1004 1009}
{19 64 84 144 1111 1118}
{19 64 899 1004 1111 1118 1209 1213}
{19 82 84 1118}
{19 84 899 1061 1118 1213}
{20 72 157 164 599 605}
{20 72 183 204 208 225}
{20 72 183 204 566 620 991 992}
{20 72 566 599 605 616 618 620}
{20 114 171 620}
{20 120 153 164 591 599}
{20 120 181 184 574 581}
{20 120 574 581 582 586 620 924}
{20 120 586 591 599 618 619 620}
{20 163 164 599}
{20 163 171 599 618 620}
{20 163 186 599}
{20 599 601 604 618 620}
{21 87 104 226 227 240 244 245}
{21 87 104 240 932 935 936 937}
{21 87 219 226 237 244}
{21 87 932 935 1096 1097}
{21 103 104 142 851 852 881 883}
{21 104 114 192}
{21 104 192 226 227 487}
{21 104 226 227 233 234}
{21 104 226 227 851 852 1035 1053}
{21 141 142 851 883 1526}
{21 219 226 487}
{21 219 226 851 1051 1053}
{21 226 487 491}
{24 25 33 40}
{24 25 33 53 63}
{24 25 33 903 1412}
{25 27 43 259 265}
{25 27 43 334}
{25 27 157 164 589}
{25 27 334 354}
{25 27 334 589}
{25 27 334 1515}
{25 27 589 689 691}
{25 27 1509 1514 1515}
{25 27 1515 1549 1589}
{25 33 34 40}
{25 33 34 53}
{25 33 34 903}
{25 33 39 40}
{25 33 39 52 53}
{25 33 39 903 1457}
{25 34 40 98}
{25 34 45 46}
{25 34 45 261}
{25 34 45 441}
{25 34 98 99}
{25 34 98 101}
{25 34 142 883}
{25 34 165 603}
{25 34 363 364}
{25 34 364 423}
{25 34 364 440}
{25 34 475 496}
{25 34 496 816}
{25 34 496 979}
{25 34 603 693}
{25 34 603 773}
{25 34 648 818}
{25 34 763 973}
{25 34 814 818}
{25 34 816 818}
{25 34 881 883}
{25 34 883 910}
{25 34 910 973}
{25 34 973 994}
{25 34 1506 1507}
{25 34 1507 1523}
{25 34 1507 1550}
{25 40 98 158}
{25 40 98 168}
{25 43 44 259}
{25 43 44 433}
{25 43 59 334}
{25 43 59 433 434}
{25 43 65 334}
{25 43 259 345}
{25 43 433 462}
{25 44 45 259 261}
{25 44 45 433 441}
{25 59 311 354 357}
{25 59 334 354}
{25 59 334 589}
{25 59 334 1515}
{25 59 354 408 417}
{25 59 1515 1540 1569}
{25 59 1515 1549 1566}
{25 65 153 164 589}
{25 65 334 354}
{25 65 334 589}
{25 65 334 1515}
{25 65 354 408 409}
{25 65 354 419 436}
{25 65 589 766 771}
{25 65 1509 1511 1515}
{25 65 1515 1545 1569}
{25 98 99 156 158}
{25 98 99 166 168}
{25 98 101 158 161}
{25 98 101 168 169}
{25 141 142 883 1526}
{25 142 148 883 1531}
{25 164 165 602 603}
{25 164 178 589}
{25 164 589 602}
{25 354 357 358}
{25 354 357 369}
{25 354 358 408}
{25 354 358 419}
{25 354 408 443}
{25 354 419 429}
{25 357 358 363 364}
{25 358 364 408 440}
{25 358 364 419 423}
{25 473 475 494 496}
{25 475 476 496 501}
{25 494 496 816}
{25 494 496 979 1479}
{25 496 501 816}
{25 496 501 979 1493}
{25 589 602 689}
{25 589 602 771}
{25 589 689 729}
{25 589 771 796}
{25 602 603 689 693}
{25 602 603 771 773}
{25 648 649 818 820}
{25 648 661 815 818}
{25 760 763 973 1481}
{25 763 764 973 1485}
{25 813 814 815 818}
{25 814 818 819 820}
{25 815 816 818}
{25 816 818 820}
{25 881 883 1496 1526}
{25 881 883 1497 1531}
{25 883 910 1526}
{25 883 910 1531}
{25 910 973 1481}
{25 910 973 1485}
{25 973 994 1481 1483}
{25 973 994 1485 1486}
{25 1506 1507 1509 1510}
{25 1507 1510 1523 1569}
{25 1507 1510 1549 1550}
{25 1509 1510 1515}
{25 1509 1515 1601}
{25 1510 1515 1549}
{25 1510 1515 1569}
{25 1515 1549 1583}
{25 1515 1569 1587}
{28 29 30 41}
{28 30 41 43}
{29 30 31 32 41 42}
{29 31 211 217 223 224}
{29 185 211 224}
{30 32 41 42 43}
{31 32 42 201 432 434}
{31 32 42 262}
{31 32 262 326}
{31 201 840 841 843 844}
{32 42 43 262}
{32 42 43 432 434}
{32 43 262 326 327}
{33 34 53 903 1009}
{33 38 39 40}
{33 38 39 52 53 54}
{33 38 39 898 903 1457}
{33 38 53 54 898 903 946 1009}
{34 98 99 101 103}
{34 103 142 881 883}
{34 475 496 979 1009}
{34 648 814 818 876}
{34 763 876 973 994}
{36 43 51 81 260}
{36 43 51 91}
{36 43 51 228 447}
{36 43 51 284}
{36 51 284 285 306}
{38 47 48 209}
{38 48 54 195 209 212}
{38 48 209 898 943 959}
{38 54 195 209 898 946 947 959}
{40 94 98 158}
{40 98 113 168}
{41 42 43 50 51}
{42 43 51 228 434}
{42 43 51 284}
{42 43 51 329}
{42 43 262 329}
{42 51 283 284 285}
{43 49 50 51}
{43 49 51 81}
{43 49 51 220}
{43 49 51 228}
{43 49 79 325}
{43 79 325 334}
{43 259 260 267 270}
{43 259 262 267}
{43 259 262 345}
{43 259 265 266 267}
{43 260 270 339}
{43 262 267 327 338}
{43 265 266 342}
{43 431 432 433 434}
{43 431 433 446 447}
{43 431 433 451}
{43 431 451 453 459}
{43 432 434 435}
{43 433 451 462}
{43 446 447 448}
{47 48 197 209}
{48 121 182 197 212}
{48 195 197 209 212}
{48 197 209 943 959}
{48 197 826 943 1193}
{49 50 51 235}
{49 50 51 1073}
{49 50 51 1173}
{49 51 81 235}
{49 51 81 1073}
{49 51 81 1173}
{49 51 220 235}
{49 51 220 1073}
{49 51 220 1173}
{49 51 228 235}
{49 51 228 1073}
{49 51 228 1173}
{49 79 235 280}
{49 79 1073 1095}
{49 79 1173 1178}
{50 51 235 237 239}
{50 51 235 1032 1051}
{50 51 508 1073 1076}
{50 51 520 1073 1113}
{51 75 155 183}
{51 75 183 203 204}
{51 75 183 992 1354}
{51 81 235 239 278}
{51 81 235 481 607}
{51 81 1173 1211 1231}
{51 81 1173 1429 1430}
{51 84 144 228 1073}
{51 110 144 220 1073}
{51 144 146 1077 1078}
{51 144 251 1073}
{51 144 1073 1077}
{51 146 147 1078}
{51 147 155 176}
{51 147 155 183}
{51 147 172 176}
{51 147 176 177}
{51 147 183 204}
{51 147 183 992}
{51 147 283 285}
{51 147 285 302}
{51 147 285 306}
{51 147 287 289}
{51 147 289 483}
{51 147 289 1033}
{51 147 439 860}
{51 147 859 860}
{51 147 859 1029}
{51 147 860 863}
{51 147 993 996}
{51 147 995 996}
{51 147 996 1317}
{51 147 1015 1029}
{51 147 1018 1316}
{51 147 1029 1030}
{51 147 1078 1079}
{51 147 1078 1117}
{51 147 1180 1191}
{51 147 1180 1234}
{51 147 1180 1420}
{51 147 1316 1317}
{51 147 1316 1318}
{51 155 176 384}
{51 155 176 395}
{51 155 183 225}
{51 172 176 384 386}
{51 172 176 389 395}
{51 176 177 319 384}
{51 176 177 395 396}
{51 183 204 208 225}
{51 183 225 992 1344}
{51 220 235 481 482}
{51 220 235 1032 1044}
{51 220 1073 1076 1080}
{51 220 1173 1176 1196}
{51 220 1173 1429 1434}
{51 228 1057 1073 1113}
{51 228 1173 1176 1205}
{51 228 1173 1211 1212}
{51 235 239 288}
{51 235 239 383}
{51 235 288 481}
{51 235 288 1032}
{51 235 481 504}
{51 235 1031 1032}
{51 239 287 288 289}
{51 288 289 481 483}
{51 288 289 1032 1033}
{51 439 454 860 1157}
{51 439 463 860 1136}
{51 859 860 1136}
{51 859 860 1157}
{51 859 1029 1092}
{51 859 1029 1104}
{51 860 863 1136 1137}
{51 860 863 1157 1163}
{51 993 996 1330 1334}
{51 993 996 1337 1338}
{51 995 996 1330 1462}
{51 995 996 1337 1461}
{51 996 1317 1330}
{51 996 1317 1337}
{51 1015 1029 1067 1104}
{51 1015 1029 1070 1092}
{51 1018 1065 1316 1408}
{51 1018 1071 1316 1413}
{51 1029 1030 1092 1107}
{51 1029 1030 1104 1105}
{51 1073 1076 1077}
{51 1073 1076 1082}
{51 1073 1077 1113}
{51 1073 1113 1319}
{51 1076 1077 1078 1079}
{51 1077 1078 1113 1117}
{51 1173 1176 1179}
{51 1173 1176 1472}
{51 1173 1179 1211}
{51 1173 1179 1429}
{51 1173 1211 1262}
{51 1173 1429 1450}
{51 1176 1179 1180 1191}
{51 1179 1180 1211 1234}
{51 1179 1180 1420 1429}
{51 1316 1317 1408}
{51 1316 1317 1413}
{51 1316 1318 1408 1411}
{51 1316 1318 1413 1414}
{54 75 76 183 203 204}
{54 76 183 204 946 967 991 992}
{54 76 195 212 236 258}
{54 76 195 258 946 947 967 968}
{54 193 194 195}
{54 193 195 212}
{54 193 195 939 946 947}
{54 195 315 318 946 947}
{54 939 946 980}
{58 133 150 151 353 356 371 372}
{58 133 150 151 997 1001 1014 1019}
{58 133 311 356 357 371}
{58 133 1001 1014 1292 1296}
{58 151 310 311 371 372}
{58 151 997 1001 1296 1425}
{58 311 313 371}
{58 987 1001 1296}
{62 84 523 1061 1073}
{62 110 523 1073 1121}
{62 153 523 589 590}
{62 157 523 589 609}
{62 515 516 522 523}
{62 516 523 536}
{62 516 523 1058 1059}
{62 523 536 589}
{62 523 536 1073}
{62 523 536 1142}
{64 88 90 1111}
{64 88 122 1004 1111 1209}
{64 88 144 1111}
{64 96 110 144 1111 1112}
{64 96 467 587 1016 1017}
{64 96 1004 1007 1016 1017 1027 1028}
{64 96 1004 1007 1111 1112 1123 1209}
{64 122 140 1004}
{64 1004 1109 1110 1111 1209}
{68 69 70 1161 1162 1227}
{68 69 71 1155 1161 1227}
{68 69 107 1161 1227 1370}
{69 70 112 131 273 274 276 893}
{69 70 112 131 1161 1162 1223 1224}
{69 70 174 439 860 863 865 871}
{69 70 865 871 1148 1150 1161 1162}
{69 70 884 889}
{69 70 889 1161 1162 1243}
{69 71 103 142 868 871 881 883}
{69 71 125 126 190 211 217 893}
{69 71 125 126 1155 1161 1240 1251}
{69 71 868 871 1148 1151 1155 1161}
{69 71 872 928}
{69 71 928 1155 1161 1219}
{69 98 99 101 103 107 112 113}
{69 107 109 125 172 174 176 177}
{69 107 109 125 1161 1240 1370 1388}
{69 107 112 113 1161 1224 1370 1375}
{69 107 160 1324}
{69 107 1161 1324 1366 1370}
{69 112 872 928}
{69 112 928 1161 1219 1224}
{69 112 1128 1149 1161 1224}
{69 125 884 889}
{69 125 889 1161 1240 1243}
{69 125 1128 1149 1161 1240}
{69 160 871 1324}
{69 871 1128 1148 1149 1161}
{69 871 1148 1161 1324 1366}
{70 131 273 276 281 291}
{70 131 1162 1165 1221 1223}
{70 439 454 860 865 1157}
{70 865 1140 1150 1162 1165}
{70 1162 1165 1243}
{70 1162 1243 1264}
{71 126 189 190 210 211}
{71 126 1155 1160 1250 1251}
{71 142 148 868 883 1531}
{71 868 1147 1151 1155 1160}
{71 1155 1160 1219}
{71 1155 1219 1246}
{72 155 183 225}
{72 157 187 605}
{72 157 566 605 609 616}
{72 183 225 566 992 1344}
{75 76 155 183}
{75 76 183 967 992 1354}
{76 236 250 258}
{76 236 258 967 968 975}
{79 197 218 1046}
{79 197 1046 1185}
{79 218 235 280}
{79 218 354 361}
{79 218 516 672}
{79 334 354 361}
{79 334 589 716}
{79 334 1515 1517}
{79 516 536 672}
{79 536 589 716}
{79 536 1073 1095}
{79 536 1142 1238}
{79 1142 1185 1238}
{79 1173 1178 1185}
{79 1185 1515 1517}
{82 84 1073 1118}
{84 144 1073 1111 1118}
{84 1061 1073 1118 1213}
{87 237 238 244}
{87 237 239 240 244 245}
{87 240 932 936 1096 1099}
{87 915 932 1096}
{88 89 90 1073 1111}
{88 89 484 1073 1146}
{88 122 474 1004 1146 1209}
{88 144 251 1073}
{88 144 1073 1111}
{88 474 484 1146}
{88 474 541 1146}
{88 541 556 1073}
{88 541 1073 1146}
{88 1073 1111 1209}
{88 1073 1116 1209}
{88 1073 1146 1209}
{88 1073 1156 1209}
{92 102 104 227 240 245 303 304}
{92 102 104 240 896 927 983 988}
{92 102 277 278 303 304}
{92 102 983 988 1535 1573}
{92 239 240 245 278 303}
{92 240 927 988 1529 1535}
{92 278 303 305}
{92 987 988 1535}
{94 98 99 100 101 102 103 104}
{94 98 99 100 156 158}
{94 98 101 102 158 161}
{94 100 102 104 227 304 485 614}
{94 100 481 485 607 614}
{94 102 277 304 607 614}
{94 607 614 615}
{96 110 111 1112}
{96 110 1007 1112 1121 1123}
{96 269 467 1017}
{96 467 1007 1017 1028 1361}
{98 99 107 113 166 168}
{98 101 112 113 168 169}
{100 104 114 192}
{100 104 143 145 227 377 485 488}
{100 104 143 145 937 938 1298 1299}
{100 104 192 227 485 487}
{100 104 227 252 297 485}
{100 143 481 482 485 488}
{100 143 1298 1299 1398 1399}
{100 481 485 487}
{100 485 487 490}
{102 104 227 233 234 304}
{102 104 227 304 930 1034}
{102 104 812 930}
{102 277 304 1034}
{102 304 1034 1039}
{104 145 227 233 234 377}
{104 145 227 377 380 403}
{104 145 227 377 852 856 1035 1045}
{104 145 403 884}
{104 145 852 856 891 892 894 896}
{104 227 240 245 252 297}
{104 227 240 245 380 403}
{104 227 252 297 852 1035}
{104 227 852 930 1034 1035}
{104 240 403 884}
{104 812 852 930}
{105 117 259 260 267 270}
{105 117 271 272 273 274}
{105 260 270 339}
{105 269 271 273}
{106 117 259 265 266 267}
{106 117 825 832 835 836}
{106 265 266 342}
{106 825 827 835}
{107 109 172 176 389 395}
{107 109 1370 1373 1387 1388}
{107 113 1370 1373 1374 1375}
{107 1366 1370 1371}
{107 1366 1370 1373}
{109 125 176 177 395 396}
{109 125 1240 1269 1387 1388}
{109 155 176 395}
{109 1387 1388 1389}
{110 111 1073 1112}
{110 144 1073 1111 1112}
{110 1073 1112 1121 1123}
{112 113 1222 1224 1374 1375}
{112 131 273 274 281 286}
{112 131 1221 1222 1223 1224}
{112 1219 1222 1224}
{112 1219 1224 1255}
{113 1374 1375 1376}
{114 171 597 620}
{116 133 150 333 352 353 355 356}
{116 133 150 333 592 782 1005 1006}
{116 133 336 355 356 357}
{116 133 1005 1006 1138 1182}
{116 332 333 336 352 355}
{116 333 782 783 1005 1138}
{116 336 337 355}
{116 915 1005 1138}
{117 259 262 267}
{117 262 267 338}
{120 153 154 591}
{120 153 586 590 591 619}
{120 184 185 581}
{120 184 581 582 583 586}
{121 182 197 218}
{121 182 197 945 1013}
{121 182 218 235}
{121 182 218 354}
{121 182 218 516}
{121 182 310 311 354}
{121 182 332 336 354}
{121 182 516 535 1058}
{121 182 516 735 1102}
{122 140 474 1004}
{124 137 149 150 353 366 406 407}
{124 137 149 150 592 593 594 595}
{124 149 300 366 407 409}
{124 149 594 595 674 752}
{124 150 253 257 353 366}
{124 150 257 872}
{124 150 348 350 353 366}
{124 150 353 366 421 437 557 559}
{124 150 421 437 984 985 1019 1020}
{124 253 300 366}
{124 253 301 366}
{124 300 366 436 437 559}
{124 437 985 1020 1383 1384}
{125 126 210 211 216 217}
{125 126 1240 1250 1251 1269}
{125 1239 1240 1243}
{125 1240 1243 1269}
{126 185 210 211}
{126 1250 1251 1252}
{131 269 273 281}
{131 1221 1223 1257}
{133 150 253 257 353 356}
{133 150 257 872}
{133 150 312 353 356 359}
{133 253 356 357}
{133 253 356 367}
{137 140 150 401}
{137 149 406 407 408 409}
{137 149 593 594 752 755}
{137 150 151 152 172 174 176 177}
{137 150 151 152 353 372 406 416}
{137 150 312 353 359 406}
{137 150 353 398 401 406}
{137 152 172 176 384 386}
{137 152 406 408 416 417}
{137 398 406 408}
{137 398 406 414}
{140 150 333 401}
{143 145 375 377 482 488}
{143 145 938 1100 1298 1398}
{143 482 488 489}
{143 1293 1298 1398}
{145 375 377 380}
{145 375 377 856 1044 1045}
{145 377 380 390}
{145 856 891 894 1532 1533}
{147 172 174 176 177}
{147 174 439 860 863}
{147 183 204 991 992}
{147 991 993 995 996}
{147 1015 1021 1029 1030}
{147 1018 1021 1316 1318}
{149 407 409 410}
{149 575 594 752}
{150 151 348 350 353 372}
{150 151 353 372 425 428}
{150 151 428 918}
{150 174 333 418 421 439 860 863}
{150 312 353 359 421 557}
{150 333 348 350 352 353}
{150 333 352 353 398 401}
{150 333 352 353 418 421 557 558}
{150 353 421 425 428 557}
{150 421 428 918}
{151 152 176 177 319 384}
{151 152 310 372 416 417}
{151 310 372 425}
{151 372 425 537}
{152 155 176 384}
{152 416 417 420}
{153 154 589 591}
{153 164 589 591 599}
{153 589 590 591 619}
{157 164 589 599 605}
{157 187 589 605}
{157 589 605 609 616}
{163 164 178 589}
{163 164 589 599}
{163 171 597 598 618 620}
{163 179 186 589 599}
{163 179 589 596 598}
{163 589 598 610}
{163 589 598 618}
{163 589 599 618}
{163 589 600 618}
{163 589 610 632}
{163 589 618 621}
{163 596 597 598}
{163 597 598 610}
{181 182 184 574 581}
{182 184 185 581}
{182 184 581 582 583}
{182 185 199 211}
{182 185 199 581}
{182 185 210 211}
{182 185 211 224}
{182 185 578 581}
{182 189 190 210 211}
{182 190 198 211 224}
{182 190 199 211}
{182 197 206 212 236}
{182 197 206 218}
{182 197 206 507 539}
{182 197 212 214}
{182 197 212 248}
{182 197 214 507}
{182 197 214 1013}
{182 197 218 316}
{182 197 218 411}
{182 197 411 506 507}
{182 197 411 929 1013}
{182 197 507 544}
{182 197 1013 1276}
{182 199 211 217}
{182 199 213 215}
{182 199 215 547}
{182 199 215 1012}
{182 199 222 231}
{182 199 231 264}
{182 199 231 376}
{182 199 269 273}
{182 199 269 1017}
{182 199 273 274}
{182 199 273 276}
{182 199 293 343}
{182 199 324 343}
{182 199 335 343}
{182 199 552 553}
{182 199 553 681}
{182 199 553 741}
{182 199 574 581}
{182 199 581 582}
{182 199 636 641}
{182 199 636 1024}
{182 199 640 641}
{182 199 641 643}
{182 199 1016 1017}
{182 199 1017 1028}
{182 199 1023 1024}
{182 199 1024 1025}
{182 206 218 235}
{182 206 218 354}
{182 206 218 516}
{182 206 219 235 237}
{182 206 235 277 278}
{182 206 515 516 535}
{182 206 516 676 678}
{182 210 211 216 217}
{182 211 217 223 224}
{182 212 213 214 215}
{182 214 215 507 547}
{182 214 215 1012 1013}
{182 218 235 316}
{182 218 235 411}
{182 218 316 354}
{182 218 316 516}
{182 218 354 411}
{182 218 411 516}
{182 219 222 230 231}
{182 219 230 235}
{182 219 235 411 1051}
{182 219 235 498}
{182 230 231 264 277}
{182 230 231 375 376}
{182 230 235 277}
{182 230 235 375}
{182 235 277 316 607}
{182 235 277 1040}
{182 235 316 375 482}
{182 235 375 394}
{182 235 375 411 1044}
{182 269 271 273}
{182 269 273 281}
{182 269 467 1017}
{182 269 1017 1355}
{182 271 272 273 274}
{182 271 273 275 276}
{182 273 274 281 286}
{182 273 276 281 291}
{182 293 300 343 347}
{182 298 300 354}
{182 300 316 354 409}
{182 300 347 354}
{182 300 354 411 436}
{182 310 316 354 417}
{182 310 324 343 347}
{182 310 347 354}
{182 310 354 538}
{182 316 516 678 875}
{182 316 516 726 735}
{182 332 335 343 347}
{182 332 347 354}
{182 332 354 411 412}
{182 332 354 424}
{182 467 587 1016 1017}
{182 467 1017 1028 1361}
{182 516 535 554}
{182 516 535 728}
{182 516 554 678}
{182 516 554 735}
{182 516 678 1085}
{182 516 735 740}
{182 535 552 553 554}
{182 553 554 678 681}
{182 553 554 735 741}
{182 572 574 578 581}
{182 578 581 582 584}
{182 635 636 641}
{182 635 637 641 643}
{182 635 639 640 641}
{182 636 641 646}
{182 636 754 1024}
{182 636 1024 1335}
{182 640 641 646 647}
{182 641 643 646 651}
{182 754 824 1024 1025}
{182 754 1023 1024 1391}
{182 1016 1017 1355 1401}
{182 1017 1028 1355 1360}
{182 1023 1024 1335 1390}
{182 1024 1025 1335 1343}
{185 525 578 581}
{190 199 211 217 893}
{193 194 195 196 197}
{193 195 197 212}
{193 195 197 947}
{193 196 197 948 1451}
{193 197 212 248}
{193 197 848 849}
{193 197 848 948}
{193 197 947 948}
{193 197 947 955}
{193 197 947 956}
{193 848 940 948}
{193 939 940 946 947 948}
{193 940 948 1451}
{195 197 209 947 959}
{195 197 212 236 258}
{195 197 258 947 968}
{195 197 315 947}
{197 236 250 258}
{197 236 258 968 975}
{197 236 826 975 1193}
{197 315 654 947}
{197 315 947 951}
{197 315 947 955}
{197 315 947 961}
{197 315 947 969}
{197 506 507 654 923}
{197 506 781 923}
{197 506 826 834 848}
{197 506 848 923 948}
{197 507 539 654 695}
{197 507 543 544}
{197 507 543 654}
{197 539 695 696}
{197 539 695 968 975}
{197 539 826 834 975}
{197 543 546 654 655}
{197 543 546 959 1418}
{197 543 654 947}
{197 543 943 959}
{197 543 943 1499}
{197 543 947 959}
{197 543 947 961}
{197 543 947 964}
{197 654 695 947 968}
{197 654 923 947 948}
{197 803 826 848 929}
{197 803 826 943 945}
{197 803 826 1185}
{197 826 834 1185}
{197 826 848 849}
{197 826 848 944}
{197 826 943 944}
{197 826 943 1499}
{197 826 944 975}
{197 826 975 1302}
{197 826 1185 1193}
{197 826 1185 1358}
{197 848 929 948 952}
{197 929 951 952 1013}
{197 929 952 1346}
{197 943 945 959 960}
{197 945 951 960 1013}
{197 945 960 1322}
{197 947 948 950}
{197 947 948 951 952}
{197 947 950 956}
{197 947 950 959}
{197 947 950 964}
{197 947 950 968}
{197 947 950 970}
{197 947 951 959 960}
{197 947 951 965}
{197 947 965 968}
{197 947 965 969}
{197 947 965 970}
{197 951 965 1013}
{197 951 965 1274 1315}
{197 965 968 975}
{197 965 968 1274 1363}
{197 965 975 1302}
{197 965 1013 1276}
{199 273 274 276 893}
{199 574 581 582 924}
{199 640 641 643 924}
{199 1016 1017 1027 1028}
{199 1023 1024 1025 1027}
{201 207 431 432 433 434}
{201 207 838 839 843 844}
{201 432 434 435}
{201 842 843 844}
{207 241 431 433 446 447}
{207 241 925 926 1311 1419}
{207 431 433 451}
{207 431 451 453}
{219 226 235 237 244}
{219 226 235 487}
{219 226 235 1051 1053}
{219 235 487 498}
{226 227 233 235}
{226 227 235 244 245}
{226 227 235 487}
{226 227 235 1035 1053}
{226 235 487 491 492}
{227 233 235 304}
{227 233 235 377}
{227 233 235 393}
{227 233 235 499}
{227 233 235 1041}
{227 235 245 297}
{227 235 245 303 304}
{227 235 245 380}
{227 235 297 387}
{227 235 297 485}
{227 235 297 486}
{227 235 297 1035}
{227 235 297 1036}
{227 235 304 485 614}
{227 235 304 1034}
{227 235 377 380}
{227 235 377 485 488}
{227 235 377 1035 1045}
{227 235 380 387}
{227 235 380 393}
{227 235 485 487}
{227 235 486 487}
{227 235 487 499}
{227 235 1034 1035}
{227 235 1034 1036}
{227 235 1034 1041}
{235 237 238 244}
{235 237 239 244 245}
{235 239 245 278 303}
{235 239 245 380}
{235 239 380 383}
{235 245 379 380 391}
{235 277 278 303 304}
{235 277 304 607 614}
{235 277 304 1034}
{235 277 1034 1040}
{235 278 303 305}
{235 304 1034 1037 1039}
{235 375 377 380}
{235 375 377 482 488}
{235 375 377 1044 1045}
{235 375 380 394}
{235 377 379 380 390}
{235 481 482 485 488}
{235 481 485 487}
{235 481 485 607 614}
{235 481 487 504}
{235 482 488 489}
{235 485 487 490 492}
{235 607 614 615}
{235 1031 1032 1034}
{235 1032 1034 1035}
{235 1032 1035 1044 1045}
{235 1032 1035 1051 1053}
{235 1034 1035 1037 1038}
{235 1043 1044 1045}
{235 1051 1052 1053}
{239 240 245 380}
{240 245 380 391}
{241 446 447 448}
{241 926 1293 1311}
{253 256 301 354 366}
{253 256 354 356 367}
{253 298 300 354}
{253 300 354 366}
{253 353 354 356}
{253 353 354 366}
{253 353 354 368}
{253 353 354 370}
{253 354 356 357}
{253 354 357 369}
{269 869 1017 1355}
{300 354 366 407 409}
{300 354 366 436 559}
{310 311 354 371 372}
{310 354 372 416 417}
{310 354 372 425}
{310 354 425 538}
{311 313 354 371}
{311 354 356 357 371}
{315 318 480 654 946 947}
{315 318 946 947 951 953}
{332 333 352 398}
{332 333 352 412 418 558}
{332 336 352 354 355}
{332 352 354 398}
{332 352 354 412 558}
{332 354 398 424}
{333 352 398 415}
{333 418 439 463 860 1136}
{336 337 354 355}
{336 354 355 356 357}
{348 352 353 354}
{348 353 354 366}
{348 353 354 368}
{348 353 354 372}
{348 353 354 422}
{348 353 354 564}
{352 353 354 355 356}
{352 353 354 398}
{352 353 354 557 558}
{352 354 398 404 415}
{353 354 356 359}
{353 354 356 371 372}
{353 354 359 370}
{353 354 359 406}
{353 354 359 444}
{353 354 359 557}
{353 354 359 560}
{353 354 366 406 407}
{353 354 366 557 559}
{353 354 372 406 416}
{353 354 372 425}
{353 354 398 406}
{353 354 398 422}
{353 354 398 444}
{353 354 425 557}
{353 354 425 560}
{353 354 425 564}
{354 372 425 430 537}
{354 398 404 406 414}
{354 398 406 408}
{354 398 408 443}
{354 406 407 408 409}
{354 406 408 416 417}
{354 407 409 410}
{354 412 413 558}
{354 412 419 557 558}
{354 416 417 420}
{354 419 425 429}
{354 419 425 557}
{354 419 436 557 559}
{354 425 426 430 557}
{354 436 438 559}
{412 413 418 558}
{412 418 419 421 557 558}
{418 421 860 863 1136 1137}
{418 859 860 1136}
{419 421 425 557}
{419 421 436 437 557 559}
{421 425 426 557}
{421 437 984 985 1383 1490}
{436 437 438 559}
{437 827 985 1383}
{473 474 475 493 494 496}
{474 475 493 496 978 979 1004 1009}
{474 493 508 541 1126 1146}
{474 493 978 1004 1125 1126 1146 1209}
{474 512 520 541 1119 1146}
{474 512 754 824 1024 1025}
{474 512 989 1004 1023 1024 1025 1027}
{474 512 989 1004 1114 1119 1146 1209}
{474 1004 1133 1134 1146 1209}
{475 476 480 496 501 502}
{475 480 496 502 940 946 979 1009}
{477 478 479 528 529 532}
{477 478 517 519 526 527 528 529}
{477 478 519 527 1015 1021 1029 1030}
{477 478 528 529 657 723}
{477 478 528 529 914 974 1055 1056}
{477 478 657 658}
{477 478 763 876 914 973 974 994}
{477 479 528 532 611 734}
{477 479 528 532 652 677}
{477 526 527 528 608 652 675 677}
{477 526 527 528 666 668}
{477 526 527 528 738 746}
{477 527 608 652 825 830 832 1026}
{477 527 746 998}
{477 528 570 650 652 677 725 878}
{477 528 580 611 650 724 725 734}
{477 528 611 734 738 746}
{477 528 611 734 866 914 1055 1103}
{477 528 650 657 723 725}
{477 528 650 666 668 725}
{477 528 652 677 934 1072}
{477 528 666 668 914 1055}
{477 528 914 934 1055 1072}
{477 570 648 650 652 814 818 876}
{477 580 611 650 1018 1021 1316 1318}
{477 611 746 998}
{477 611 839 840 844 866 914 1026}
{477 650 657 658}
{477 652 934 1022}
{477 914 934 1022}
{478 515 517 519 529 535}
{478 519 1015 1029 1067 1104}
{478 529 535 723}
{478 529 535 974 1056 1058}
{478 529 723 745}
{478 763 764 973 974 1485}
{480 502 506 507 654 923}
{480 502 654 923 940 946 947 948}
{480 507 539 550 654 695}
{480 507 543 654}
{480 543 654 655}
{480 543 654 946 947 962}
{480 549 550 577 633 634}
{480 550 577 634 946 967 1003 1008}
{480 550 654 695 946 947 967 968}
{480 946 962 990}
{493 494 496 816}
{493 494 496 978 979 1479}
{493 508 509 1126}
{493 508 978 1076 1125 1126}
{496 501 502 816}
{496 501 502 940 979 1493}
{502 506 781 923}
{502 506 848 923 940 948}
{508 509 1073 1126}
{508 523 541 545 1073}
{508 541 1073 1126 1146}
{508 1073 1076 1125 1126}
{511 534 597 598 618 620 686 687}
{511 534 597 620 640 641 643 924}
{511 534 640 641 646 647}
{511 534 686 687 688 689}
{511 597 598 610 686 688}
{511 597 641 643 646 651}
{511 636 641 646}
{511 686 688 711}
{512 520 521 1119}
{512 520 989 1113 1114 1119}
{512 636 754 1024}
{512 754 989 1023 1024 1391}
{513 534 566 616 618 620 687 690}
{513 534 566 620 896 927 983 988}
{513 534 687 689 690 691}
{513 534 983 988 1313 1505}
{513 566 609 616 690 691}
{513 566 927 988 1313 1314}
{513 690 691 707}
{513 987 988 1313}
{515 516 517 518}
{515 516 517 522 526}
{515 516 517 529 535}
{515 517 518 519}
{515 517 519 522 526 527}
{516 517 526 528 529}
{516 522 523 555 676}
{516 522 523 664}
{516 522 523 749}
{516 522 526 675 676}
{516 522 526 738}
{516 522 738 749}
{516 523 536 545}
{516 523 536 548}
{516 523 536 555}
{516 523 548 718 726}
{516 523 548 1059 1102}
{516 523 555 718 875}
{516 523 664 718}
{516 523 664 1059}
{516 523 718 722}
{516 523 1059 1087}
{516 526 528 668}
{516 526 528 675 677}
{516 526 528 738}
{516 526 738 739 748}
{516 528 529 532}
{516 528 529 723}
{516 528 529 1055 1056}
{516 528 532 677}
{516 528 532 734}
{516 528 532 736}
{516 528 532 743}
{516 528 532 1090}
{516 528 668 725}
{516 528 668 737}
{516 528 668 747}
{516 528 668 1055}
{516 528 668 1081}
{516 528 677 725 878}
{516 528 677 1072}
{516 528 723 725}
{516 528 723 736}
{516 528 723 737}
{516 528 724 725 734}
{516 528 734 738}
{516 528 734 1055 1103}
{516 528 738 743}
{516 528 738 747}
{516 528 1055 1072}
{516 528 1072 1081}
{516 528 1072 1090}
{516 529 535 723}
{516 529 535 1056 1058}
{516 529 723 731 745}
{516 535 723 728}
{516 675 676 677 678}
{516 675 676 679}
{516 677 678 875 878}
{516 677 678 1072}
{516 677 1072 1075 1091}
{516 678 1072 1085}
{516 718 722 723}
{516 718 723 725}
{516 718 724 725 726}
{516 718 725 875 878}
{516 723 725 731 742}
{516 724 726 727}
{516 724 726 734 735}
{516 734 735 738}
{516 734 735 1102 1103}
{516 734 738 739 751}
{516 735 738 740}
{516 875 878 879}
{516 1055 1056 1058 1059}
{516 1055 1059 1072}
{516 1055 1059 1102 1103}
{516 1055 1072 1075 1084}
{516 1056 1058 1063}
{516 1059 1072 1087}
{516 1102 1103 1108}
{519 527 1029 1030 1104 1105}
{519 859 1029 1104}
{520 521 1073 1119}
{520 523 541 548 1073}
{520 541 1073 1119 1146}
{520 1073 1113 1114 1119}
{522 523 663 664 665}
{522 526 527 608 675 676}
{522 526 527 738}
{523 536 545 589}
{523 536 545 1073}
{523 536 545 1142}
{523 536 548 589}
{523 536 548 1073}
{523 536 548 1142}
{523 536 555 589}
{523 536 555 1073}
{523 536 555 1142}
{523 540 541 1131 1132}
{523 540 542 1131}
{523 541 556 1073}
{523 541 1073 1132}
{523 542 575 577}
{523 542 575 594}
{523 542 577 634}
{523 542 577 1008}
{523 542 593 594}
{523 542 594 595}
{523 542 663 665}
{523 542 665 719}
{523 542 665 1088}
{523 542 702 704}
{523 542 702 705}
{523 542 702 706}
{523 542 782 1005}
{523 542 915 932}
{523 542 915 1005}
{523 542 925 926}
{523 542 926 1002}
{523 542 926 1293}
{523 542 932 935}
{523 542 932 936}
{523 542 938 1298}
{523 542 1005 1006}
{523 542 1060 1131}
{523 542 1130 1131}
{523 542 1229 1230}
{523 542 1230 1233}
{523 542 1230 1347}
{523 542 1293 1298}
{523 542 1298 1299}
{523 545 589 590 766}
{523 545 589 610 761}
{523 545 1073 1080 1121}
{523 545 1140 1142 1165}
{523 545 1142 1147 1160}
{523 548 1057 1061 1073}
{523 548 1142 1160 1250}
{523 548 1142 1373 1387}
{523 549 575 577}
{523 549 577 633 634}
{523 549 577 1008 1380}
{523 555 589 609 691}
{523 555 589 610 688}
{523 555 1142 1165 1221}
{523 555 1142 1373 1374}
{523 575 577 631}
{523 575 594 752}
{523 575 594 757}
{523 577 631 634 638}
{523 577 631 1008 1378}
{523 589 590 703}
{523 589 590 717}
{523 589 609 703}
{523 589 609 786}
{523 589 610 632}
{523 589 610 703}
{523 590 702 703 704}
{523 593 594 752 755}
{523 593 594 756 757}
{523 594 595 674 752}
{523 594 595 757 758}
{523 609 702 703 705}
{523 610 702 703 706}
{523 664 665 718 719}
{523 664 665 1059 1088}
{523 782 783 1005 1138}
{523 782 784 1005 1194}
{523 915 932 1050}
{523 915 932 1096}
{523 915 1005 1138}
{523 915 1005 1194}
{523 925 926 1310 1432}
{523 925 926 1311 1419}
{523 926 1002 1308 1311}
{523 926 1002 1309 1310}
{523 926 1293 1310}
{523 926 1293 1311}
{523 932 935 1050 1069}
{523 932 935 1096 1097}
{523 932 936 1050 1098}
{523 932 936 1096 1099}
{523 938 1066 1298 1394}
{523 938 1100 1298 1398}
{523 1005 1006 1138 1182}
{523 1005 1006 1194 1195}
{523 1060 1061 1131 1132}
{523 1061 1073 1129}
{523 1061 1073 1132}
{523 1073 1121 1132}
{523 1073 1121 1273}
{523 1121 1130 1131 1132}
{523 1142 1160 1228}
{523 1142 1160 1242}
{523 1142 1165 1228}
{523 1142 1165 1260}
{523 1142 1228 1373}
{523 1142 1373 1392}
{523 1160 1228 1230 1233}
{523 1165 1228 1229 1230}
{523 1228 1230 1347 1373}
{523 1293 1298 1394}
{523 1293 1298 1398}
{523 1298 1299 1394 1397}
{523 1298 1299 1398 1399}
{525 561 573 574 581 582 585 924}
{525 561 573 585 1172 1175 1197 1199}
{525 572 573 574 578 581}
{525 573 1175 1176 1196 1197}
{525 578 581 582 584 585}
{525 585 1196 1197 1198 1199}
{525 1196 1197 1200}
{526 527 738 748}
{527 608 825 828 829 830}
{531 561 563 585 592 593 594 595}
{531 561 563 585 1172 1199 1428 1437}
{531 563 593 594 756 757}
{531 563 1428 1429 1434 1437}
{531 575 594 757}
{531 585 594 595 757 758}
{531 585 1198 1199 1434 1437}
{531 1434 1436 1437}
{534 601 604 618 620 687}
{534 618 620 685 687 698}
{534 620 698 990}
{534 685 687 689}
{534 685 687 733}
{539 550 695 696}
{539 550 695 967 968 975}
{542 577 634 1003 1008}
{542 592 593 594 595}
{542 592 782 1005 1006}
{542 925 926 1002 1003}
{542 932 935 936 937}
{542 937 938 1298 1299}
{543 898 943 959}
{543 898 946 947 959 962}
{543 898 959 1418}
{549 550 575 577}
{549 550 577 967 1008 1380}
{561 562 563 1400}
{561 562 986 1400}
{561 563 642 648 793 814 818 876}
{561 563 642 793 1172 1237 1428 1440}
{561 563 684 1172 1174 1428}
{561 563 1172 1400 1428 1443}
{561 573 684 1172 1174 1175}
{561 573 763 876 972 973 986 994}
{561 573 918 1000}
{561 573 972 986 1172 1175 1204 1206}
{561 573 1000 1172 1175 1463}
{561 585 998 999}
{561 585 999 1172 1199 1254}
{561 585 1168 1172 1189 1199}
{561 592 624 782 797 986 1005 1006}
{561 624 629 640 641 642 643 924}
{561 624 629 642 1172 1216 1235 1237}
{561 624 684 1172 1174 1216}
{561 624 797 986 1172 1206 1215 1216}
{561 624 998 999}
{561 624 999 1172 1216 1254}
{561 642 918 1000}
{561 642 1000 1172 1237 1463}
{561 642 1168 1172 1189 1237}
{561 986 1168 1172 1189 1206}
{561 986 1172 1206 1400 1443}
{562 566 620 779}
{562 620 662 779}
{563 793 813 814 815 818}
{563 793 1428 1429 1430 1440}
{563 1428 1429 1443}
{563 1428 1443 1447}
{566 609 616 774}
{566 616 618 620 622 699}
{566 616 618 620 774 779}
{566 616 774 787}
{568 586 590 619 766 769}
{568 586 618 619 620 662 769 770}
{568 586 620 662 891 892 894 896}
{568 586 891 894 1502 1503}
{568 662 766 769 770 771}
{568 662 891 892 1503 1504}
{568 766 769 799}
{568 842 891 1503}
{570 648 649 652 818 820}
{570 650 718 725 875 878}
{570 650 814 818 819 820}
{570 652 677 678 875 878}
{570 816 818 820}
{570 875 878 879}
{573 760 763 972 973 1481}
{573 972 1175 1176 1204 1205}
{573 1175 1176 1463}
{573 1175 1463 1476}
{580 611 724 726 734 735}
{580 611 1018 1065 1316 1408}
{580 650 718 724 725 726}
{580 650 1316 1318 1408 1411}
{580 724 726 727}
{580 1316 1317 1408}
{585 1198 1199 1254}
{585 1199 1254 1266}
{586 590 619 685}
{586 618 619 620 622 699}
{586 618 619 620 685 698}
{586 619 685 720}
{586 620 698 990}
{589 590 619 685}
{589 590 619 766 769}
{589 590 685 717}
{589 591 599 618 619}
{589 598 610 686 688}
{589 598 610 761 772}
{589 598 618 622}
{589 598 618 686 687}
{589 598 618 770 772}
{589 599 601 618}
{589 599 605 616 618}
{589 600 601 618}
{589 601 618 687}
{589 601 618 692}
{589 601 618 770}
{589 601 618 776}
{589 609 616 690 691}
{589 609 616 774}
{589 609 774 786}
{589 616 618 622}
{589 616 618 687 690}
{589 616 618 774}
{589 616 774 787 788}
{589 618 619 622}
{589 618 619 685}
{589 618 619 769 770}
{589 618 621 622}
{589 618 622 697}
{589 618 622 780}
{589 618 685 687}
{589 618 685 692}
{589 618 685 697}
{589 618 770 774}
{589 618 774 776}
{589 618 774 780}
{589 619 685 720 721}
{589 685 687 689}
{589 685 687 721 733}
{589 685 689 729}
{589 686 687 688 689}
{589 686 688 711}
{589 687 689 690 691}
{589 690 691 707}
{589 761 770 771 772}
{589 761 772 800}
{589 766 769 770 771}
{589 766 769 799}
{589 770 771 774}
{589 770 774 788 798}
{589 771 774 796}
{597 598 610 701 761 772}
{597 598 618 620 622 699}
{597 598 618 620 662 701 770 772}
{597 620 662 701 991 993 995 996}
{597 701 993 996 1337 1338}
{601 604 618 620 662 770}
{608 652 675 676 677 678}
{608 652 825 828 831 832}
{608 675 676 679}
{608 825 827 828}
{611 734 735 738}
{611 734 735 866 1102 1103}
{611 734 738 751}
{611 840 844 858 861 866}
{618 620 662 770 774 779}
{624 629 635 637 641 643}
{624 629 1211 1216 1231 1235}
{624 782 784 797 1005 1194}
{624 797 1211 1212 1215 1216}
{624 1211 1216 1254}
{624 1216 1254 1265}
{629 635 636 641}
{629 635 639 640 641 642}
{629 642 1231 1232 1235 1237}
{629 1231 1235 1236}
{636 857 1024 1335}
{642 648 661 793 815 818}
{642 793 1232 1237 1430 1440}
{642 1232 1237 1463}
{642 1237 1463 1474}
{650 718 723 725}
{650 723 725 742}
{652 677 678 1072}
{652 677 1072 1091}
{662 701 761 770 771 772}
{662 701 995 996 1337 1461}
{662 770 771 774}
{662 770 774 798}
{701 761 772 800}
{701 996 1317 1337}
{790 906 907 919 932 935 936 937}
{790 906 907 919 1538 1552 1553 1590}
{790 907 932 936 1050 1098}
{790 907 1516 1538 1589 1590}
{790 915 932 1050}
{790 919 932 935 1050 1069}
{790 919 1549 1552 1589 1590}
{790 1589 1590 1591}
{793 815 816 818}
{793 1430 1439 1440}
{797 915 1005 1194}
{797 986 1005 1006 1194 1195}
{797 986 1206 1207 1212 1215}
{797 1212 1215 1217}
{803 826 1140 1141 1142}
{803 826 1142 1185}
{803 826 1142 1221 1222}
{803 826 1173 1185}
{803 826 1173 1207 1212}
{803 826 1173 1231 1232}
{803 826 1185 1515}
{807 811 906 907 1015 1021 1029 1030}
{807 811 906 907 1512 1538 1553 1561}
{807 811 1015 1029 1070 1092}
{807 811 1509 1512 1514 1561}
{807 859 1029 1092}
{807 907 1029 1030 1092 1107}
{807 907 1512 1514 1516 1538}
{807 1512 1513 1514}
{811 812 880 906}
{811 869 906 920 1016 1017 1027 1028}
{811 869 906 920 1542 1553 1561 1599}
{811 869 1016 1017 1355 1401}
{811 869 1509 1511 1561 1599}
{811 880 906 1553 1561 1593}
{811 906 1300 1553 1556 1561}
{811 1509 1561 1593}
{811 1561 1593 1596}
{812 880 890 906}
{825 826 827 828}
{825 826 827 835}
{825 826 827 887}
{825 826 828 829 830}
{825 826 828 831 832}
{825 826 830 835 837}
{825 826 830 887}
{825 826 832 835 836}
{825 826 832 887}
{825 830 832 887 1026}
{826 827 887 985}
{826 827 985 1284}
{826 827 985 1383}
{826 834 1141 1142 1147}
{826 834 1142 1185}
{826 834 1142 1250 1269}
{826 834 1173 1185}
{826 834 1185 1515}
{826 834 1515 1516 1589}
{826 834 1515 1537 1566}
{826 838 839 843 844}
{826 839 844 861 912}
{826 839 844 887}
{826 840 841 843 844}
{826 840 844 858 861}
{826 840 844 887}
{826 842 843 844}
{826 842 844 861}
{826 842 844 887}
{826 842 887 891}
{826 842 891 1503}
{826 842 891 1532}
{826 848 941 944 982}
{826 887 891 892}
{826 887 891 894}
{826 887 927 988}
{826 887 941 942}
{826 887 941 976}
{826 887 941 982}
{826 887 983 988}
{826 887 984 985}
{826 887 985 1020}
{826 887 987 988}
{826 887 987 1001}
{826 887 997 1001}
{826 887 1001 1014}
{826 887 1143 1144}
{826 887 1143 1225}
{826 887 1143 1270}
{826 887 1183 1202}
{826 887 1183 1210}
{826 887 1183 1460}
{826 887 1520 1522}
{826 887 1522 1578}
{826 887 1522 1586}
{826 891 892 1503 1504}
{826 891 892 1532 1588}
{826 891 894 1502 1503}
{826 891 894 1532 1533}
{826 927 988 1313 1314}
{826 927 988 1529 1535}
{826 941 942 943 944}
{826 941 944 975 976}
{826 983 988 1313 1505}
{826 983 988 1535 1573}
{826 984 985 1284 1492}
{826 984 985 1383 1490}
{826 985 1020 1284 1385}
{826 985 1020 1383 1384}
{826 987 988 1313}
{826 987 988 1535}
{826 987 1001 1248}
{826 987 1001 1296}
{826 997 1001 1248 1424}
{826 997 1001 1296 1425}
{826 1001 1014 1245 1248}
{826 1001 1014 1292 1296}
{826 1141 1142 1145}
{826 1141 1142 1379}
{826 1141 1143 1144 1145}
{826 1142 1145 1222}
{826 1142 1145 1269}
{826 1142 1185 1193}
{826 1142 1185 1358}
{826 1142 1222 1249}
{826 1142 1222 1358 1374}
{826 1142 1269 1277}
{826 1142 1269 1358 1387}
{826 1143 1145 1222 1225}
{826 1143 1145 1269 1270}
{826 1173 1184 1198}
{826 1173 1184 1207}
{826 1173 1184 1232}
{826 1173 1185 1193}
{826 1173 1185 1358}
{826 1173 1193 1196 1198}
{826 1173 1193 1205 1207}
{826 1173 1198 1259}
{826 1173 1198 1358 1434}
{826 1173 1207 1444}
{826 1173 1232 1358 1430}
{826 1173 1232 1469}
{826 1183 1184 1198 1202}
{826 1183 1184 1207 1210}
{826 1183 1184 1232 1460}
{826 1185 1193 1515}
{826 1185 1358 1515}
{826 1193 1511 1515 1524}
{826 1193 1514 1515 1516}
{826 1358 1515 1524 1545}
{826 1358 1515 1537 1540}
{826 1515 1516 1521}
{826 1515 1516 1572}
{826 1515 1521 1524}
{826 1515 1521 1537}
{826 1515 1524 1579}
{826 1515 1537 1592}
{826 1516 1520 1521 1522}
{826 1521 1522 1524 1586}
{826 1521 1522 1537 1578}
{827 977 985 1284}
{839 840 844 887 1026}
{839 844 861 866 912 914}
{842 844 861 866}
{842 856 891 1532}
{848 929 940 948 952 954}
{851 852 881 883 1496 1526}
{851 852 1032 1035 1051 1053}
{851 883 910 1526}
{851 1051 1052 1053}
{852 856 891 892 1532 1588}
{852 856 1032 1035 1044 1045}
{852 1032 1034 1035}
{852 1034 1035 1038}
{856 1043 1044 1045}
{857 890 906 919 1023 1024 1025 1027}
{857 890 906 919 1552 1553 1565 1567}
{857 890 1023 1024 1335 1390}
{857 890 1537 1565 1566 1567}
{857 919 1024 1025 1335 1343}
{857 919 1549 1552 1565 1566}
{857 1565 1566 1568}
{859 860 865 1157}
{860 863 865 871 1157 1163}
{865 871 1140 1141 1148 1150}
{865 1140 1150 1152}
{866 914 1055 1059 1102 1103}
{866 1102 1103 1108}
{868 871 881 883 1497 1531}
{868 871 1141 1147 1148 1151}
{868 883 910 1531}
{868 1147 1151 1154}
{869 920 1017 1028 1355 1360}
{869 920 1511 1524 1542 1599}
{869 1511 1595 1599}
{871 1141 1148 1366}
{871 1148 1366 1369}
{880 890 906 1553 1567 1593}
{887 891 892 894 896}
{887 896 927 983 988}
{887 984 985 1019 1020}
{887 997 1001 1014 1019}
{890 906 1018 1021 1288 1290 1316 1318}
{890 906 1288 1290 1553 1562 1567 1574}
{890 906 1539 1543 1553 1567}
{890 1018 1071 1290 1316 1413}
{890 1290 1537 1540 1567 1574}
{890 1537 1567 1593}
{890 1567 1593 1598}
{898 905 925 926 946 953 1002 1003}
{898 905 925 926 1310 1432}
{898 905 943 945 959 960}
{898 905 946 947 951 953 959 960}
{898 946 947 949 950 959}
{898 946 962 990}
{899 908 911 1004}
{899 909 989 997 1001 1004 1014 1019}
{899 909 989 1004 1114 1115 1209 1213}
{899 909 1001 1014 1245 1248}
{899 909 1057 1061 1115 1213}
{899 911 1004 1054 1209 1213}
{899 1004 1133 1134 1209 1213}
{899 1054 1061 1213}
{899 1054 1171 1213}
{905 926 953 1002 1309 1310}
{905 926 1293 1310}
{905 945 951 953 960 1013}
{905 945 960 1322}
{906 907 908 1559}
{906 907 1538 1539 1543 1553}
{906 907 1538 1553 1558 1559}
{906 908 1288 1559}
{906 919 921 1022}
{906 919 921 1552 1553 1575}
{906 919 1300 1552 1553 1556}
{906 920 921 1022}
{906 920 921 1542 1553 1575}
{906 920 937 938 1287 1288 1298 1299}
{906 920 1287 1288 1542 1553 1562 1570}
{906 920 1539 1542 1543 1553}
{906 1288 1300 1553 1556 1562}
{906 1288 1553 1558 1559 1562}
{907 1516 1538 1558}
{907 1538 1558 1564}
{908 911 978 1004}
{909 987 1001 1248}
{909 989 997 1001 1248 1424}
{909 989 1057 1113 1114 1115}
{909 1057 1115 1192}
{910 972 973 1481}
{910 973 974 1485}
{911 978 1004 1054 1125 1209}
{914 973 974 994 1485 1486}
{914 974 1055 1056 1058 1059}
{914 1055 1059 1072}
{914 1055 1072 1084}
{919 1549 1552 1575}
{919 1552 1575 1580}
{920 938 1066 1287 1298 1394}
{920 1287 1524 1542 1545 1570}
{920 1524 1542 1575}
{920 1542 1575 1581}
{929 951 952 953 954 1013}
{929 952 954 1346}
{939 940 946 980}
{940 946 947 948 949 950}
{940 946 947 948 951 952 953 954}
{940 946 953 954 991 993 995 996}
{940 954 995 996 1330 1462}
{946 947 949 950 967 968}
{946 947 951 953 965 966}
{946 947 965 966 967 968}
{946 953 966 1010}
{946 966 967 1010}
{951 953 965 1013}
{951 953 965 1315}
{953 954 993 996 1330 1334}
{954 996 1317 1330}
{965 967 968 975}
{965 967 968 1363}
{972 973 986 994 1481 1483}
{972 986 1204 1205 1206 1207}
{972 1204 1205 1208}
{974 1056 1058 1063}
{977 978 984 985 1004 1007 1019 1020}
{977 978 984 985 1284 1492}
{977 978 1004 1007 1123 1124 1125 1209}
{977 978 1076 1080 1124 1125}
{977 985 1007 1020 1284 1385}
{977 1007 1080 1121 1123 1124}
{977 1080 1124 1421}
{978 1004 1109 1110 1125 1209}
{978 1054 1076 1125}
{978 1054 1125 1426}
{986 1206 1207 1443}
{986 1206 1443 1446}
{989 1004 1010 1011}
{989 1004 1011 1114 1120 1209}
{989 1004 1109 1110 1114 1209}
{989 1113 1114 1120}
{989 1114 1120 1395}
{1004 1007 1010 1011}
{1004 1007 1011 1120 1123 1209}
{1004 1007 1123 1133 1134 1209}
{1007 1120 1121 1123}
{1007 1120 1123 1362}
{1054 1061 1073 1129}
{1054 1061 1073 1213}
{1054 1073 1076 1082}
{1054 1073 1076 1125}
{1054 1073 1083 1125 1426}
{1054 1073 1083 1171 1213}
{1054 1073 1125 1209}
{1054 1073 1127 1209}
{1054 1073 1209 1213}
{1054 1073 1209 1214}
{1057 1061 1073 1115 1213}
{1057 1073 1113 1114 1115}
{1057 1073 1115 1192}
{1073 1076 1080 1124 1125}
{1073 1080 1121 1123 1124}
{1073 1080 1124 1421}
{1073 1109 1111 1209}
{1073 1109 1114 1209}
{1073 1109 1116 1209}
{1073 1109 1122 1209}
{1073 1109 1125 1209}
{1073 1109 1127 1209}
{1073 1111 1112 1123 1209}
{1073 1111 1118 1209 1213}
{1073 1113 1114 1120}
{1073 1113 1120 1319}
{1073 1114 1115 1209 1213}
{1073 1114 1119 1146 1209}
{1073 1114 1120 1209}
{1073 1114 1120 1272 1395}
{1073 1120 1121 1123}
{1073 1120 1121 1273}
{1073 1120 1122 1209}
{1073 1120 1123 1209}
{1073 1120 1123 1272 1362}
{1073 1120 1139 1209}
{1073 1123 1124 1125 1209}
{1073 1123 1133 1209}
{1073 1125 1126 1146 1209}
{1073 1133 1139 1209}
{1073 1133 1146 1209}
{1073 1133 1156 1209}
{1073 1133 1209 1213}
{1073 1133 1209 1214}
{1140 1141 1142 1148 1150}
{1140 1142 1150 1152}
{1140 1142 1150 1162 1165}
{1141 1142 1147 1148 1151}
{1141 1142 1148 1366}
{1141 1142 1366 1379}
{1142 1147 1151 1154}
{1142 1147 1151 1155 1160}
{1142 1148 1149 1161}
{1142 1148 1150 1161 1162}
{1142 1148 1151 1155 1161}
{1142 1148 1161 1366}
{1142 1148 1366 1367 1369}
{1142 1149 1161 1220}
{1142 1149 1161 1224}
{1142 1149 1161 1240}
{1142 1149 1161 1268}
{1142 1149 1161 1382}
{1142 1155 1160 1219}
{1142 1155 1160 1250 1251}
{1142 1155 1161 1219}
{1142 1155 1161 1227}
{1142 1155 1161 1240 1251}
{1142 1155 1219 1246 1247}
{1142 1160 1219 1242}
{1142 1161 1162 1223 1224}
{1142 1161 1162 1227}
{1142 1161 1162 1243}
{1142 1161 1219 1220}
{1142 1161 1219 1224}
{1142 1161 1219 1226}
{1142 1161 1224 1370 1375}
{1142 1161 1226 1227}
{1142 1161 1227 1267}
{1142 1161 1227 1370}
{1142 1161 1227 1372}
{1142 1161 1240 1243}
{1142 1161 1240 1370 1388}
{1142 1161 1243 1267}
{1142 1161 1243 1268}
{1142 1161 1366 1370}
{1142 1161 1366 1372}
{1142 1161 1366 1382}
{1142 1162 1165 1221 1223}
{1142 1162 1165 1243}
{1142 1162 1241 1243 1264}
{1142 1165 1243 1260}
{1142 1219 1222 1224}
{1142 1219 1222 1249}
{1142 1219 1224 1247 1255}
{1142 1221 1222 1223 1224}
{1142 1221 1223 1257}
{1142 1222 1224 1374 1375}
{1142 1239 1240 1241 1243}
{1142 1240 1243 1269}
{1142 1240 1250 1251 1269}
{1142 1240 1269 1387 1388}
{1142 1243 1269 1277}
{1142 1250 1251 1252}
{1142 1366 1367 1370 1371}
{1142 1366 1370 1373}
{1142 1366 1373 1392}
{1142 1370 1373 1374 1375}
{1142 1370 1373 1387 1388}
{1142 1374 1375 1376}
{1142 1387 1388 1389}
{1172 1173 1174 1175}
{1172 1173 1174 1216}
{1172 1173 1174 1263}
{1172 1173 1174 1428}
{1172 1173 1174 1449}
{1172 1173 1174 1473}
{1172 1173 1175 1197 1199}
{1172 1173 1175 1204 1206}
{1172 1173 1175 1463}
{1172 1173 1189 1199}
{1172 1173 1189 1206}
{1172 1173 1189 1237}
{1172 1173 1189 1258}
{1172 1173 1189 1445}
{1172 1173 1189 1468}
{1172 1173 1199 1254}
{1172 1173 1199 1428 1437}
{1172 1173 1206 1215 1216}
{1172 1173 1206 1443}
{1172 1173 1216 1235 1237}
{1172 1173 1216 1254}
{1172 1173 1237 1428 1440}
{1172 1173 1237 1463}
{1172 1173 1254 1258}
{1172 1173 1254 1263}
{1172 1173 1428 1443}
{1172 1173 1443 1445}
{1172 1173 1443 1449}
{1172 1173 1463 1468}
{1172 1173 1463 1473}
{1173 1175 1176 1196 1197}
{1173 1175 1176 1204 1205}
{1173 1175 1176 1463}
{1173 1175 1463 1464 1476}
{1173 1176 1463 1472}
{1173 1196 1197 1198 1199}
{1173 1196 1197 1200}
{1173 1198 1199 1254}
{1173 1198 1199 1434 1437}
{1173 1198 1254 1259}
{1173 1199 1254 1256 1266}
{1173 1204 1205 1206 1207}
{1173 1204 1205 1208}
{1173 1206 1207 1212 1215}
{1173 1206 1207 1443}
{1173 1206 1441 1443 1446}
{1173 1207 1443 1444}
{1173 1211 1212 1215 1216}
{1173 1211 1216 1231 1235}
{1173 1211 1216 1254}
{1173 1211 1254 1262}
{1173 1212 1215 1217}
{1173 1216 1254 1256 1265}
{1173 1231 1232 1235 1237}
{1173 1231 1235 1236}
{1173 1232 1237 1430 1440}
{1173 1232 1237 1463}
{1173 1232 1463 1469}
{1173 1237 1463 1464 1474}
{1173 1428 1429 1430 1440}
{1173 1428 1429 1434 1437}
{1173 1428 1429 1443}
{1173 1428 1441 1443 1447}
{1173 1429 1443 1450}
{1173 1430 1439 1440}
{1173 1434 1436 1437}
{1287 1288 1298 1299 1394 1397}
{1287 1288 1545 1562 1569 1570}
{1287 1293 1298 1394}
{1287 1545 1546 1570}
{1288 1290 1316 1318 1413 1414}
{1288 1290 1540 1562 1569 1574}
{1288 1558 1562 1563}
{1288 1558 1562 1569}
{1290 1316 1317 1413}
{1290 1540 1541 1574}
{1509 1511 1515 1561 1599}
{1509 1512 1514 1515 1561}
{1509 1515 1561 1593}
{1509 1515 1593 1601}
{1511 1515 1524 1542 1599}
{1511 1515 1595 1599}
{1512 1513 1514 1515}
{1512 1514 1515 1516 1538}
{1512 1515 1538 1553 1561}
{1515 1516 1538 1558}
{1515 1516 1538 1589 1590}
{1515 1516 1558 1572}
{1515 1524 1542 1545 1570}
{1515 1524 1542 1575}
{1515 1524 1575 1579}
{1515 1537 1540 1567 1574}
{1515 1537 1565 1566 1567}
{1515 1537 1567 1593}
{1515 1537 1592 1593}
{1515 1538 1539 1553}
{1515 1538 1552 1553 1590}
{1515 1538 1553 1558}
{1515 1538 1558 1560 1564}
{1515 1539 1542 1553}
{1515 1539 1553 1567}
{1515 1539 1553 1571}
{1515 1539 1553 1577}
{1515 1539 1553 1594}
{1515 1540 1541 1574}
{1515 1540 1562 1569 1574}
{1515 1542 1553 1561 1599}
{1515 1542 1553 1562 1570}
{1515 1542 1553 1575}
{1515 1542 1575 1576 1581}
{1515 1545 1546 1570}
{1515 1545 1562 1569 1570}
{1515 1549 1552 1565 1566}
{1515 1549 1552 1575}
{1515 1549 1552 1589 1590}
{1515 1549 1575 1583}
{1515 1552 1553 1556}
{1515 1552 1553 1565 1567}
{1515 1552 1553 1575}
{1515 1552 1575 1576 1580}
{1515 1553 1556 1561}
{1515 1553 1556 1562}
{1515 1553 1556 1584}
{1515 1553 1556 1585}
{1515 1553 1556 1602}
{1515 1553 1558 1562}
{1515 1553 1558 1571}
{1515 1553 1558 1585}
{1515 1553 1561 1593}
{1515 1553 1562 1567 1574}
{1515 1553 1567 1593}
{1515 1553 1575 1577}
{1515 1553 1575 1584}
{1515 1553 1593 1594}
{1515 1553 1593 1602}
{1515 1558 1560 1562 1563}
{1515 1558 1562 1569}
{1515 1558 1569 1587}
{1515 1561 1593 1596 1597}
{1515 1565 1566 1568}
{1515 1567 1593 1597 1598}
{1515 1589 1590 1591}

MAXIMAL_CONES_OF_CLOSURE
{3 405}	# Dimension 2
{3 457}
{3 524}
{3 530}
{3 867}
{19 56}
{19 93}
{19 128}
{19 132}
{19 810}
{29 139}
{29 567}
{29 768}
{29 846}
{29 873}
{38 61}
{38 66}
{38 73}
{38 135}
{38 136}
{56 94}
{57 58}
{57 72}
{58 85}
{58 321}
{58 904}
{58 1328}
{61 113}
{66 109}
{66 120}
{66 143}
{66 201}
{72 129}
{72 173}
{72 268}
{72 904}
{73 109}
{76 247}
{76 449}
{76 455}
{76 458}
{76 465}
{85 87}
{87 115}
{87 904}
{87 922}
{87 958}
{92 93}
{92 321}
{92 392}
{92 810}
{92 1190}
{94 135}
{94 1477}
{94 1478}
{94 1488}
{95 96}
{95 106}
{96 97}
{96 328}
{96 455}
{96 456}
{97 105}
{105 1303}
{105 1381}
{105 1431}
{105 1452}
{106 455}
{106 468}
{106 1304}
{106 1351}
{109 173}
{109 175}
{109 247}
{113 132}
{113 455}
{113 456}
{113 465}
{115 116}
{116 392}
{116 804}
{116 806}
{116 810}
{120 127}
{120 139}
{120 175}
{120 243}
{126 127}
{126 129}
{126 904}
{126 1279}
{126 1280}
{128 131}
{131 328}
{131 810}
{131 1519}
{131 1528}
{136 143}
{143 340}
{143 344}
{143 1456}
{149 405}
{149 449}
{149 455}
{149 468}
{149 823}
{152 268}
{152 458}
{152 821}
{152 845}
{152 847}
{201 243}
{201 344}
{201 1459}
{201 1501}
{241 340}
{241 870}
{241 1286}
{241 1465}
{241 1466}
{418 617}
{418 777}
{418 801}
{418 913}
{418 917}
{437 457}
{437 606}
{437 750}
{437 867}
{437 1304}
{493 571}
{493 680}
{493 714}
{493 902}
{493 917}
{502 795}
{502 809}
{502 846}
{502 850}
{502 886}
{510 511}
{510 512}
{511 1295}
{511 1477}
{511 1480}
{511 1489}
{512 514}
{512 710}
{512 847}
{512 864}
{513 514}
{513 845}
{513 847}
{513 1328}
{513 1345}
{519 750}
{519 777}
{519 867}
{519 900}
{519 901}
{524 525}
{525 768}
{525 867}
{525 1275}
{525 1279}
{530 531}
{531 791}
{531 846}
{531 850}
{531 873}
{550 791}
{550 821}
{550 823}
{550 847}
{550 854}
{567 568}
{568 846}
{568 981}
{568 1459}
{568 1495}
{570 571}
{570 809}
{570 1431}
{570 1433}
{570 1448}
{580 775}
{580 846}
{580 886}
{580 981}
{580 1350}
{606 608}
{608 617}
{608 680}
{608 917}
{608 1153}
{629 710}
{629 714}
{629 789}
{629 855}
{629 917}
{701 775}
{701 888}
{701 1285}
{701 1297}
{701 1364}
{789 790}
{790 794}
{790 804}
{790 913}
{790 917}
{793 795}
{793 847}
{793 854}
{793 864}
{793 902}
{794 797}
{797 853}
{797 888}
{797 958}
{797 963}
{801 807}
{806 807}
{807 810}
{807 1518}
{807 1519}
{851 888}
{851 916}
{851 963}
{851 1167}
{851 1187}
{853 857}
{855 857}
{856 870}
{856 1170}
{856 1186}
{856 1286}
{856 1501}
{857 888}
{857 1285}
{857 1295}
{865 870}
{865 897}
{865 900}
{865 1518}
{865 1527}
{866 888}
{866 1186}
{866 1187}
{866 1297}
{866 1495}
{867 868}
{868 895}
{868 901}
{868 1275}
{868 1278}
{869 870}
{869 1303}
{869 1466}
{869 1527}
{869 1528}
{870 974}
{895 974}
{897 974}
{904 972}
{905 1456}
{905 1471}
{905 1475}
{905 1477}
{905 1488}
{909 1190}
{909 1345}
{909 1477}
{909 1478}
{909 1480}
{916 972}
{922 972}
{954 1350}
{954 1427}
{954 1431}
{954 1448}
{954 1453}
{972 1278}
{972 1280}
{974 1167}
{974 1170}
{977 1153}
{977 1351}
{977 1381}
{977 1431}
{977 1433}
{1287 1427}
{1287 1431}
{1287 1452}
{1287 1465}
{1287 1475}
{1290 1364}
{1290 1453}
{1290 1471}
{1290 1477}
{1290 1489}
{2 478 658}	# Dimension 3
{2 478 765}
{2 650 658}
{2 650 805}
{3 191 631}
{3 631 659}
{7 107 160}
{7 107 249}
{7 160 871}
{7 871 1306}
{9 69 160 893}
{9 477 658 1026}
{9 946 980 1003}
{12 478 658}
{12 478 1307}
{12 650 658}
{12 650 1349}
{15 23 644}
{15 80 730}
{15 644 730}
{17 18 24 25}
{17 25 158 162}
{17 25 494 497}
{17 25 569 820}
{17 25 1282 1485}
{17 25 1291 1526}
{17 1301 1600}
{17 1515 1600}
{18 19 24}
{19 24 26}
{20 21 22}
{20 21 114}
{20 100 108}
{20 100 114}
{21 114 597}
{21 597 1294}
{23 644 657 658}
{24 25 26 27}
{25 27 168 170}
{25 27 494 495}
{25 27 815 817}
{25 27 1305 1531}
{25 27 1327 1481}
{25 39 55 59}
{25 39 60 65}
{25 59 158 159}
{25 59 501 505}
{25 59 792 815}
{25 59 1481 1482}
{25 59 1525 1526}
{25 65 167 168}
{25 65 501 503}
{25 65 808 820}
{25 65 1485 1487}
{25 65 1530 1531}
{27 354 360}
{27 360 365}
{29 224 470}
{29 224 472}
{31 54 202}
{31 54 980}
{31 940 980}
{31 940 1435}
{35 37 330 331}
{35 43 330}
{38 39 55}
{38 39 60}
{43 65 330}
{43 78 320}
{43 79 80}
{43 79 327}
{43 79 459}
{43 220 320}
{50 51 225 232}
{50 51 384 385}
{50 51 471 1136}
{50 51 579 1408}
{50 51 694 1104}
{50 51 700 1337}
{50 785 1177}
{50 1173 1177}
{51 75 77 81}
{51 75 220 221}
{51 81 384 469}
{51 81 1092 1094}
{51 81 1135 1136}
{51 81 1330 1402}
{51 81 1413 1454}
{51 220 395 397}
{51 220 1104 1106}
{51 220 1157 1159}
{51 220 1330 1331}
{51 220 1408 1410}
{51 225 228 229}
{51 228 341 395}
{51 228 1092 1093}
{51 228 1157 1158}
{51 228 1337 1339}
{51 228 1413 1422}
{54 117 118}
{54 117 980}
{58 1296 1404}
{58 1296 1417}
{59 589 732}
{59 656 732}
{62 67 1244}
{62 130 523 1138}
{62 138 523 1096}
{62 180 523 1398}
{62 191 523 631}
{62 242 523 1311}
{62 307 523 752}
{62 1142 1244}
{64 137 140}
{64 137 500}
{64 140 333}
{64 333 362}
{65 330 331}
{67 68 1227 1244}
{69 103 104 884}
{69 150 174 872}
{70 145 382}
{70 145 884}
{70 240 388}
{70 240 884}
{71 123 124}
{71 124 872}
{71 133 134}
{71 133 872}
{72 225 229}
{72 225 232}
{75 76 77}
{75 76 221}
{78 292 320 322}
{79 80 730}
{79 89 399}
{79 89 1073}
{79 179 427}
{79 179 589}
{79 196 197}
{79 196 346}
{79 197 546}
{79 197 1274}
{79 235 379}
{79 235 492}
{79 235 1037}
{79 255 256}
{79 255 1247}
{79 256 354}
{79 327 346}
{79 354 404}
{79 354 430}
{79 378 379}
{79 378 1241}
{79 399 404}
{79 427 492}
{79 430 445}
{79 445 1464}
{79 459 1365}
{79 516 731}
{79 516 739}
{79 516 1075}
{79 546 682}
{79 589 721}
{79 589 788}
{79 626 739}
{79 626 1256}
{79 682 721}
{79 730 731}
{79 788 1442}
{79 1037 1042}
{79 1042 1597}
{79 1073 1083}
{79 1073 1272}
{79 1074 1075}
{79 1074 1576}
{79 1083 1554}
{79 1142 1241}
{79 1142 1247}
{79 1142 1367}
{79 1173 1256}
{79 1173 1441}
{79 1173 1464}
{79 1271 1272}
{79 1271 1274}
{79 1365 1367}
{79 1441 1442}
{79 1515 1560}
{79 1515 1576}
{79 1515 1597}
{79 1554 1560}
{81 1073 1406}
{81 1406 1407}
{87 138 1096}
{87 1096 1101}
{88 89 399}
{88 122 400}
{88 399 400}
{92 1535 1536}
{92 1535 1544}
{94 158 159}
{94 158 162}
{96 466 467}
{96 467 576}
{100 114 597}
{100 597 1368}
{102 811 812}
{102 811 1062}
{102 812 890}
{102 890 1064}
{104 114 620 896}
{104 812 906 937}
{105 271 628}
{105 271 1281}
{106 835 1359}
{106 835 1386}
{107 160 207}
{107 207 246}
{109 341 395}
{109 395 397}
{112 124 323}
{112 124 872}
{112 133 402}
{112 133 872}
{113 167 168}
{113 168 170}
{114 171 188 192}
{116 130 1138}
{116 1138 1181}
{117 940 980}
{117 940 1438}
{119 120 184}
{119 121 182 184}
{120 184 709}
{121 182 200 210}
{121 182 281 282}
{121 182 646 1289}
{121 182 1335 1336}
{121 182 1355 1357}
{121 235 309}
{121 308 309}
{122 140 400 401}
{125 145 373}
{125 145 884}
{125 240 374}
{125 240 884}
{126 200 210}
{126 205 210}
{131 281 282}
{131 281 290}
{137 140 474}
{137 474 822}
{140 150 1004 1019}
{140 333 474}
{143 180 1398}
{143 1398 1405}
{149 307 752}
{149 752 874}
{150 561 592 918}
{151 573 762}
{151 573 918}
{151 642 671}
{151 642 918}
{152 384 385}
{152 384 469}
{160 207 871}
{160 452 1323 1324}
{163 171 188}
{163 179 427}
{163 188 427}
{182 184 316 709}
{182 205 206 210}
{182 206 281 290}
{182 206 466 467}
{182 206 578 588}
{182 206 635 645}
{182 206 753 754}
{182 224 316 472}
{182 224 411 470}
{182 271 316 628}
{182 271 411 1281}
{182 316 467 576}
{182 316 646 885}
{182 316 754 882}
{182 411 565 578}
{182 411 630 635}
{182 411 1326 1335}
{182 411 1355 1356}
{188 192 487}
{188 427 487}
{193 196 346}
{193 263 346}
{193 263 939}
{197 314 315}
{197 314 316}
{197 950 1321}
{197 1321 1358}
{201 843 1498}
{201 843 1547}
{206 349 351}
{206 349 354}
{207 871 1500}
{220 320 322}
{228 235 296}
{228 295 296}
{233 234 308 309}
{233 235 309}
{235 296 297}
{241 242 1311}
{241 1311 1325}
{252 295 296 297}
{253 254 255}
{253 254 257}
{253 255 256}
{254 255 1219}
{254 257 872 928}
{254 928 1219}
{255 1219 1247}
{262 263 294}
{262 263 346}
{262 327 346}
{263 294 939 980}
{312 359 360 365}
{314 315 317 318}
{314 316 317}
{333 474 708}
{348 349 350 351}
{348 349 354}
{354 359 360}
{378 379 380}
{378 380 381}
{378 381 1243}
{378 1241 1243}
{380 381 403}
{381 403 884 889}
{381 889 1243}
{398 399 400}
{398 399 404}
{398 400 401}
{411 516 670}
{411 653 670}
{418 471 1136}
{418 1135 1136}
{421 573 778}
{421 573 918}
{421 642 660}
{421 642 918}
{425 428 442}
{425 430 445}
{425 442 445}
{427 487 492}
{428 442 918 1000}
{437 1383 1455}
{437 1383 1467}
{442 445 1463}
{442 1000 1463}
{445 1463 1464}
{451 452 1323}
{451 459 1365}
{451 1323 1365}
{477 561 876 998}
{477 906 1021 1022}
{479 532 653 670}
{480 533 534}
{480 534 990}
{480 586 715}
{480 586 990}
{493 494 495}
{493 494 497}
{501 502 503}
{501 502 505}
{511 646 885}
{511 646 1289}
{512 753 754}
{512 754 882}
{513 1312 1313}
{513 1313 1341}
{516 532 670}
{516 545 669}
{516 668 669}
{519 694 1104}
{519 1104 1106}
{523 545 631 659}
{523 545 757 767}
{523 545 1049 1050}
{523 545 1194 1201}
{523 545 1311 1325}
{523 545 1393 1394}
{523 548 549 673}
{523 548 757 759}
{523 548 1096 1101}
{523 548 1194 1203}
{523 548 1310 1329}
{523 548 1398 1405}
{523 549 551 555}
{523 555 752 874}
{523 555 1050 1068}
{523 555 1138 1181}
{523 555 1310 1491}
{523 555 1394 1484}
{525 565 578}
{525 578 588}
{527 585 613}
{527 585 998}
{527 624 627}
{527 624 998}
{531 757 759}
{531 757 767}
{534 898 990}
{534 898 1415}
{543 546 682}
{543 682 683}
{543 683 962}
{545 667 669}
{548 589 713}
{548 712 713}
{549 550 551}
{549 550 673}
{555 1073 1342}
{555 1340 1342}
{561 562 620 924}
{562 563 566}
{562 563 662}
{562 566 986}
{562 662 986}
{562 779 1400 1403}
{563 566 744}
{563 662 957}
{566 986 1333}
{568 1503 1508}
{568 1503 1582}
{569 570 820}
{570 808 820}
{579 580 1408}
{580 1408 1410}
{585 611 612}
{585 611 998}
{586 898 990}
{586 898 1416}
{589 601 732}
{589 622 713}
{601 604 656 732}
{608 802 828}
{608 828 833}
{611 623 624}
{611 624 998}
{620 946 990 991}
{622 699 712 713}
{625 626 738}
{625 626 1254}
{625 738 746}
{625 746 998 999}
{625 999 1254}
{626 738 739}
{626 1254 1256}
{629 630 635}
{629 635 645}
{644 657 723}
{644 723 730}
{652 919 1022}
{652 919 1332}
{652 920 1022}
{652 920 1423}
{662 986 1494}
{666 667 668 669}
{682 683 685}
{682 685 721}
{683 685 698}
{683 698 962 990}
{684 785 1174 1177}
{700 701 1337}
{701 1337 1339}
{723 730 731}
{774 779 1403}
{774 788 1442}
{774 1403 1442}
{790 1049 1050}
{790 1050 1068}
{792 793 815}
{793 815 817}
{797 1194 1201}
{797 1194 1203}
{802 803 826 828}
{803 826 861 877}
{803 826 1248 1261}
{803 826 1283 1284}
{803 826 1532 1548}
{803 826 1535 1544}
{803 1515 1551}
{803 1551 1557}
{807 1092 1093}
{807 1092 1094}
{811 812 852}
{811 852 1047}
{812 852 890}
{812 880 930 931}
{826 828 833 834}
{826 834 861 862}
{826 834 1296 1417}
{826 834 1312 1313}
{826 834 1383 1467}
{826 834 1503 1582}
{826 835 1193 1359}
{826 835 1358 1386}
{826 843 1193 1498}
{826 843 1358 1547}
{826 1193 1296 1404}
{826 1193 1383 1455}
{826 1193 1532 1534}
{826 1193 1535 1536}
{826 1248 1348 1358}
{826 1284 1358 1409}
{826 1313 1341 1358}
{826 1358 1503 1508}
{834 1169 1188}
{834 1173 1188}
{851 1291 1526}
{851 1525 1526}
{852 890 1048}
{856 1532 1534}
{856 1532 1548}
{857 1326 1335}
{857 1335 1336}
{861 862 866}
{861 866 877}
{865 1157 1158}
{865 1157 1159}
{868 1305 1531}
{868 1530 1531}
{869 1355 1356}
{869 1355 1357}
{880 931 1593}
{899 907 908}
{899 907 1166}
{899 908 1288}
{899 1288 1470}
{905 1310 1329}
{905 1310 1491}
{906 908 1004 1027}
{907 908 978}
{907 978 1164}
{908 911 1555 1559}
{908 978 1288}
{909 1248 1261}
{909 1248 1348}
{911 1054 1555}
{914 919 1022}
{914 919 1089}
{914 920 1022}
{914 920 1086}
{921 933 934 1022}
{921 933 1575}
{930 931 1034}
{931 1034 1042}
{931 1042 1593}
{933 934 1072}
{933 1072 1074}
{933 1074 1575}
{946 1004 1009 1010}
{949 950 1320 1321}
{953 989 1010}
{953 989 1396}
{953 1007 1010}
{953 1007 1377}
{954 1330 1331}
{954 1330 1402}
{965 966 971}
{965 971 1271}
{965 1271 1274}
{966 971 1010 1011}
{967 989 1010}
{967 989 1352}
{967 1007 1010}
{967 1007 1353}
{971 1011 1120}
{971 1120 1271}
{972 1327 1481}
{972 1481 1482}
{974 1282 1485}
{974 1485 1487}
{977 1283 1284}
{977 1284 1409}
{978 1288 1458}
{1034 1037 1042}
{1042 1593 1597}
{1054 1083 1554}
{1054 1554 1555}
{1072 1074 1075}
{1073 1109 1406}
{1073 1133 1342}
{1074 1575 1576}
{1109 1110 1406 1407}
{1120 1271 1272}
{1128 1149 1218 1253}
{1133 1134 1340 1342}
{1142 1149 1253}
{1142 1193 1253}
{1142 1227 1244}
{1168 1169 1188 1189}
{1173 1174 1177}
{1173 1188 1189}
{1193 1218 1253}
{1287 1393 1394}
{1287 1394 1484}
{1290 1413 1422}
{1290 1413 1454}
{1300 1301 1556 1600}
{1320 1321 1358}
{1323 1324 1366}
{1323 1365 1366}
{1365 1366 1367}
{1400 1403 1443}
{1403 1442 1443}
{1441 1442 1443}
{1515 1539 1551}
{1515 1556 1600}
{1539 1543 1551 1557}
{1554 1555 1558}
{1554 1558 1560}
{1555 1558 1559}
{0 1 2 3 4 5}	# Dimension 4
{0 1 2 3 6 7 9 10}
{0 1 4 5 43}
{0 1 6 10 43}
{0 2 4 15}
{0 2 4 29 30 41}
{0 2 9 10 15 23}
{0 2 9 10 29 30 31 32}
{0 2 9 10 35 37}
{0 2 15 16}
{0 4 15 43}
{0 4 30 41 43}
{0 10 15 43}
{0 10 30 32 43}
{0 10 35 43}
{0 15 16 43 80}
{1 3 5 6 7 8}
{1 3 5 11}
{1 5 6 8 43}
{1 5 11 43}
{2 3 7 9 577 634 1003 1008}
{2 3 577 631 634 638}
{2 9 23 658}
{2 9 29 31 190 211 217 893}
{2 29 190 198 211 224}
{3 7 577 631 1008 1378}
{3 575 577 631}
{4 5 25 27 43}
{4 15 43 83}
{4 25 41 43 59}
{4 25 43 44}
{4 25 43 83}
{4 25 44 45 46}
{5 8 43 50 51}
{6 7 8 106 265 266}
{6 7 8 451}
{6 7 9 10 78 292}
{6 7 9 10 106 117 266 267}
{6 7 9 10 451 452}
{6 7 450 451}
{6 8 43 265 266}
{6 8 43 451}
{6 10 43 78}
{6 10 43 266 267}
{6 10 43 451}
{6 43 450 451 459}
{7 9 106 117 825 830 832 1026}
{7 9 160 452}
{7 106 825 830 835 837}
{8 43 51 81 265}
{8 43 51 284}
{8 43 51 460}
{8 43 451 460}
{8 51 284 285 302}
{9 10 12 13 15 23}
{9 10 12 13 78 292}
{9 10 12 13 105 117 267 270}
{9 10 12 13 207 241 431 446}
{9 10 31 32 78 292}
{9 10 31 32 201 207 431 432}
{9 10 31 32 262 294}
{9 10 35 37 117 267}
{9 10 35 37 207 431}
{9 10 117 262 267 294}
{9 10 207 431 451 452}
{9 12 23 658}
{9 12 105 117 273 274 276 893}
{9 12 207 241 925 926 1002 1003}
{9 31 201 207 839 840 844 1026}
{9 31 294 980}
{9 117 294 980}
{9 160 207 452}
{10 13 15 43}
{10 13 43 78}
{10 13 43 267 270}
{10 13 43 431 446}
{10 15 43 74}
{10 15 43 86}
{10 32 43 78}
{10 32 43 262}
{10 32 43 431 432}
{10 35 43 86}
{10 35 43 267}
{10 35 43 279}
{10 35 43 431}
{10 35 43 464}
{10 43 74 78}
{10 43 78 299}
{10 43 78 461}
{10 43 262 267}
{10 43 262 279}
{10 43 262 299}
{10 43 431 451}
{10 43 451 461}
{10 43 451 464}
{12 13 14 15}
{12 13 15 36}
{12 13 36 105 260 270}
{12 13 36 241 446 447}
{12 105 271 273 275 276}
{12 241 926 1002 1308 1311}
{13 14 15 43 80}
{13 15 36 43}
{13 36 43 260 270}
{13 36 43 446 447}
{15 36 43 91}
{17 25 43 259 260}
{17 25 43 334}
{17 25 43 433 447}
{17 25 334 354}
{17 25 334 589}
{17 25 334 1515}
{17 25 336 354 357}
{17 25 354 412 419}
{17 25 589 688 689}
{17 25 589 761 771}
{19 24 33 40}
{19 24 33 53 63 64}
{19 24 33 899 903 1412}
{19 33 53 64 899 903 1004 1009}
{19 64 84 144 1111 1118}
{19 64 899 1004 1111 1118 1209 1213}
{19 82 84 1118}
{19 84 899 1061 1118 1213}
{20 72 157 164 599 605}
{20 72 183 204 208 225}
{20 72 183 204 566 620 991 992}
{20 72 566 599 605 616 618 620}
{20 114 171 620}
{20 120 153 164 591 599}
{20 120 181 184 574 581}
{20 120 574 581 582 586 620 924}
{20 120 586 591 599 618 619 620}
{20 163 164 599}
{20 163 171 599 618 620}
{20 163 186 599}
{20 599 601 604 618 620}
{21 87 104 226 227 240 244 245}
{21 87 104 240 932 935 936 937}
{21 87 219 226 237 244}
{21 87 932 935 1096 1097}
{21 103 104 142 851 852 881 883}
{21 104 114 192}
{21 104 192 226 227 487}
{21 104 226 227 233 234}
{21 104 226 227 851 852 1035 1053}
{21 141 142 851 883 1526}
{21 219 226 487}
{21 219 226 851 1051 1053}
{21 226 487 491}
{24 25 33 40}
{24 25 33 53 63}
{24 25 33 903 1412}
{25 27 43 259 265}
{25 27 43 334}
{25 27 157 164 589}
{25 27 334 354}
{25 27 334 589}
{25 27 334 1515}
{25 27 589 689 691}
{25 27 1509 1514 1515}
{25 27 1515 1549 1589}
{25 33 34 40}
{25 33 34 53}
{25 33 34 903}
{25 33 39 40}
{25 33 39 52 53}
{25 33 39 903 1457}
{25 34 40 98}
{25 34 45 46}
{25 34 45 261}
{25 34 45 441}
{25 34 98 99}
{25 34 98 101}
{25 34 142 883}
{25 34 165 603}
{25 34 363 364}
{25 34 364 423}
{25 34 364 440}
{25 34 475 496}
{25 34 496 816}
{25 34 496 979}
{25 34 603 693}
{25 34 603 773}
{25 34 648 818}
{25 34 763 973}
{25 34 814 818}
{25 34 816 818}
{25 34 881 883}
{25 34 883 910}
{25 34 910 973}
{25 34 973 994}
{25 34 1506 1507}
{25 34 1507 1523}
{25 34 1507 1550}
{25 40 98 158}
{25 40 98 168}
{25 43 44 259}
{25 43 44 433}
{25 43 59 334}
{25 43 59 433 434}
{25 43 65 334}
{25 43 259 345}
{25 43 433 462}
{25 44 45 259 261}
{25 44 45 433 441}
{25 59 311 354 357}
{25 59 334 354}
{25 59 334 589}
{25 59 334 1515}
{25 59 354 408 417}
{25 59 1515 1540 1569}
{25 59 1515 1549 1566}
{25 65 153 164 589}
{25 65 334 354}
{25 65 334 589}
{25 65 334 1515}
{25 65 354 408 409}
{25 65 354 419 436}
{25 65 589 766 771}
{25 65 1509 1511 1515}
{25 65 1515 1545 1569}
{25 98 99 156 158}
{25 98 99 166 168}
{25 98 101 158 161}
{25 98 101 168 169}
{25 141 142 883 1526}
{25 142 148 883 1531}
{25 164 165 602 603}
{25 164 178 589}
{25 164 589 602}
{25 354 357 358}
{25 354 357 369}
{25 354 358 408}
{25 354 358 419}
{25 354 408 443}
{25 354 419 429}
{25 357 358 363 364}
{25 358 364 408 440}
{25 358 364 419 423}
{25 473 475 494 496}
{25 475 476 496 501}
{25 494 496 816}
{25 494 496 979 1479}
{25 496 501 816}
{25 496 501 979 1493}
{25 589 602 689}
{25 589 602 771}
{25 589 689 729}
{25 589 771 796}
{25 602 603 689 693}
{25 602 603 771 773}
{25 648 649 818 820}
{25 648 661 815 818}
{25 760 763 973 1481}
{25 763 764 973 1485}
{25 813 814 815 818}
{25 814 818 819 820}
{25 815 816 818}
{25 816 818 820}
{25 881 883 1496 1526}
{25 881 883 1497 1531}
{25 883 910 1526}
{25 883 910 1531}
{25 910 973 1481}
{25 910 973 1485}
{25 973 994 1481 1483}
{25 973 994 1485 1486}
{25 1506 1507 1509 1510}
{25 1507 1510 1523 1569}
{25 1507 1510 1549 1550}
{25 1509 1510 1515}
{25 1509 1515 1601}
{25 1510 1515 1549}
{25 1510 1515 1569}
{25 1515 1549 1583}
{25 1515 1569 1587}
{28 29 30 41}
{28 30 41 43}
{29 30 31 32 41 42}
{29 31 211 217 223 224}
{29 185 211 224}
{30 32 41 42 43}
{31 32 42 201 432 434}
{31 32 42 262}
{31 32 262 326}
{31 201 840 841 843 844}
{32 42 43 262}
{32 42 43 432 434}
{32 43 262 326 327}
{33 34 53 903 1009}
{33 38 39 40}
{33 38 39 52 53 54}
{33 38 39 898 903 1457}
{33 38 53 54 898 903 946 1009}
{34 98 99 101 103}
{34 103 142 881 883}
{34 475 496 979 1009}
{34 648 814 818 876}
{34 763 876 973 994}
{36 43 51 81 260}
{36 43 51 91}
{36 43 51 228 447}
{36 43 51 284}
{36 51 284 285 306}
{38 47 48 209}
{38 48 54 195 209 212}
{38 48 209 898 943 959}
{38 54 195 209 898 946 947 959}
{40 94 98 158}
{40 98 113 168}
{41 42 43 50 51}
{42 43 51 228 434}
{42 43 51 284}
{42 43 51 329}
{42 43 262 329}
{42 51 283 284 285}
{43 49 50 51}
{43 49 51 81}
{43 49 51 220}
{43 49 51 228}
{43 49 79 325}
{43 79 325 334}
{43 259 260 267 270}
{43 259 262 267}
{43 259 262 345}
{43 259 265 266 267}
{43 260 270 339}
{43 262 267 327 338}
{43 265 266 342}
{43 431 432 433 434}
{43 431 433 446 447}
{43 431 433 451}
{43 431 451 453 459}
{43 432 434 435}
{43 433 451 462}
{43 446 447 448}
{47 48 197 209}
{48 121 182 197 212}
{48 195 197 209 212}
{48 197 209 943 959}
{48 197 826 943 1193}
{49 50 51 235}
{49 50 51 1073}
{49 50 51 1173}
{49 51 81 235}
{49 51 81 1073}
{49 51 81 1173}
{49 51 220 235}
{49 51 220 1073}
{49 51 220 1173}
{49 51 228 235}
{49 51 228 1073}
{49 51 228 1173}
{49 79 235 280}
{49 79 1073 1095}
{49 79 1173 1178}
{50 51 235 237 239}
{50 51 235 1032 1051}
{50 51 508 1073 1076}
{50 51 520 1073 1113}
{51 75 155 183}
{51 75 183 203 204}
{51 75 183 992 1354}
{51 81 235 239 278}
{51 81 235 481 607}
{51 81 1173 1211 1231}
{51 81 1173 1429 1430}
{51 84 144 228 1073}
{51 110 144 220 1073}
{51 144 146 1077 1078}
{51 144 251 1073}
{51 144 1073 1077}
{51 146 147 1078}
{51 147 155 176}
{51 147 155 183}
{51 147 172 176}
{51 147 176 177}
{51 147 183 204}
{51 147 183 992}
{51 147 283 285}
{51 147 285 302}
{51 147 285 306}
{51 147 287 289}
{51 147 289 483}
{51 147 289 1033}
{51 147 439 860}
{51 147 859 860}
{51 147 859 1029}
{51 147 860 863}
{51 147 993 996}
{51 147 995 996}
{51 147 996 1317}
{51 147 1015 1029}
{51 147 1018 1316}
{51 147 1029 1030}
{51 147 1078 1079}
{51 147 1078 1117}
{51 147 1180 1191}
{51 147 1180 1234}
{51 147 1180 1420}
{51 147 1316 1317}
{51 147 1316 1318}
{51 155 176 384}
{51 155 176 395}
{51 155 183 225}
{51 172 176 384 386}
{51 172 176 389 395}
{51 176 177 319 384}
{51 176 177 395 396}
{51 183 204 208 225}
{51 183 225 992 1344}
{51 220 235 481 482}
{51 220 235 1032 1044}
{51 220 1073 1076 1080}
{51 220 1173 1176 1196}
{51 220 1173 1429 1434}
{51 228 1057 1073 1113}
{51 228 1173 1176 1205}
{51 228 1173 1211 1212}
{51 235 239 288}
{51 235 239 383}
{51 235 288 481}
{51 235 288 1032}
{51 235 481 504}
{51 235 1031 1032}
{51 239 287 288 289}
{51 288 289 481 483}
{51 288 289 1032 1033}
{51 439 454 860 1157}
{51 439 463 860 1136}
{51 859 860 1136}
{51 859 860 1157}
{51 859 1029 1092}
{51 859 1029 1104}
{51 860 863 1136 1137}
{51 860 863 1157 1163}
{51 993 996 1330 1334}
{51 993 996 1337 1338}
{51 995 996 1330 1462}
{51 995 996 1337 1461}
{51 996 1317 1330}
{51 996 1317 1337}
{51 1015 1029 1067 1104}
{51 1015 1029 1070 1092}
{51 1018 1065 1316 1408}
{51 1018 1071 1316 1413}
{51 1029 1030 1092 1107}
{51 1029 1030 1104 1105}
{51 1073 1076 1077}
{51 1073 1076 1082}
{51 1073 1077 1113}
{51 1073 1113 1319}
{51 1076 1077 1078 1079}
{51 1077 1078 1113 1117}
{51 1173 1176 1179}
{51 1173 1176 1472}
{51 1173 1179 1211}
{51 1173 1179 1429}
{51 1173 1211 1262}
{51 1173 1429 1450}
{51 1176 1179 1180 1191}
{51 1179 1180 1211 1234}
{51 1179 1180 1420 1429}
{51 1316 1317 1408}
{51 1316 1317 1413}
{51 1316 1318 1408 1411}
{51 1316 1318 1413 1414}
{54 75 76 183 203 204}
{54 76 183 204 946 967 991 992}
{54 76 195 212 236 258}
{54 76 195 258 946 947 967 968}
{54 193 194 195}
{54 193 195 212}
{54 193 195 939 946 947}
{54 195 315 318 946 947}
{54 939 946 980}
{58 133 150 151 353 356 371 372}
{58 133 150 151 997 1001 1014 1019}
{58 133 311 356 357 371}
{58 133 1001 1014 1292 1296}
{58 151 310 311 371 372}
{58 151 997 1001 1296 1425}
{58 311 313 371}
{58 987 1001 1296}
{62 84 523 1061 1073}
{62 110 523 1073 1121}
{62 153 523 589 590}
{62 157 523 589 609}
{62 515 516 522 523}
{62 516 523 536}
{62 516 523 1058 1059}
{62 523 536 589}
{62 523 536 1073}
{62 523 536 1142}
{64 88 90 1111}
{64 88 122 1004 1111 1209}
{64 88 144 1111}
{64 96 110 144 1111 1112}
{64 96 467 587 1016 1017}
{64 96 1004 1007 1016 1017 1027 1028}
{64 96 1004 1007 1111 1112 1123 1209}
{64 122 140 1004}
{64 1004 1109 1110 1111 1209}
{68 69 70 1161 1162 1227}
{68 69 71 1155 1161 1227}
{68 69 107 1161 1227 1370}
{69 70 112 131 273 274 276 893}
{69 70 112 131 1161 1162 1223 1224}
{69 70 174 439 860 863 865 871}
{69 70 865 871 1148 1150 1161 1162}
{69 70 884 889}
{69 70 889 1161 1162 1243}
{69 71 103 142 868 871 881 883}
{69 71 125 126 190 211 217 893}
{69 71 125 126 1155 1161 1240 1251}
{69 71 868 871 1148 1151 1155 1161}
{69 71 872 928}
{69 71 928 1155 1161 1219}
{69 98 99 101 103 107 112 113}
{69 107 109 125 172 174 176 177}
{69 107 109 125 1161 1240 1370 1388}
{69 107 112 113 1161 1224 1370 1375}
{69 107 160 1324}
{69 107 1161 1324 1366 1370}
{69 112 872 928}
{69 112 928 1161 1219 1224}
{69 112 1128 1149 1161 1224}
{69 125 884 889}
{69 125 889 1161 1240 1243}
{69 125 1128 1149 1161 1240}
{69 160 871 1324}
{69 871 1128 1148 1149 1161}
{69 871 1148 1161 1324 1366}
{70 131 273 276 281 291}
{70 131 1162 1165 1221 1223}
{70 439 454 860 865 1157}
{70 865 1140 1150 1162 1165}
{70 1162 1165 1243}
{70 1162 1243 1264}
{71 126 189 190 210 211}
{71 126 1155 1160 1250 1251}
{71 142 148 868 883 1531}
{71 868 1147 1151 1155 1160}
{71 1155 1160 1219}
{71 1155 1219 1246}
{72 155 183 225}
{72 157 187 605}
{72 157 566 605 609 616}
{72 183 225 566 992 1344}
{75 76 155 183}
{75 76 183 967 992 1354}
{76 236 250 258}
{76 236 258 967 968 975}
{79 197 218 1046}
{79 197 1046 1185}
{79 218 235 280}
{79 218 354 361}
{79 218 516 672}
{79 334 354 361}
{79 334 589 716}
{79 334 1515 1517}
{79 516 536 672}
{79 536 589 716}
{79 536 1073 1095}
{79 536 1142 1238}
{79 1142 1185 1238}
{79 1173 1178 1185}
{79 1185 1515 1517}
{82 84 1073 1118}
{84 144 1073 1111 1118}
{84 1061 1073 1118 1213}
{87 237 238 244}
{87 237 239 240 244 245}
{87 240 932 936 1096 1099}
{87 915 932 1096}
{88 89 90 1073 1111}
{88 89 484 1073 1146}
{88 122 474 1004 1146 1209}
{88 144 251 1073}
{88 144 1073 1111}
{88 474 484 1146}
{88 474 541 1146}
{88 541 556 1073}
{88 541 1073 1146}
{88 1073 1111 1209}
{88 1073 1116 1209}
{88 1073 1146 1209}
{88 1073 1156 1209}
{92 102 104 227 240 245 303 304}
{92 102 104 240 896 927 983 988}
{92 102 277 278 303 304}
{92 102 983 988 1535 1573}
{92 239 240 245 278 303}
{92 240 927 988 1529 1535}
{92 278 303 305}
{92 987 988 1535}
{94 98 99 100 101 102 103 104}
{94 98 99 100 156 158}
{94 98 101 102 158 161}
{94 100 102 104 227 304 485 614}
{94 100 481 485 607 614}
{94 102 277 304 607 614}
{94 607 614 615}
{96 110 111 1112}
{96 110 1007 1112 1121 1123}
{96 269 467 1017}
{96 467 1007 1017 1028 1361}
{98 99 107 113 166 168}
{98 101 112 113 168 169}
{100 104 114 192}
{100 104 143 145 227 377 485 488}
{100 104 143 145 937 938 1298 1299}
{100 104 192 227 485 487}
{100 104 227 252 297 485}
{100 143 481 482 485 488}
{100 143 1298 1299 1398 1399}
{100 481 485 487}
{100 485 487 490}
{102 104 227 233 234 304}
{102 104 227 304 930 1034}
{102 104 812 930}
{102 277 304 1034}
{102 304 1034 1039}
{104 145 227 233 234 377}
{104 145 227 377 380 403}
{104 145 227 377 852 856 1035 1045}
{104 145 403 884}
{104 145 852 856 891 892 894 896}
{104 227 240 245 252 297}
{104 227 240 245 380 403}
{104 227 252 297 852 1035}
{104 227 852 930 1034 1035}
{104 240 403 884}
{104 812 852 930}
{105 117 259 260 267 270}
{105 117 271 272 273 274}
{105 260 270 339}
{105 269 271 273}
{106 117 259 265 266 267}
{106 117 825 832 835 836}
{106 265 266 342}
{106 825 827 835}
{107 109 172 176 389 395}
{107 109 1370 1373 1387 1388}
{107 113 1370 1373 1374 1375}
{107 1366 1370 1371}
{107 1366 1370 1373}
{109 125 176 177 395 396}
{109 125 1240 1269 1387 1388}
{109 155 176 395}
{109 1387 1388 1389}
{110 111 1073 1112}
{110 144 1073 1111 1112}
{110 1073 1112 1121 1123}
{112 113 1222 1224 1374 1375}
{112 131 273 274 281 286}
{112 131 1221 1222 1223 1224}
{112 1219 1222 1224}
{112 1219 1224 1255}
{113 1374 1375 1376}
{114 171 597 620}
{116 133 150 333 352 353 355 356}
{116 133 150 333 592 782 1005 1006}
{116 133 336 355 356 357}
{116 133 1005 1006 1138 1182}
{116 332 333 336 352 355}
{116 333 782 783 1005 1138}
{116 336 337 355}
{116 915 1005 1138}
{117 259 262 267}
{117 262 267 338}
{120 153 154 591}
{120 153 586 590 591 619}
{120 184 185 581}
{120 184 581 582 583 586}
{121 182 197 218}
{121 182 197 945 1013}
{121 182 218 235}
{121 182 218 354}
{121 182 218 516}
{121 182 310 311 354}
{121 182 332 336 354}
{121 182 516 535 1058}
{121 182 516 735 1102}
{122 140 474 1004}
{124 137 149 150 353 366 406 407}
{124 137 149 150 592 593 594 595}
{124 149 300 366 407 409}
{124 149 594 595 674 752}
{124 150 253 257 353 366}
{124 150 257 872}
{124 150 348 350 353 366}
{124 150 353 366 421 437 557 559}
{124 150 421 437 984 985 1019 1020}
{124 253 300 366}
{124 253 301 366}
{124 300 366 436 437 559}
{124 437 985 1020 1383 1384}
{125 126 210 211 216 217}
{125 126 1240 1250 1251 1269}
{125 1239 1240 1243}
{125 1240 1243 1269}
{126 185 210 211}
{126 1250 1251 1252}
{131 269 273 281}
{131 1221 1223 1257}
{133 150 253 257 353 356}
{133 150 257 872}
{133 150 312 353 356 359}
{133 253 356 357}
{133 253 356 367}
{137 140 150 401}
{137 149 406 407 408 409}
{137 149 593 594 752 755}
{137 150 151 152 172 174 176 177}
{137 150 151 152 353 372 406 416}
{137 150 312 353 359 406}
{137 150 353 398 401 406}
{137 152 172 176 384 386}
{137 152 406 408 416 417}
{137 398 406 408}
{137 398 406 414}
{140 150 333 401}
{143 145 375 377 482 488}
{143 145 938 1100 1298 1398}
{143 482 488 489}
{143 1293 1298 1398}
{145 375 377 380}
{145 375 377 856 1044 1045}
{145 377 380 390}
{145 856 891 894 1532 1533}
{147 172 174 176 177}
{147 174 439 860 863}
{147 183 204 991 992}
{147 991 993 995 996}
{147 1015 1021 1029 1030}
{147 1018 1021 1316 1318}
{149 407 409 410}
{149 575 594 752}
{150 151 348 350 353 372}
{150 151 353 372 425 428}
{150 151 428 918}
{150 174 333 418 421 439 860 863}
{150 312 353 359 421 557}
{150 333 348 350 352 353}
{150 333 352 353 398 401}
{150 333 352 353 418 421 557 558}
{150 353 421 425 428 557}
{150 421 428 918}
{151 152 176 177 319 384}
{151 152 310 372 416 417}
{151 310 372 425}
{151 372 425 537}
{152 155 176 384}
{152 416 417 420}
{153 154 589 591}
{153 164 589 591 599}
{153 589 590 591 619}
{157 164 589 599 605}
{157 187 589 605}
{157 589 605 609 616}
{163 164 178 589}
{163 164 589 599}
{163 171 597 598 618 620}
{163 179 186 589 599}
{163 179 589 596 598}
{163 589 598 610}
{163 589 598 618}
{163 589 599 618}
{163 589 600 618}
{163 589 610 632}
{163 589 618 621}
{163 596 597 598}
{163 597 598 610}
{181 182 184 574 581}
{182 184 185 581}
{182 184 581 582 583}
{182 185 199 211}
{182 185 199 581}
{182 185 210 211}
{182 185 211 224}
{182 185 578 581}
{182 189 190 210 211}
{182 190 198 211 224}
{182 190 199 211}
{182 197 206 212 236}
{182 197 206 218}
{182 197 206 507 539}
{182 197 212 214}
{182 197 212 248}
{182 197 214 507}
{182 197 214 1013}
{182 197 218 316}
{182 197 218 411}
{182 197 411 506 507}
{182 197 411 929 1013}
{182 197 507 544}
{182 197 1013 1276}
{182 199 211 217}
{182 199 213 215}
{182 199 215 547}
{182 199 215 1012}
{182 199 222 231}
{182 199 231 264}
{182 199 231 376}
{182 199 269 273}
{182 199 269 1017}
{182 199 273 274}
{182 199 273 276}
{182 199 293 343}
{182 199 324 343}
{182 199 335 343}
{182 199 552 553}
{182 199 553 681}
{182 199 553 741}
{182 199 574 581}
{182 199 581 582}
{182 199 636 641}
{182 199 636 1024}
{182 199 640 641}
{182 199 641 643}
{182 199 1016 1017}
{182 199 1017 1028}
{182 199 1023 1024}
{182 199 1024 1025}
{182 206 218 235}
{182 206 218 354}
{182 206 218 516}
{182 206 219 235 237}
{182 206 235 277 278}
{182 206 515 516 535}
{182 206 516 676 678}
{182 210 211 216 217}
{182 211 217 223 224}
{182 212 213 214 215}
{182 214 215 507 547}
{182 214 215 1012 1013}
{182 218 235 316}
{182 218 235 411}
{182 218 316 354}
{182 218 316 516}
{182 218 354 411}
{182 218 411 516}
{182 219 222 230 231}
{182 219 230 235}
{182 219 235 411 1051}
{182 219 235 498}
{182 230 231 264 277}
{182 230 231 375 376}
{182 230 235 277}
{182 230 235 375}
{182 235 277 316 607}
{182 235 277 1040}
{182 235 316 375 482}
{182 235 375 394}
{182 235 375 411 1044}
{182 269 271 273}
{182 269 273 281}
{182 269 467 1017}
{182 269 1017 1355}
{182 271 272 273 274}
{182 271 273 275 276}
{182 273 274 281 286}
{182 273 276 281 291}
{182 293 300 343 347}
{182 298 300 354}
{182 300 316 354 409}
{182 300 347 354}
{182 300 354 411 436}
{182 310 316 354 417}
{182 310 324 343 347}
{182 310 347 354}
{182 310 354 538}
{182 316 516 678 875}
{182 316 516 726 735}
{182 332 335 343 347}
{182 332 347 354}
{182 332 354 411 412}
{182 332 354 424}
{182 467 587 1016 1017}
{182 467 1017 1028 1361}
{182 516 535 554}
{182 516 535 728}
{182 516 554 678}
{182 516 554 735}
{182 516 678 1085}
{182 516 735 740}
{182 535 552 553 554}
{182 553 554 678 681}
{182 553 554 735 741}
{182 572 574 578 581}
{182 578 581 582 584}
{182 635 636 641}
{182 635 637 641 643}
{182 635 639 640 641}
{182 636 641 646}
{182 636 754 1024}
{182 636 1024 1335}
{182 640 641 646 647}
{182 641 643 646 651}
{182 754 824 1024 1025}
{182 754 1023 1024 1391}
{182 1016 1017 1355 1401}
{182 1017 1028 1355 1360}
{182 1023 1024 1335 1390}
{182 1024 1025 1335 1343}
{185 525 578 581}
{190 199 211 217 893}
{193 194 195 196 197}
{193 195 197 212}
{193 195 197 947}
{193 196 197 948 1451}
{193 197 212 248}
{193 197 848 849}
{193 197 848 948}
{193 197 947 948}
{193 197 947 955}
{193 197 947 956}
{193 848 940 948}
{193 939 940 946 947 948}
{193 940 948 1451}
{195 197 209 947 959}
{195 197 212 236 258}
{195 197 258 947 968}
{195 197 315 947}
{197 236 250 258}
{197 236 258 968 975}
{197 236 826 975 1193}
{197 315 654 947}
{197 315 947 951}
{197 315 947 955}
{197 315 947 961}
{197 315 947 969}
{197 506 507 654 923}
{197 506 781 923}
{197 506 826 834 848}
{197 506 848 923 948}
{197 507 539 654 695}
{197 507 543 544}
{197 507 543 654}
{197 539 695 696}
{197 539 695 968 975}
{197 539 826 834 975}
{197 543 546 654 655}
{197 543 546 959 1418}
{197 543 654 947}
{197 543 943 959}
{197 543 943 1499}
{197 543 947 959}
{197 543 947 961}
{197 543 947 964}
{197 654 695 947 968}
{197 654 923 947 948}
{197 803 826 848 929}
{197 803 826 943 945}
{197 803 826 1185}
{197 826 834 1185}
{197 826 848 849}
{197 826 848 944}
{197 826 943 944}
{197 826 943 1499}
{197 826 944 975}
{197 826 975 1302}
{197 826 1185 1193}
{197 826 1185 1358}
{197 848 929 948 952}
{197 929 951 952 1013}
{197 929 952 1346}
{197 943 945 959 960}
{197 945 951 960 1013}
{197 945 960 1322}
{197 947 948 950}
{197 947 948 951 952}
{197 947 950 956}
{197 947 950 959}
{197 947 950 964}
{197 947 950 968}
{197 947 950 970}
{197 947 951 959 960}
{197 947 951 965}
{197 947 965 968}
{197 947 965 969}
{197 947 965 970}
{197 951 965 1013}
{197 951 965 1274 1315}
{197 965 968 975}
{197 965 968 1274 1363}
{197 965 975 1302}
{197 965 1013 1276}
{199 273 274 276 893}
{199 574 581 582 924}
{199 640 641 643 924}
{199 1016 1017 1027 1028}
{199 1023 1024 1025 1027}
{201 207 431 432 433 434}
{201 207 838 839 843 844}
{201 432 434 435}
{201 842 843 844}
{207 241 431 433 446 447}
{207 241 925 926 1311 1419}
{207 431 433 451}
{207 431 451 453}
{219 226 235 237 244}
{219 226 235 487}
{219 226 235 1051 1053}
{219 235 487 498}
{226 227 233 235}
{226 227 235 244 245}
{226 227 235 487}
{226 227 235 1035 1053}
{226 235 487 491 492}
{227 233 235 304}
{227 233 235 377}
{227 233 235 393}
{227 233 235 499}
{227 233 235 1041}
{227 235 245 297}
{227 235 245 303 304}
{227 235 245 380}
{227 235 297 387}
{227 235 297 485}
{227 235 297 486}
{227 235 297 1035}
{227 235 297 1036}
{227 235 304 485 614}
{227 235 304 1034}
{227 235 377 380}
{227 235 377 485 488}
{227 235 377 1035 1045}
{227 235 380 387}
{227 235 380 393}
{227 235 485 487}
{227 235 486 487}
{227 235 487 499}
{227 235 1034 1035}
{227 235 1034 1036}
{227 235 1034 1041}
{235 237 238 244}
{235 237 239 244 245}
{235 239 245 278 303}
{235 239 245 380}
{235 239 380 383}
{235 245 379 380 391}
{235 277 278 303 304}
{235 277 304 607 614}
{235 277 304 1034}
{235 277 1034 1040}
{235 278 303 305}
{235 304 1034 1037 1039}
{235 375 377 380}
{235 375 377 482 488}
{235 375 377 1044 1045}
{235 375 380 394}
{235 377 379 380 390}
{235 481 482 485 488}
{235 481 485 487}
{235 481 485 607 614}
{235 481 487 504}
{235 482 488 489}
{235 485 487 490 492}
{235 607 614 615}
{235 1031 1032 1034}
{235 1032 1034 1035}
{235 1032 1035 1044 1045}
{235 1032 1035 1051 1053}
{235 1034 1035 1037 1038}
{235 1043 1044 1045}
{235 1051 1052 1053}
{239 240 245 380}
{240 245 380 391}
{241 446 447 448}
{241 926 1293 1311}
{253 256 301 354 366}
{253 256 354 356 367}
{253 298 300 354}
{253 300 354 366}
{253 353 354 356}
{253 353 354 366}
{253 353 354 368}
{253 353 354 370}
{253 354 356 357}
{253 354 357 369}
{269 869 1017 1355}
{300 354 366 407 409}
{300 354 366 436 559}
{310 311 354 371 372}
{310 354 372 416 417}
{310 354 372 425}
{310 354 425 538}
{311 313 354 371}
{311 354 356 357 371}
{315 318 480 654 946 947}
{315 318 946 947 951 953}
{332 333 352 398}
{332 333 352 412 418 558}
{332 336 352 354 355}
{332 352 354 398}
{332 352 354 412 558}
{332 354 398 424}
{333 352 398 415}
{333 418 439 463 860 1136}
{336 337 354 355}
{336 354 355 356 357}
{348 352 353 354}
{348 353 354 366}
{348 353 354 368}
{348 353 354 372}
{348 353 354 422}
{348 353 354 564}
{352 353 354 355 356}
{352 353 354 398}
{352 353 354 557 558}
{352 354 398 404 415}
{353 354 356 359}
{353 354 356 371 372}
{353 354 359 370}
{353 354 359 406}
{353 354 359 444}
{353 354 359 557}
{353 354 359 560}
{353 354 366 406 407}
{353 354 366 557 559}
{353 354 372 406 416}
{353 354 372 425}
{353 354 398 406}
{353 354 398 422}
{353 354 398 444}
{353 354 425 557}
{353 354 425 560}
{353 354 425 564}
{354 372 425 430 537}
{354 398 404 406 414}
{354 398 406 408}
{354 398 408 443}
{354 406 407 408 409}
{354 406 408 416 417}
{354 407 409 410}
{354 412 413 558}
{354 412 419 557 558}
{354 416 417 420}
{354 419 425 429}
{354 419 425 557}
{354 419 436 557 559}
{354 425 426 430 557}
{354 436 438 559}
{412 413 418 558}
{412 418 419 421 557 558}
{418 421 860 863 1136 1137}
{418 859 860 1136}
{419 421 425 557}
{419 421 436 437 557 559}
{421 425 426 557}
{421 437 984 985 1383 1490}
{436 437 438 559}
{437 827 985 1383}
{473 474 475 493 494 496}
{474 475 493 496 978 979 1004 1009}
{474 493 508 541 1126 1146}
{474 493 978 1004 1125 1126 1146 1209}
{474 512 520 541 1119 1146}
{474 512 754 824 1024 1025}
{474 512 989 1004 1023 1024 1025 1027}
{474 512 989 1004 1114 1119 1146 1209}
{474 1004 1133 1134 1146 1209}
{475 476 480 496 501 502}
{475 480 496 502 940 946 979 1009}
{477 478 479 528 529 532}
{477 478 517 519 526 527 528 529}
{477 478 519 527 1015 1021 1029 1030}
{477 478 528 529 657 723}
{477 478 528 529 914 974 1055 1056}
{477 478 657 658}
{477 478 763 876 914 973 974 994}
{477 479 528 532 611 734}
{477 479 528 532 652 677}
{477 526 527 528 608 652 675 677}
{477 526 527 528 666 668}
{477 526 527 528 738 746}
{477 527 608 652 825 830 832 1026}
{477 527 746 998}
{477 528 570 650 652 677 725 878}
{477 528 580 611 650 724 725 734}
{477 528 611 734 738 746}
{477 528 611 734 866 914 1055 1103}
{477 528 650 657 723 725}
{477 528 650 666 668 725}
{477 528 652 677 934 1072}
{477 528 666 668 914 1055}
{477 528 914 934 1055 1072}
{477 570 648 650 652 814 818 876}
{477 580 611 650 1018 1021 1316 1318}
{477 611 746 998}
{477 611 839 840 844 866 914 1026}
{477 650 657 658}
{477 652 934 1022}
{477 914 934 1022}
{478 515 517 519 529 535}
{478 519 1015 1029 1067 1104}
{478 529 535 723}
{478 529 535 974 1056 1058}
{478 529 723 745}
{478 763 764 973 974 1485}
{480 502 506 507 654 923}
{480 502 654 923 940 946 947 948}
{480 507 539 550 654 695}
{480 507 543 654}
{480 543 654 655}
{480 543 654 946 947 962}
{480 549 550 577 633 634}
{480 550 577 634 946 967 1003 1008}
{480 550 654 695 946 947 967 968}
{480 946 962 990}
{493 494 496 816}
{493 494 496 978 979 1479}
{493 508 509 1126}
{493 508 978 1076 1125 1126}
{496 501 502 816}
{496 501 502 940 979 1493}
{502 506 781 923}
{502 506 848 923 940 948}
{508 509 1073 1126}
{508 523 541 545 1073}
{508 541 1073 1126 1146}
{508 1073 1076 1125 1126}
{511 534 597 598 618 620 686 687}
{511 534 597 620 640 641 643 924}
{511 534 640 641 646 647}
{511 534 686 687 688 689}
{511 597 598 610 686 688}
{511 597 641 643 646 651}
{511 636 641 646}
{511 686 688 711}
{512 520 521 1119}
{512 520 989 1113 1114 1119}
{512 636 754 1024}
{512 754 989 1023 1024 1391}
{513 534 566 616 618 620 687 690}
{513 534 566 620 896 927 983 988}
{513 534 687 689 690 691}
{513 534 983 988 1313 1505}
{513 566 609 616 690 691}
{513 566 927 988 1313 1314}
{513 690 691 707}
{513 987 988 1313}
{515 516 517 518}
{515 516 517 522 526}
{515 516 517 529 535}
{515 517 518 519}
{515 517 519 522 526 527}
{516 517 526 528 529}
{516 522 523 555 676}
{516 522 523 664}
{516 522 523 749}
{516 522 526 675 676}
{516 522 526 738}
{516 522 738 749}
{516 523 536 545}
{516 523 536 548}
{516 523 536 555}
{516 523 548 718 726}
{516 523 548 1059 1102}
{516 523 555 718 875}
{516 523 664 718}
{516 523 664 1059}
{516 523 718 722}
{516 523 1059 1087}
{516 526 528 668}
{516 526 528 675 677}
{516 526 528 738}
{516 526 738 739 748}
{516 528 529 532}
{516 528 529 723}
{516 528 529 1055 1056}
{516 528 532 677}
{516 528 532 734}
{516 528 532 736}
{516 528 532 743}
{516 528 532 1090}
{516 528 668 725}
{516 528 668 737}
{516 528 668 747}
{516 528 668 1055}
{516 528 668 1081}
{516 528 677 725 878}
{516 528 677 1072}
{516 528 723 725}
{516 528 723 736}
{516 528 723 737}
{516 528 724 725 734}
{516 528 734 738}
{516 528 734 1055 1103}
{516 528 738 743}
{516 528 738 747}
{516 528 1055 1072}
{516 528 1072 1081}
{516 528 1072 1090}
{516 529 535 723}
{516 529 535 1056 1058}
{516 529 723 731 745}
{516 535 723 728}
{516 675 676 677 678}
{516 675 676 679}
{516 677 678 875 878}
{516 677 678 1072}
{516 677 1072 1075 1091}
{516 678 1072 1085}
{516 718 722 723}
{516 718 723 725}
{516 718 724 725 726}
{516 718 725 875 878}
{516 723 725 731 742}
{516 724 726 727}
{516 724 726 734 735}
{516 734 735 738}
{516 734 735 1102 1103}
{516 734 738 739 751}
{516 735 738 740}
{516 875 878 879}
{516 1055 1056 1058 1059}
{516 1055 1059 1072}
{516 1055 1059 1102 1103}
{516 1055 1072 1075 1084}
{516 1056 1058 1063}
{516 1059 1072 1087}
{516 1102 1103 1108}
{519 527 1029 1030 1104 1105}
{519 859 1029 1104}
{520 521 1073 1119}
{520 523 541 548 1073}
{520 541 1073 1119 1146}
{520 1073 1113 1114 1119}
{522 523 663 664 665}
{522 526 527 608 675 676}
{522 526 527 738}
{523 536 545 589}
{523 536 545 1073}
{523 536 545 1142}
{523 536 548 589}
{523 536 548 1073}
{523 536 548 1142}
{523 536 555 589}
{523 536 555 1073}
{523 536 555 1142}
{523 540 541 1131 1132}
{523 540 542 1131}
{523 541 556 1073}
{523 541 1073 1132}
{523 542 575 577}
{523 542 575 594}
{523 542 577 634}
{523 542 577 1008}
{523 542 593 594}
{523 542 594 595}
{523 542 663 665}
{523 542 665 719}
{523 542 665 1088}
{523 542 702 704}
{523 542 702 705}
{523 542 702 706}
{523 542 782 1005}
{523 542 915 932}
{523 542 915 1005}
{523 542 925 926}
{523 542 926 1002}
{523 542 926 1293}
{523 542 932 935}
{523 542 932 936}
{523 542 938 1298}
{523 542 1005 1006}
{523 542 1060 1131}
{523 542 1130 1131}
{523 542 1229 1230}
{523 542 1230 1233}
{523 542 1230 1347}
{523 542 1293 1298}
{523 542 1298 1299}
{523 545 589 590 766}
{523 545 589 610 761}
{523 545 1073 1080 1121}
{523 545 1140 1142 1165}
{523 545 1142 1147 1160}
{523 548 1057 1061 1073}
{523 548 1142 1160 1250}
{523 548 1142 1373 1387}
{523 549 575 577}
{523 549 577 633 634}
{523 549 577 1008 1380}
{523 555 589 609 691}
{523 555 589 610 688}
{523 555 1142 1165 1221}
{523 555 1142 1373 1374}
{523 575 577 631}
{523 575 594 752}
{523 575 594 757}
{523 577 631 634 638}
{523 577 631 1008 1378}
{523 589 590 703}
{523 589 590 717}
{523 589 609 703}
{523 589 609 786}
{523 589 610 632}
{523 589 610 703}
{523 590 702 703 704}
{523 593 594 752 755}
{523 593 594 756 757}
{523 594 595 674 752}
{523 594 595 757 758}
{523 609 702 703 705}
{523 610 702 703 706}
{523 664 665 718 719}
{523 664 665 1059 1088}
{523 782 783 1005 1138}
{523 782 784 1005 1194}
{523 915 932 1050}
{523 915 932 1096}
{523 915 1005 1138}
{523 915 1005 1194}
{523 925 926 1310 1432}
{523 925 926 1311 1419}
{523 926 1002 1308 1311}
{523 926 1002 1309 1310}
{523 926 1293 1310}
{523 926 1293 1311}
{523 932 935 1050 1069}
{523 932 935 1096 1097}
{523 932 936 1050 1098}
{523 932 936 1096 1099}
{523 938 1066 1298 1394}
{523 938 1100 1298 1398}
{523 1005 1006 1138 1182}
{523 1005 1006 1194 1195}
{523 1060 1061 1131 1132}
{523 1061 1073 1129}
{523 1061 1073 1132}
{523 1073 1121 1132}
{523 1073 1121 1273}
{523 1121 1130 1131 1132}
{523 1142 1160 1228}
{523 1142 1160 1242}
{523 1142 1165 1228}
{523 1142 1165 1260}
{523 1142 1228 1373}
{523 1142 1373 1392}
{523 1160 1228 1230 1233}
{523 1165 1228 1229 1230}
{523 1228 1230 1347 1373}
{523 1293 1298 1394}
{523 1293 1298 1398}
{523 1298 1299 1394 1397}
{523 1298 1299 1398 1399}
{525 561 573 574 581 582 585 924}
{525 561 573 585 1172 1175 1197 1199}
{525 572 573 574 578 581}
{525 573 1175 1176 1196 1197}
{525 578 581 582 584 585}
{525 585 1196 1197 1198 1199}
{525 1196 1197 1200}
{526 527 738 748}
{527 608 825 828 829 830}
{531 561 563 585 592 593 594 595}
{531 561 563 585 1172 1199 1428 1437}
{531 563 593 594 756 757}
{531 563 1428 1429 1434 1437}
{531 575 594 757}
{531 585 594 595 757 758}
{531 585 1198 1199 1434 1437}
{531 1434 1436 1437}
{534 601 604 618 620 687}
{534 618 620 685 687 698}
{534 620 698 990}
{534 685 687 689}
{534 685 687 733}
{539 550 695 696}
{539 550 695 967 968 975}
{542 577 634 1003 1008}
{542 592 593 594 595}
{542 592 782 1005 1006}
{542 925 926 1002 1003}
{542 932 935 936 937}
{542 937 938 1298 1299}
{543 898 943 959}
{543 898 946 947 959 962}
{543 898 959 1418}
{549 550 575 577}
{549 550 577 967 1008 1380}
{561 562 563 1400}
{561 562 986 1400}
{561 563 642 648 793 814 818 876}
{561 563 642 793 1172 1237 1428 1440}
{561 563 684 1172 1174 1428}
{561 563 1172 1400 1428 1443}
{561 573 684 1172 1174 1175}
{561 573 763 876 972 973 986 994}
{561 573 918 1000}
{561 573 972 986 1172 1175 1204 1206}
{561 573 1000 1172 1175 1463}
{561 585 998 999}
{561 585 999 1172 1199 1254}
{561 585 1168 1172 1189 1199}
{561 592 624 782 797 986 1005 1006}
{561 624 629 640 641 642 643 924}
{561 624 629 642 1172 1216 1235 1237}
{561 624 684 1172 1174 1216}
{561 624 797 986 1172 1206 1215 1216}
{561 624 998 999}
{561 624 999 1172 1216 1254}
{561 642 918 1000}
{561 642 1000 1172 1237 1463}
{561 642 1168 1172 1189 1237}
{561 986 1168 1172 1189 1206}
{561 986 1172 1206 1400 1443}
{562 566 620 779}
{562 620 662 779}
{563 793 813 814 815 818}
{563 793 1428 1429 1430 1440}
{563 1428 1429 1443}
{563 1428 1443 1447}
{566 609 616 774}
{566 616 618 620 622 699}
{566 616 618 620 774 779}
{566 616 774 787}
{568 586 590 619 766 769}
{568 586 618 619 620 662 769 770}
{568 586 620 662 891 892 894 896}
{568 586 891 894 1502 1503}
{568 662 766 769 770 771}
{568 662 891 892 1503 1504}
{568 766 769 799}
{568 842 891 1503}
{570 648 649 652 818 820}
{570 650 718 725 875 878}
{570 650 814 818 819 820}
{570 652 677 678 875 878}
{570 816 818 820}
{570 875 878 879}
{573 760 763 972 973 1481}
{573 972 1175 1176 1204 1205}
{573 1175 1176 1463}
{573 1175 1463 1476}
{580 611 724 726 734 735}
{580 611 1018 1065 1316 1408}
{580 650 718 724 725 726}
{580 650 1316 1318 1408 1411}
{580 724 726 727}
{580 1316 1317 1408}
{585 1198 1199 1254}
{585 1199 1254 1266}
{586 590 619 685}
{586 618 619 620 622 699}
{586 618 619 620 685 698}
{586 619 685 720}
{586 620 698 990}
{589 590 619 685}
{589 590 619 766 769}
{589 590 685 717}
{589 591 599 618 619}
{589 598 610 686 688}
{589 598 610 761 772}
{589 598 618 622}
{589 598 618 686 687}
{589 598 618 770 772}
{589 599 601 618}
{589 599 605 616 618}
{589 600 601 618}
{589 601 618 687}
{589 601 618 692}
{589 601 618 770}
{589 601 618 776}
{589 609 616 690 691}
{589 609 616 774}
{589 609 774 786}
{589 616 618 622}
{589 616 618 687 690}
{589 616 618 774}
{589 616 774 787 788}
{589 618 619 622}
{589 618 619 685}
{589 618 619 769 770}
{589 618 621 622}
{589 618 622 697}
{589 618 622 780}
{589 618 685 687}
{589 618 685 692}
{589 618 685 697}
{589 618 770 774}
{589 618 774 776}
{589 618 774 780}
{589 619 685 720 721}
{589 685 687 689}
{589 685 687 721 733}
{589 685 689 729}
{589 686 687 688 689}
{589 686 688 711}
{589 687 689 690 691}
{589 690 691 707}
{589 761 770 771 772}
{589 761 772 800}
{589 766 769 770 771}
{589 766 769 799}
{589 770 771 774}
{589 770 774 788 798}
{589 771 774 796}
{597 598 610 701 761 772}
{597 598 618 620 622 699}
{597 598 618 620 662 701 770 772}
{597 620 662 701 991 993 995 996}
{597 701 993 996 1337 1338}
{601 604 618 620 662 770}
{608 652 675 676 677 678}
{608 652 825 828 831 832}
{608 675 676 679}
{608 825 827 828}
{611 734 735 738}
{611 734 735 866 1102 1103}
{611 734 738 751}
{611 840 844 858 861 866}
{618 620 662 770 774 779}
{624 629 635 637 641 643}
{624 629 1211 1216 1231 1235}
{624 782 784 797 1005 1194}
{624 797 1211 1212 1215 1216}
{624 1211 1216 1254}
{624 1216 1254 1265}
{629 635 636 641}
{629 635 639 640 641 642}
{629 642 1231 1232 1235 1237}
{629 1231 1235 1236}
{636 857 1024 1335}
{642 648 661 793 815 818}
{642 793 1232 1237 1430 1440}
{642 1232 1237 1463}
{642 1237 1463 1474}
{650 718 723 725}
{650 723 725 742}
{652 677 678 1072}
{652 677 1072 1091}
{662 701 761 770 771 772}
{662 701 995 996 1337 1461}
{662 770 771 774}
{662 770 774 798}
{701 761 772 800}
{701 996 1317 1337}
{790 906 907 919 932 935 936 937}
{790 906 907 919 1538 1552 1553 1590}
{790 907 932 936 1050 1098}
{790 907 1516 1538 1589 1590}
{790 915 932 1050}
{790 919 932 935 1050 1069}
{790 919 1549 1552 1589 1590}
{790 1589 1590 1591}
{793 815 816 818}
{793 1430 1439 1440}
{797 915 1005 1194}
{797 986 1005 1006 1194 1195}
{797 986 1206 1207 1212 1215}
{797 1212 1215 1217}
{803 826 1140 1141 1142}
{803 826 1142 1185}
{803 826 1142 1221 1222}
{803 826 1173 1185}
{803 826 1173 1207 1212}
{803 826 1173 1231 1232}
{803 826 1185 1515}
{807 811 906 907 1015 1021 1029 1030}
{807 811 906 907 1512 1538 1553 1561}
{807 811 1015 1029 1070 1092}
{807 811 1509 1512 1514 1561}
{807 859 1029 1092}
{807 907 1029 1030 1092 1107}
{807 907 1512 1514 1516 1538}
{807 1512 1513 1514}
{811 812 880 906}
{811 869 906 920 1016 1017 1027 1028}
{811 869 906 920 1542 1553 1561 1599}
{811 869 1016 1017 1355 1401}
{811 869 1509 1511 1561 1599}
{811 880 906 1553 1561 1593}
{811 906 1300 1553 1556 1561}
{811 1509 1561 1593}
{811 1561 1593 1596}
{812 880 890 906}
{825 826 827 828}
{825 826 827 835}
{825 826 827 887}
{825 826 828 829 830}
{825 826 828 831 832}
{825 826 830 835 837}
{825 826 830 887}
{825 826 832 835 836}
{825 826 832 887}
{825 830 832 887 1026}
{826 827 887 985}
{826 827 985 1284}
{826 827 985 1383}
{826 834 1141 1142 1147}
{826 834 1142 1185}
{826 834 1142 1250 1269}
{826 834 1173 1185}
{826 834 1185 1515}
{826 834 1515 1516 1589}
{826 834 1515 1537 1566}
{826 838 839 843 844}
{826 839 844 861 912}
{826 839 844 887}
{826 840 841 843 844}
{826 840 844 858 861}
{826 840 844 887}
{826 842 843 844}
{826 842 844 861}
{826 842 844 887}
{826 842 887 891}
{826 842 891 1503}
{826 842 891 1532}
{826 848 941 944 982}
{826 887 891 892}
{826 887 891 894}
{826 887 927 988}
{826 887 941 942}
{826 887 941 976}
{826 887 941 982}
{826 887 983 988}
{826 887 984 985}
{826 887 985 1020}
{826 887 987 988}
{826 887 987 1001}
{826 887 997 1001}
{826 887 1001 1014}
{826 887 1143 1144}
{826 887 1143 1225}
{826 887 1143 1270}
{826 887 1183 1202}
{826 887 1183 1210}
{826 887 1183 1460}
{826 887 1520 1522}
{826 887 1522 1578}
{826 887 1522 1586}
{826 891 892 1503 1504}
{826 891 892 1532 1588}
{826 891 894 1502 1503}
{826 891 894 1532 1533}
{826 927 988 1313 1314}
{826 927 988 1529 1535}
{826 941 942 943 944}
{826 941 944 975 976}
{826 983 988 1313 1505}
{826 983 988 1535 1573}
{826 984 985 1284 1492}
{826 984 985 1383 1490}
{826 985 1020 1284 1385}
{826 985 1020 1383 1384}
{826 987 988 1313}
{826 987 988 1535}
{826 987 1001 1248}
{826 987 1001 1296}
{826 997 1001 1248 1424}
{826 997 1001 1296 1425}
{826 1001 1014 1245 1248}
{826 1001 1014 1292 1296}
{826 1141 1142 1145}
{826 1141 1142 1379}
{826 1141 1143 1144 1145}
{826 1142 1145 1222}
{826 1142 1145 1269}
{826 1142 1185 1193}
{826 1142 1185 1358}
{826 1142 1222 1249}
{826 1142 1222 1358 1374}
{826 1142 1269 1277}
{826 1142 1269 1358 1387}
{826 1143 1145 1222 1225}
{826 1143 1145 1269 1270}
{826 1173 1184 1198}
{826 1173 1184 1207}
{826 1173 1184 1232}
{826 1173 1185 1193}
{826 1173 1185 1358}
{826 1173 1193 1196 1198}
{826 1173 1193 1205 1207}
{826 1173 1198 1259}
{826 1173 1198 1358 1434}
{826 1173 1207 1444}
{826 1173 1232 1358 1430}
{826 1173 1232 1469}
{826 1183 1184 1198 1202}
{826 1183 1184 1207 1210}
{826 1183 1184 1232 1460}
{826 1185 1193 1515}
{826 1185 1358 1515}
{826 1193 1511 1515 1524}
{826 1193 1514 1515 1516}
{826 1358 1515 1524 1545}
{826 1358 1515 1537 1540}
{826 1515 1516 1521}
{826 1515 1516 1572}
{826 1515 1521 1524}
{826 1515 1521 1537}
{826 1515 1524 1579}
{826 1515 1537 1592}
{826 1516 1520 1521 1522}
{826 1521 1522 1524 1586}
{826 1521 1522 1537 1578}
{827 977 985 1284}
{839 840 844 887 1026}
{839 844 861 866 912 914}
{842 844 861 866}
{842 856 891 1532}
{848 929 940 948 952 954}
{851 852 881 883 1496 1526}
{851 852 1032 1035 1051 1053}
{851 883 910 1526}
{851 1051 1052 1053}
{852 856 891 892 1532 1588}
{852 856 1032 1035 1044 1045}
{852 1032 1034 1035}
{852 1034 1035 1038}
{856 1043 1044 1045}
{857 890 906 919 1023 1024 1025 1027}
{857 890 906 919 1552 1553 1565 1567}
{857 890 1023 1024 1335 1390}
{857 890 1537 1565 1566 1567}
{857 919 1024 1025 1335 1343}
{857 919 1549 1552 1565 1566}
{857 1565 1566 1568}
{859 860 865 1157}
{860 863 865 871 1157 1163}
{865 871 1140 1141 1148 1150}
{865 1140 1150 1152}
{866 914 1055 1059 1102 1103}
{866 1102 1103 1108}
{868 871 881 883 1497 1531}
{868 871 1141 1147 1148 1151}
{868 883 910 1531}
{868 1147 1151 1154}
{869 920 1017 1028 1355 1360}
{869 920 1511 1524 1542 1599}
{869 1511 1595 1599}
{871 1141 1148 1366}
{871 1148 1366 1369}
{880 890 906 1553 1567 1593}
{887 891 892 894 896}
{887 896 927 983 988}
{887 984 985 1019 1020}
{887 997 1001 1014 1019}
{890 906 1018 1021 1288 1290 1316 1318}
{890 906 1288 1290 1553 1562 1567 1574}
{890 906 1539 1543 1553 1567}
{890 1018 1071 1290 1316 1413}
{890 1290 1537 1540 1567 1574}
{890 1537 1567 1593}
{890 1567 1593 1598}
{898 905 925 926 946 953 1002 1003}
{898 905 925 926 1310 1432}
{898 905 943 945 959 960}
{898 905 946 947 951 953 959 960}
{898 946 947 949 950 959}
{898 946 962 990}
{899 908 911 1004}
{899 909 989 997 1001 1004 1014 1019}
{899 909 989 1004 1114 1115 1209 1213}
{899 909 1001 1014 1245 1248}
{899 909 1057 1061 1115 1213}
{899 911 1004 1054 1209 1213}
{899 1004 1133 1134 1209 1213}
{899 1054 1061 1213}
{899 1054 1171 1213}
{905 926 953 1002 1309 1310}
{905 926 1293 1310}
{905 945 951 953 960 1013}
{905 945 960 1322}
{906 907 908 1559}
{906 907 1538 1539 1543 1553}
{906 907 1538 1553 1558 1559}
{906 908 1288 1559}
{906 919 921 1022}
{906 919 921 1552 1553 1575}
{906 919 1300 1552 1553 1556}
{906 920 921 1022}
{906 920 921 1542 1553 1575}
{906 920 937 938 1287 1288 1298 1299}
{906 920 1287 1288 1542 1553 1562 1570}
{906 920 1539 1542 1543 1553}
{906 1288 1300 1553 1556 1562}
{906 1288 1553 1558 1559 1562}
{907 1516 1538 1558}
{907 1538 1558 1564}
{908 911 978 1004}
{909 987 1001 1248}
{909 989 997 1001 1248 1424}
{909 989 1057 1113 1114 1115}
{909 1057 1115 1192}
{910 972 973 1481}
{910 973 974 1485}
{911 978 1004 1054 1125 1209}
{914 973 974 994 1485 1486}
{914 974 1055 1056 1058 1059}
{914 1055 1059 1072}
{914 1055 1072 1084}
{919 1549 1552 1575}
{919 1552 1575 1580}
{920 938 1066 1287 1298 1394}
{920 1287 1524 1542 1545 1570}
{920 1524 1542 1575}
{920 1542 1575 1581}
{929 951 952 953 954 1013}
{929 952 954 1346}
{939 940 946 980}
{940 946 947 948 949 950}
{940 946 947 948 951 952 953 954}
{940 946 953 954 991 993 995 996}
{940 954 995 996 1330 1462}
{946 947 949 950 967 968}
{946 947 951 953 965 966}
{946 947 965 966 967 968}
{946 953 966 1010}
{946 966 967 1010}
{951 953 965 1013}
{951 953 965 1315}
{953 954 993 996 1330 1334}
{954 996 1317 1330}
{965 967 968 975}
{965 967 968 1363}
{972 973 986 994 1481 1483}
{972 986 1204 1205 1206 1207}
{972 1204 1205 1208}
{974 1056 1058 1063}
{977 978 984 985 1004 1007 1019 1020}
{977 978 984 985 1284 1492}
{977 978 1004 1007 1123 1124 1125 1209}
{977 978 1076 1080 1124 1125}
{977 985 1007 1020 1284 1385}
{977 1007 1080 1121 1123 1124}
{977 1080 1124 1421}
{978 1004 1109 1110 1125 1209}
{978 1054 1076 1125}
{978 1054 1125 1426}
{986 1206 1207 1443}
{986 1206 1443 1446}
{989 1004 1010 1011}
{989 1004 1011 1114 1120 1209}
{989 1004 1109 1110 1114 1209}
{989 1113 1114 1120}
{989 1114 1120 1395}
{1004 1007 1010 1011}
{1004 1007 1011 1120 1123 1209}
{1004 1007 1123 1133 1134 1209}
{1007 1120 1121 1123}
{1007 1120 1123 1362}
{1054 1061 1073 1129}
{1054 1061 1073 1213}
{1054 1073 1076 1082}
{1054 1073 1076 1125}
{1054 1073 1083 1125 1426}
{1054 1073 1083 1171 1213}
{1054 1073 1125 1209}
{1054 1073 1127 1209}
{1054 1073 1209 1213}
{1054 1073 1209 1214}
{1057 1061 1073 1115 1213}
{1057 1073 1113 1114 1115}
{1057 1073 1115 1192}
{1073 1076 1080 1124 1125}
{1073 1080 1121 1123 1124}
{1073 1080 1124 1421}
{1073 1109 1111 1209}
{1073 1109 1114 1209}
{1073 1109 1116 1209}
{1073 1109 1122 1209}
{1073 1109 1125 1209}
{1073 1109 1127 1209}
{1073 1111 1112 1123 1209}
{1073 1111 1118 1209 1213}
{1073 1113 1114 1120}
{1073 1113 1120 1319}
{1073 1114 1115 1209 1213}
{1073 1114 1119 1146 1209}
{1073 1114 1120 1209}
{1073 1114 1120 1272 1395}
{1073 1120 1121 1123}
{1073 1120 1121 1273}
{1073 1120 1122 1209}
{1073 1120 1123 1209}
{1073 1120 1123 1272 1362}
{1073 1120 1139 1209}
{1073 1123 1124 1125 1209}
{1073 1123 1133 1209}
{1073 1125 1126 1146 1209}
{1073 1133 1139 1209}
{1073 1133 1146 1209}
{1073 1133 1156 1209}
{1073 1133 1209 1213}
{1073 1133 1209 1214}
{1140 1141 1142 1148 1150}
{1140 1142 1150 1152}
{1140 1142 1150 1162 1165}
{1141 1142 1147 1148 1151}
{1141 1142 1148 1366}
{1141 1142 1366 1379}
{1142 1147 1151 1154}
{1142 1147 1151 1155 1160}
{1142 1148 1149 1161}
{1142 1148 1150 1161 1162}
{1142 1148 1151 1155 1161}
{1142 1148 1161 1366}
{1142 1148 1366 1367 1369}
{1142 1149 1161 1220}
{1142 1149 1161 1224}
{1142 1149 1161 1240}
{1142 1149 1161 1268}
{1142 1149 1161 1382}
{1142 1155 1160 1219}
{1142 1155 1160 1250 1251}
{1142 1155 1161 1219}
{1142 1155 1161 1227}
{1142 1155 1161 1240 1251}
{1142 1155 1219 1246 1247}
{1142 1160 1219 1242}
{1142 1161 1162 1223 1224}
{1142 1161 1162 1227}
{1142 1161 1162 1243}
{1142 1161 1219 1220}
{1142 1161 1219 1224}
{1142 1161 1219 1226}
{1142 1161 1224 1370 1375}
{1142 1161 1226 1227}
{1142 1161 1227 1267}
{1142 1161 1227 1370}
{1142 1161 1227 1372}
{1142 1161 1240 1243}
{1142 1161 1240 1370 1388}
{1142 1161 1243 1267}
{1142 1161 1243 1268}
{1142 1161 1366 1370}
{1142 1161 1366 1372}
{1142 1161 1366 1382}
{1142 1162 1165 1221 1223}
{1142 1162 1165 1243}
{1142 1162 1241 1243 1264}
{1142 1165 1243 1260}
{1142 1219 1222 1224}
{1142 1219 1222 1249}
{1142 1219 1224 1247 1255}
{1142 1221 1222 1223 1224}
{1142 1221 1223 1257}
{1142 1222 1224 1374 1375}
{1142 1239 1240 1241 1243}
{1142 1240 1243 1269}
{1142 1240 1250 1251 1269}
{1142 1240 1269 1387 1388}
{1142 1243 1269 1277}
{1142 1250 1251 1252}
{1142 1366 1367 1370 1371}
{1142 1366 1370 1373}
{1142 1366 1373 1392}
{1142 1370 1373 1374 1375}
{1142 1370 1373 1387 1388}
{1142 1374 1375 1376}
{1142 1387 1388 1389}
{1172 1173 1174 1175}
{1172 1173 1174 1216}
{1172 1173 1174 1263}
{1172 1173 1174 1428}
{1172 1173 1174 1449}
{1172 1173 1174 1473}
{1172 1173 1175 1197 1199}
{1172 1173 1175 1204 1206}
{1172 1173 1175 1463}
{1172 1173 1189 1199}
{1172 1173 1189 1206}
{1172 1173 1189 1237}
{1172 1173 1189 1258}
{1172 1173 1189 1445}
{1172 1173 1189 1468}
{1172 1173 1199 1254}
{1172 1173 1199 1428 1437}
{1172 1173 1206 1215 1216}
{1172 1173 1206 1443}
{1172 1173 1216 1235 1237}
{1172 1173 1216 1254}
{1172 1173 1237 1428 1440}
{1172 1173 1237 1463}
{1172 1173 1254 1258}
{1172 1173 1254 1263}
{1172 1173 1428 1443}
{1172 1173 1443 1445}
{1172 1173 1443 1449}
{1172 1173 1463 1468}
{1172 1173 1463 1473}
{1173 1175 1176 1196 1197}
{1173 1175 1176 1204 1205}
{1173 1175 1176 1463}
{1173 1175 1463 1464 1476}
{1173 1176 1463 1472}
{1173 1196 1197 1198 1199}
{1173 1196 1197 1200}
{1173 1198 1199 1254}
{1173 1198 1199 1434 1437}
{1173 1198 1254 1259}
{1173 1199 1254 1256 1266}
{1173 1204 1205 1206 1207}
{1173 1204 1205 1208}
{1173 1206 1207 1212 1215}
{1173 1206 1207 1443}
{1173 1206 1441 1443 1446}
{1173 1207 1443 1444}
{1173 1211 1212 1215 1216}
{1173 1211 1216 1231 1235}
{1173 1211 1216 1254}
{1173 1211 1254 1262}
{1173 1212 1215 1217}
{1173 1216 1254 1256 1265}
{1173 1231 1232 1235 1237}
{1173 1231 1235 1236}
{1173 1232 1237 1430 1440}
{1173 1232 1237 1463}
{1173 1232 1463 1469}
{1173 1237 1463 1464 1474}
{1173 1428 1429 1430 1440}
{1173 1428 1429 1434 1437}
{1173 1428 1429 1443}
{1173 1428 1441 1443 1447}
{1173 1429 1443 1450}
{1173 1430 1439 1440}
{1173 1434 1436 1437}
{1287 1288 1298 1299 1394 1397}
{1287 1288 1545 1562 1569 1570}
{1287 1293 1298 1394}
{1287 1545 1546 1570}
{1288 1290 1316 1318 1413 1414}
{1288 1290 1540 1562 1569 1574}
{1288 1558 1562 1563}
{1288 1558 1562 1569}
{1290 1316 1317 1413}
{1290 1540 1541 1574}
{1509 1511 1515 1561 1599}
{1509 1512 1514 1515 1561}
{1509 1515 1561 1593}
{1509 1515 1593 1601}
{1511 1515 1524 1542 1599}
{1511 1515 1595 1599}
{1512 1513 1514 1515}
{1512 1514 1515 1516 1538}
{1512 1515 1538 1553 1561}
{1515 1516 1538 1558}
{1515 1516 1538 1589 1590}
{1515 1516 1558 1572}
{1515 1524 1542 1545 1570}
{1515 1524 1542 1575}
{1515 1524 1575 1579}
{1515 1537 1540 1567 1574}
{1515 1537 1565 1566 1567}
{1515 1537 1567 1593}
{1515 1537 1592 1593}
{1515 1538 1539 1553}
{1515 1538 1552 1553 1590}
{1515 1538 1553 1558}
{1515 1538 1558 1560 1564}
{1515 1539 1542 1553}
{1515 1539 1553 1567}
{1515 1539 1553 1571}
{1515 1539 1553 1577}
{1515 1539 1553 1594}
{1515 1540 1541 1574}
{1515 1540 1562 1569 1574}
{1515 1542 1553 1561 1599}
{1515 1542 1553 1562 1570}
{1515 1542 1553 1575}
{1515 1542 1575 1576 1581}
{1515 1545 1546 1570}
{1515 1545 1562 1569 1570}
{1515 1549 1552 1565 1566}
{1515 1549 1552 1575}
{1515 1549 1552 1589 1590}
{1515 1549 1575 1583}
{1515 1552 1553 1556}
{1515 1552 1553 1565 1567}
{1515 1552 1553 1575}
{1515 1552 1575 1576 1580}
{1515 1553 1556 1561}
{1515 1553 1556 1562}
{1515 1553 1556 1584}
{1515 1553 1556 1585}
{1515 1553 1556 1602}
{1515 1553 1558 1562}
{1515 1553 1558 1571}
{1515 1553 1558 1585}
{1515 1553 1561 1593}
{1515 1553 1562 1567 1574}
{1515 1553 1567 1593}
{1515 1553 1575 1577}
{1515 1553 1575 1584}
{1515 1553 1593 1594}
{1515 1553 1593 1602}
{1515 1558 1560 1562 1563}
{1515 1558 1562 1569}
{1515 1558 1569 1587}
{1515 1561 1593 1596 1597}
{1515 1565 1566 1568}
{1515 1567 1593 1597 1598}
{1515 1589 1590 1591}
